// AUTO-GENERATED KPK WDL bitbase (retrograde, verified vs lichess tablebase).
// index(wk,bk,pawn,stm) = ((wk*64+bk)*64+pawn)*2+stm ; bit=1 => pawn side wins.
// 65536 bytes, NO symmetry folding (simplest indexing = fewest bugs).
#pragma once
#include <cstdint>
inline bool kpk_white_wins(int wk, int bk, int pawn, int stm_white) {
    static const uint8_t T[65536] = {
        0x00,0x00,0x00,0x00,0x00,0x00,0x00,0x00,0x00,0x00,0x00,0x00,0x00,0x00,0x00,0x00,
        0x00,0x00,0x00,0x00,0x00,0x00,0x00,0x00,0x00,0x00,0x00,0x00,0x00,0x00,0x00,0x00,
        0x00,0x00,0x5f,0xff,0xff,0xff,0xff,0xff,0xff,0xff,0xff,0xff,0xff,0xff,0x00,0x00,
        0x00,0x00,0x5f,0xfd,0xff,0xff,0xff,0xff,0xff,0xff,0xff,0xff,0xff,0xff,0x00,0x00,
        0x00,0x00,0x7f,0xf5,0xff,0xff,0xff,0xff,0xff,0xff,0xff,0xff,0xff,0xff,0x00,0x00,
        0x00,0x00,0xff,0xd5,0xff,0xff,0xff,0xff,0xff,0xff,0xff,0xff,0xff,0xff,0x00,0x00,
        0x00,0x00,0xff,0x57,0xff,0xff,0xff,0xff,0xff,0xff,0xff,0xff,0xff,0xff,0x00,0x00,
        0x00,0x00,0xff,0x5f,0xff,0xff,0xff,0xff,0xff,0xff,0xff,0xff,0xff,0xff,0x00,0x00,
        0x00,0x00,0x00,0x00,0x00,0x00,0x00,0x00,0x00,0x00,0x00,0x00,0x00,0x00,0x00,0x00,
        0x00,0x00,0x00,0x00,0x00,0x00,0x00,0x00,0x00,0x00,0x00,0x00,0x00,0x00,0x00,0x00,
        0x00,0x00,0x45,0x55,0x55,0x55,0xff,0xff,0xff,0xff,0xff,0xff,0xff,0xff,0x00,0x00,
        0x00,0x00,0x1d,0x55,0x55,0x55,0xff,0xff,0xff,0xff,0xff,0xff,0xff,0xff,0x00,0x00,
        0x00,0x00,0x7d,0x54,0x5d,0x55,0xff,0xff,0xff,0xff,0xff,0xff,0xff,0xff,0x00,0x00,
        0x00,0x00,0xfd,0x51,0x7d,0x55,0xff,0xff,0xff,0xff,0xff,0xff,0xff,0xff,0x00,0x00,
        0x00,0x00,0xff,0x45,0xff,0x55,0xff,0xff,0xff,0xff,0xff,0xff,0xff,0xff,0x00,0x00,
        0x00,0x00,0xff,0x15,0xff,0x55,0xff,0xff,0xff,0xff,0xff,0xff,0xff,0xff,0x00,0x00,
        0x00,0x00,0x00,0xf4,0x00,0xf4,0x55,0xfd,0xff,0xff,0xff,0xff,0xff,0xff,0x00,0x00,
        0x00,0x00,0x00,0xd0,0x00,0xd0,0x55,0xf5,0xff,0xff,0xff,0xff,0xff,0xff,0x00,0x00,
        0x00,0x00,0x00,0x40,0x00,0x40,0x55,0xd5,0xff,0xff,0xff,0xff,0xff,0xff,0x00,0x00,
        0x00,0x00,0x04,0x00,0x04,0x00,0x55,0x55,0xff,0xff,0xff,0xff,0xff,0xff,0x00,0x00,
        0x00,0x00,0x1c,0x00,0x14,0x00,0x55,0x55,0xff,0xff,0xff,0xff,0xff,0xff,0x00,0x00,
        0x00,0x00,0x7d,0x00,0x5d,0x00,0x57,0x55,0xff,0xff,0xff,0xff,0xff,0xff,0x00,0x00,
        0x00,0x00,0xff,0x00,0x7f,0x00,0x5f,0x55,0xff,0xff,0xff,0xff,0xff,0xff,0x00,0x00,
        0x00,0x00,0xff,0x01,0xff,0x01,0x7f,0x55,0xff,0xff,0xff,0xff,0xff,0xff,0x00,0x00,
        0x00,0x00,0x00,0xf4,0x00,0xf4,0x00,0xfd,0x55,0xff,0xff,0xff,0xff,0xff,0x00,0x00,
        0x00,0x00,0x00,0xd0,0x00,0xd0,0x00,0xf4,0x55,0xfd,0xff,0xff,0xff,0xff,0x00,0x00,
        0x00,0x00,0x00,0x40,0x00,0x40,0x00,0xd0,0x55,0xf5,0xff,0xff,0xff,0xff,0x00,0x00,
        0x00,0x00,0x04,0x00,0x00,0x00,0x00,0x40,0x55,0xd5,0xff,0xff,0xff,0xff,0x00,0x00,
        0x00,0x00,0x1c,0x00,0x04,0x00,0x01,0x00,0x57,0x55,0xff,0xff,0xff,0xff,0x00,0x00,
        0x00,0x00,0x7d,0x00,0x1d,0x00,0x07,0x00,0x5f,0x55,0xff,0xff,0xff,0xff,0x00,0x00,
        0x00,0x00,0xff,0x00,0x7f,0x00,0x1f,0x00,0x7f,0x55,0xff,0xff,0xff,0xff,0x00,0x00,
        0x00,0x00,0xff,0x01,0xff,0x01,0x7f,0x00,0xff,0x55,0xff,0xff,0xff,0xff,0x00,0x00,
        0x00,0x00,0x00,0xf4,0x00,0xf4,0x00,0xfd,0x40,0xff,0xd5,0xff,0xff,0xff,0x00,0x00,
        0x00,0x00,0x00,0xd0,0x00,0xd0,0x00,0xf4,0x00,0xfd,0x55,0xff,0xff,0xff,0x00,0x00,
        0x00,0x00,0x00,0x40,0x00,0x40,0x00,0xd0,0x00,0xf4,0x55,0xfd,0xff,0xff,0x00,0x00,
        0x00,0x00,0x04,0x00,0x00,0x00,0x00,0x40,0x01,0xd0,0x57,0xf5,0xff,0xff,0x00,0x00,
        0x00,0x00,0x1c,0x00,0x04,0x00,0x01,0x00,0x07,0x40,0x5f,0xd5,0xff,0xff,0x00,0x00,
        0x00,0x00,0x7d,0x00,0x1d,0x00,0x07,0x00,0x1f,0x00,0x7f,0x55,0xff,0xff,0x00,0x00,
        0x00,0x00,0xff,0x00,0x7f,0x00,0x1f,0x00,0x7f,0x00,0xff,0x55,0xff,0xff,0x00,0x00,
        0x00,0x00,0xff,0x01,0xff,0x01,0x7f,0x00,0xff,0x01,0xff,0x57,0xff,0xff,0x00,0x00,
        0x00,0x00,0x00,0xf4,0x00,0xf4,0x00,0xfd,0x40,0xff,0xd0,0xff,0xf5,0xff,0x00,0x00,
        0x00,0x00,0x00,0xd0,0x00,0xd0,0x00,0xf4,0x00,0xfd,0x40,0xff,0xd5,0xff,0x00,0x00,
        0x00,0x00,0x00,0x40,0x00,0x40,0x00,0xd0,0x00,0xf4,0x01,0xfd,0x57,0xff,0x00,0x00,
        0x00,0x00,0x04,0x00,0x00,0x00,0x00,0x40,0x01,0xd0,0x07,0xf4,0x5f,0xfd,0x00,0x00,
        0x00,0x00,0x1c,0x00,0x04,0x00,0x01,0x00,0x07,0x40,0x1f,0xd0,0x7f,0xf5,0x00,0x00,
        0x00,0x00,0x7d,0x00,0x1d,0x00,0x07,0x00,0x1f,0x00,0x7f,0x40,0xff,0xd5,0x00,0x00,
        0x00,0x00,0xff,0x00,0x7f,0x00,0x1f,0x00,0x7f,0x00,0xff,0x01,0xff,0x57,0x00,0x00,
        0x00,0x00,0xff,0x01,0xff,0x01,0x7f,0x00,0xff,0x01,0xff,0x07,0xff,0x5f,0x00,0x00,
        0x00,0x00,0x00,0xf4,0x00,0xf4,0x00,0xfd,0x40,0xff,0xd0,0xff,0xf4,0xff,0x00,0x00,
        0x00,0x00,0x00,0xd0,0x00,0xd0,0x00,0xf4,0x00,0xfd,0x40,0xff,0xd1,0xff,0x00,0x00,
        0x00,0x00,0x00,0x40,0x00,0x40,0x00,0xd0,0x00,0xf4,0x01,0xfd,0x47,0xff,0x00,0x00,
        0x00,0x00,0x04,0x00,0x00,0x00,0x00,0x40,0x01,0xd0,0x07,0xf4,0x1f,0xfd,0x00,0x00,
        0x00,0x00,0x1c,0x00,0x04,0x00,0x01,0x00,0x07,0x40,0x1f,0xd0,0x7f,0xf4,0x00,0x00,
        0x00,0x00,0x7d,0x00,0x1d,0x00,0x07,0x00,0x1f,0x00,0x7f,0x40,0xff,0xd1,0x00,0x00,
        0x00,0x00,0xff,0x00,0x7f,0x00,0x1f,0x00,0x7f,0x00,0xff,0x01,0xff,0x47,0x00,0x00,
        0x00,0x00,0xff,0x01,0xff,0x01,0x7f,0x00,0xff,0x01,0xff,0x07,0xff,0x1f,0x00,0x00,
        0x00,0x00,0x54,0xf5,0x00,0xf4,0x00,0xfd,0x40,0xff,0xd0,0xff,0xf0,0xff,0x00,0x00,
        0x00,0x00,0x54,0xd5,0x00,0xd0,0x00,0xf4,0x00,0xfd,0x40,0xff,0xc0,0xff,0x00,0x00,
        0x00,0x00,0x54,0x41,0x00,0x40,0x00,0xd0,0x00,0xf4,0x01,0xfd,0x03,0xff,0x00,0x00,
        0x00,0x00,0x54,0x01,0x00,0x00,0x00,0x40,0x01,0xd0,0x07,0xf4,0x0f,0xfc,0x00,0x00,
        0x00,0x00,0x5c,0x01,0x04,0x00,0x01,0x00,0x07,0x40,0x1f,0xd0,0x3f,0xf0,0x00,0x00,
        0x00,0x00,0x7d,0x01,0x1d,0x00,0x07,0x00,0x1f,0x00,0x7f,0x40,0xff,0xc0,0x00,0x00,
        0x00,0x00,0xff,0x01,0x7f,0x00,0x1f,0x00,0x7f,0x00,0xff,0x01,0xff,0x03,0x00,0x00,
        0x00,0x00,0xff,0x01,0xff,0x01,0x7f,0x00,0xff,0x01,0xff,0x07,0xff,0x0f,0x00,0x00,
        0x00,0x00,0x00,0x00,0x00,0x00,0x00,0x00,0x00,0x00,0x00,0x00,0x00,0x00,0x00,0x00,
        0x00,0x00,0x00,0x00,0x00,0x00,0x00,0x00,0x00,0x00,0x00,0x00,0x00,0x00,0x00,0x00,
        0x00,0x00,0x00,0x00,0x00,0x00,0x00,0x00,0x00,0x00,0x00,0x00,0x00,0x00,0x00,0x00,
        0x00,0x00,0x7f,0xfd,0xff,0xff,0xff,0xff,0xff,0xff,0xff,0xff,0xff,0xff,0x00,0x00,
        0x00,0x00,0x7f,0xf5,0xff,0xff,0xff,0xff,0xff,0xff,0xff,0xff,0xff,0xff,0x00,0x00,
        0x00,0x00,0xff,0xd5,0xff,0xff,0xff,0xff,0xff,0xff,0xff,0xff,0xff,0xff,0x00,0x00,
        0x00,0x00,0xff,0x57,0xff,0xff,0xff,0xff,0xff,0xff,0xff,0xff,0xff,0xff,0x00,0x00,
        0x00,0x00,0xff,0x5f,0xff,0xff,0xff,0xff,0xff,0xff,0xff,0xff,0xff,0xff,0x00,0x00,
        0x00,0x00,0x00,0x00,0x00,0x00,0x00,0x00,0x00,0x00,0x00,0x00,0x00,0x00,0x00,0x00,
        0x00,0x00,0x00,0x00,0x00,0x00,0x00,0x00,0x00,0x00,0x00,0x00,0x00,0x00,0x00,0x00,
        0x00,0x00,0x00,0x00,0x00,0x00,0x00,0x00,0x00,0x00,0x00,0x00,0x00,0x00,0x00,0x00,
        0x00,0x00,0x1d,0x55,0x55,0x55,0xff,0xff,0xff,0xff,0xff,0xff,0xff,0xff,0x00,0x00,
        0x00,0x00,0x7d,0x54,0x5d,0x55,0xff,0xff,0xff,0xff,0xff,0xff,0xff,0xff,0x00,0x00,
        0x00,0x00,0xfd,0x51,0x7d,0x55,0xff,0xff,0xff,0xff,0xff,0xff,0xff,0xff,0x00,0x00,
        0x00,0x00,0xff,0x47,0xff,0x55,0xff,0xff,0xff,0xff,0xff,0xff,0xff,0xff,0x00,0x00,
        0x00,0x00,0xff,0x17,0xff,0x57,0xff,0xff,0xff,0xff,0xff,0xff,0xff,0xff,0x00,0x00,
        0x00,0x00,0x40,0xf5,0x10,0xf5,0x55,0xfd,0xff,0xff,0xff,0xff,0xff,0xff,0x00,0x00,
        0x00,0x00,0x00,0xd0,0x00,0xd0,0x55,0xf5,0xff,0xff,0xff,0xff,0xff,0xff,0x00,0x00,
        0x00,0x00,0x00,0x40,0x00,0x40,0x55,0xd5,0xff,0xff,0xff,0xff,0xff,0xff,0x00,0x00,
        0x00,0x00,0x04,0x00,0x04,0x00,0x55,0x55,0xff,0xff,0xff,0xff,0xff,0xff,0x00,0x00,
        0x00,0x00,0x1c,0x00,0x14,0x00,0x55,0x55,0xff,0xff,0xff,0xff,0xff,0xff,0x00,0x00,
        0x00,0x00,0x7d,0x00,0x5d,0x00,0x57,0x55,0xff,0xff,0xff,0xff,0xff,0xff,0x00,0x00,
        0x00,0x00,0xff,0x01,0x7f,0x01,0x5f,0x55,0xff,0xff,0xff,0xff,0xff,0xff,0x00,0x00,
        0x00,0x00,0xff,0x03,0xff,0x01,0x7f,0x55,0xff,0xff,0xff,0xff,0xff,0xff,0x00,0x00,
        0x00,0x00,0x40,0xf5,0x00,0xf5,0x00,0xfd,0x55,0xff,0xff,0xff,0xff,0xff,0x00,0x00,
        0x00,0x00,0x00,0xd0,0x00,0xd0,0x00,0xf4,0x55,0xfd,0xff,0xff,0xff,0xff,0x00,0x00,
        0x00,0x00,0x00,0x40,0x00,0x40,0x00,0xd0,0x55,0xf5,0xff,0xff,0xff,0xff,0x00,0x00,
        0x00,0x00,0x04,0x00,0x00,0x00,0x00,0x40,0x55,0xd5,0xff,0xff,0xff,0xff,0x00,0x00,
        0x00,0x00,0x1c,0x00,0x04,0x00,0x01,0x00,0x57,0x55,0xff,0xff,0xff,0xff,0x00,0x00,
        0x00,0x00,0x7d,0x00,0x1d,0x00,0x07,0x00,0x5f,0x55,0xff,0xff,0xff,0xff,0x00,0x00,
        0x00,0x00,0xff,0x01,0x7f,0x00,0x1f,0x00,0x7f,0x55,0xff,0xff,0xff,0xff,0x00,0x00,
        0x00,0x00,0xff,0x03,0xff,0x01,0x7f,0x00,0xff,0x55,0xff,0xff,0xff,0xff,0x00,0x00,
        0x00,0x00,0x40,0xf5,0x00,0xf5,0x00,0xfd,0x40,0xff,0xd5,0xff,0xff,0xff,0x00,0x00,
        0x00,0x00,0x00,0xd0,0x00,0xd0,0x00,0xf4,0x00,0xfd,0x55,0xff,0xff,0xff,0x00,0x00,
        0x00,0x00,0x00,0x40,0x00,0x40,0x00,0xd0,0x00,0xf4,0x55,0xfd,0xff,0xff,0x00,0x00,
        0x00,0x00,0x04,0x00,0x00,0x00,0x00,0x40,0x01,0xd0,0x57,0xf5,0xff,0xff,0x00,0x00,
        0x00,0x00,0x1c,0x00,0x04,0x00,0x01,0x00,0x07,0x40,0x5f,0xd5,0xff,0xff,0x00,0x00,
        0x00,0x00,0x7d,0x00,0x1d,0x00,0x07,0x00,0x1f,0x00,0x7f,0x55,0xff,0xff,0x00,0x00,
        0x00,0x00,0xff,0x01,0x7f,0x00,0x1f,0x00,0x7f,0x00,0xff,0x55,0xff,0xff,0x00,0x00,
        0x00,0x00,0xff,0x03,0xff,0x01,0x7f,0x00,0xff,0x01,0xff,0x57,0xff,0xff,0x00,0x00,
        0x00,0x00,0x40,0xf5,0x00,0xf5,0x00,0xfd,0x40,0xff,0xd0,0xff,0xf5,0xff,0x00,0x00,
        0x00,0x00,0x00,0xd0,0x00,0xd0,0x00,0xf4,0x00,0xfd,0x40,0xff,0xd5,0xff,0x00,0x00,
        0x00,0x00,0x00,0x40,0x00,0x40,0x00,0xd0,0x00,0xf4,0x01,0xfd,0x57,0xff,0x00,0x00,
        0x00,0x00,0x04,0x00,0x00,0x00,0x00,0x40,0x01,0xd0,0x07,0xf4,0x5f,0xfd,0x00,0x00,
        0x00,0x00,0x1c,0x00,0x04,0x00,0x01,0x00,0x07,0x40,0x1f,0xd0,0x7f,0xf5,0x00,0x00,
        0x00,0x00,0x7d,0x00,0x1d,0x00,0x07,0x00,0x1f,0x00,0x7f,0x40,0xff,0xd5,0x00,0x00,
        0x00,0x00,0xff,0x01,0x7f,0x00,0x1f,0x00,0x7f,0x00,0xff,0x01,0xff,0x57,0x00,0x00,
        0x00,0x00,0xff,0x03,0xff,0x01,0x7f,0x00,0xff,0x01,0xff,0x07,0xff,0x5f,0x00,0x00,
        0x00,0x00,0x40,0xf5,0x00,0xf5,0x00,0xfd,0x40,0xff,0xd0,0xff,0xf4,0xff,0x00,0x00,
        0x00,0x00,0x00,0xd0,0x00,0xd0,0x00,0xf4,0x00,0xfd,0x40,0xff,0xd1,0xff,0x00,0x00,
        0x00,0x00,0x00,0x40,0x00,0x40,0x00,0xd0,0x00,0xf4,0x01,0xfd,0x47,0xff,0x00,0x00,
        0x00,0x00,0x04,0x00,0x00,0x00,0x00,0x40,0x01,0xd0,0x07,0xf4,0x1f,0xfd,0x00,0x00,
        0x00,0x00,0x1c,0x00,0x04,0x00,0x01,0x00,0x07,0x40,0x1f,0xd0,0x7f,0xf4,0x00,0x00,
        0x00,0x00,0x7d,0x00,0x1d,0x00,0x07,0x00,0x1f,0x00,0x7f,0x40,0xff,0xd1,0x00,0x00,
        0x00,0x00,0xff,0x01,0x7f,0x00,0x1f,0x00,0x7f,0x00,0xff,0x01,0xff,0x47,0x00,0x00,
        0x00,0x00,0xff,0x03,0xff,0x01,0x7f,0x00,0xff,0x01,0xff,0x07,0xff,0x1f,0x00,0x00,
        0x00,0x00,0x54,0xf5,0x00,0xf5,0x00,0xfd,0x40,0xff,0xd0,0xff,0xf0,0xff,0x00,0x00,
        0x00,0x00,0x54,0xd5,0x00,0xd0,0x00,0xf4,0x00,0xfd,0x40,0xff,0xc0,0xff,0x00,0x00,
        0x00,0x00,0x54,0x55,0x00,0x40,0x00,0xd0,0x00,0xf4,0x01,0xfd,0x03,0xff,0x00,0x00,
        0x00,0x00,0x54,0x05,0x00,0x00,0x00,0x40,0x01,0xd0,0x07,0xf4,0x0f,0xfc,0x00,0x00,
        0x00,0x00,0x5c,0x05,0x04,0x00,0x01,0x00,0x07,0x40,0x1f,0xd0,0x3f,0xf0,0x00,0x00,
        0x00,0x00,0x7d,0x05,0x1d,0x00,0x07,0x00,0x1f,0x00,0x7f,0x40,0xff,0xc0,0x00,0x00,
        0x00,0x00,0xff,0x05,0x7f,0x00,0x1f,0x00,0x7f,0x00,0xff,0x01,0xff,0x03,0x00,0x00,
        0x00,0x00,0xff,0x07,0xff,0x01,0x7f,0x00,0xff,0x01,0xff,0x07,0xff,0x0f,0x00,0x00,
        0x00,0x00,0xfd,0xff,0xff,0xff,0xff,0xff,0xff,0xff,0xff,0xff,0xff,0xff,0x00,0x00,
        0x00,0x00,0x00,0x00,0x00,0x00,0x00,0x00,0x00,0x00,0x00,0x00,0x00,0x00,0x00,0x00,
        0x00,0x00,0x00,0x00,0x00,0x00,0x00,0x00,0x00,0x00,0x00,0x00,0x00,0x00,0x00,0x00,
        0x00,0x00,0x00,0x00,0x00,0x00,0x00,0x00,0x00,0x00,0x00,0x00,0x00,0x00,0x00,0x00,
        0x00,0x00,0xff,0xf5,0xff,0xff,0xff,0xff,0xff,0xff,0xff,0xff,0xff,0xff,0x00,0x00,
        0x00,0x00,0xff,0xd5,0xff,0xff,0xff,0xff,0xff,0xff,0xff,0xff,0xff,0xff,0x00,0x00,
        0x00,0x00,0xff,0x57,0xff,0xff,0xff,0xff,0xff,0xff,0xff,0xff,0xff,0xff,0x00,0x00,
        0x00,0x00,0xff,0x5f,0xff,0xff,0xff,0xff,0xff,0xff,0xff,0xff,0xff,0xff,0x00,0x00,
        0x00,0x00,0x74,0xff,0xd5,0xfd,0xff,0xff,0xff,0xff,0xff,0xff,0xff,0xff,0x00,0x00,
        0x00,0x00,0x00,0x00,0x00,0x00,0x00,0x00,0x00,0x00,0x00,0x00,0x00,0x00,0x00,0x00,
        0x00,0x00,0x00,0x00,0x00,0x00,0x00,0x00,0x00,0x00,0x00,0x00,0x00,0x00,0x00,0x00,
        0x00,0x00,0x00,0x00,0x00,0x00,0x00,0x00,0x00,0x00,0x00,0x00,0x00,0x00,0x00,0x00,
        0x00,0x00,0x75,0x54,0x5d,0x55,0xff,0xff,0xff,0xff,0xff,0xff,0xff,0xff,0x00,0x00,
        0x00,0x00,0xfd,0x51,0x7d,0x55,0xff,0xff,0xff,0xff,0xff,0xff,0xff,0xff,0x00,0x00,
        0x00,0x00,0xff,0x47,0xff,0x55,0xff,0xff,0xff,0xff,0xff,0xff,0xff,0xff,0x00,0x00,
        0x00,0x00,0xff,0x1f,0xff,0x57,0xff,0xff,0xff,0xff,0xff,0xff,0xff,0xff,0x00,0x00,
        0x00,0x00,0x50,0xff,0x50,0xfd,0x55,0xfd,0xff,0xff,0xff,0xff,0xff,0xff,0x00,0x00,
        0x00,0x00,0x00,0xd5,0x40,0xd4,0x55,0xf5,0xff,0xff,0xff,0xff,0xff,0xff,0x00,0x00,
        0x00,0x00,0x00,0x40,0x00,0x40,0x55,0xd5,0xff,0xff,0xff,0xff,0xff,0xff,0x00,0x00,
        0x00,0x00,0x00,0x00,0x04,0x00,0x55,0x55,0xff,0xff,0xff,0xff,0xff,0xff,0x00,0x00,
        0x00,0x00,0x14,0x00,0x14,0x00,0x55,0x55,0xff,0xff,0xff,0xff,0xff,0xff,0x00,0x00,
        0x00,0x00,0x7d,0x00,0x5d,0x00,0x57,0x55,0xff,0xff,0xff,0xff,0xff,0xff,0x00,0x00,
        0x00,0x00,0xff,0x01,0x7f,0x01,0x5f,0x55,0xff,0xff,0xff,0xff,0xff,0xff,0x00,0x00,
        0x00,0x00,0xff,0x07,0xff,0x05,0x7f,0x55,0xff,0xff,0xff,0xff,0xff,0xff,0x00,0x00,
        0x00,0x00,0x50,0xff,0x40,0xfd,0x00,0xfd,0x55,0xff,0xff,0xff,0xff,0xff,0x00,0x00,
        0x00,0x00,0x00,0xd5,0x00,0xd4,0x00,0xf4,0x55,0xfd,0xff,0xff,0xff,0xff,0x00,0x00,
        0x00,0x00,0x00,0x40,0x00,0x40,0x00,0xd0,0x55,0xf5,0xff,0xff,0xff,0xff,0x00,0x00,
        0x00,0x00,0x00,0x00,0x00,0x00,0x00,0x40,0x55,0xd5,0xff,0xff,0xff,0xff,0x00,0x00,
        0x00,0x00,0x14,0x00,0x04,0x00,0x01,0x00,0x57,0x55,0xff,0xff,0xff,0xff,0x00,0x00,
        0x00,0x00,0x7d,0x00,0x1d,0x00,0x07,0x00,0x5f,0x55,0xff,0xff,0xff,0xff,0x00,0x00,
        0x00,0x00,0xff,0x01,0x7f,0x00,0x1f,0x00,0x7f,0x55,0xff,0xff,0xff,0xff,0x00,0x00,
        0x00,0x00,0xff,0x07,0xff,0x01,0x7f,0x00,0xff,0x55,0xff,0xff,0xff,0xff,0x00,0x00,
        0x00,0x00,0x50,0xff,0x40,0xfd,0x00,0xfd,0x40,0xff,0xd5,0xff,0xff,0xff,0x00,0x00,
        0x00,0x00,0x00,0xd5,0x00,0xd4,0x00,0xf4,0x00,0xfd,0x55,0xff,0xff,0xff,0x00,0x00,
        0x00,0x00,0x00,0x40,0x00,0x40,0x00,0xd0,0x00,0xf4,0x55,0xfd,0xff,0xff,0x00,0x00,
        0x00,0x00,0x00,0x00,0x00,0x00,0x00,0x40,0x01,0xd0,0x57,0xf5,0xff,0xff,0x00,0x00,
        0x00,0x00,0x14,0x00,0x04,0x00,0x01,0x00,0x07,0x40,0x5f,0xd5,0xff,0xff,0x00,0x00,
        0x00,0x00,0x7d,0x00,0x1d,0x00,0x07,0x00,0x1f,0x00,0x7f,0x55,0xff,0xff,0x00,0x00,
        0x00,0x00,0xff,0x01,0x7f,0x00,0x1f,0x00,0x7f,0x00,0xff,0x55,0xff,0xff,0x00,0x00,
        0x00,0x00,0xff,0x07,0xff,0x01,0x7f,0x00,0xff,0x01,0xff,0x57,0xff,0xff,0x00,0x00,
        0x00,0x00,0x50,0xff,0x40,0xfd,0x00,0xfd,0x40,0xff,0xd0,0xff,0xf5,0xff,0x00,0x00,
        0x00,0x00,0x00,0xd5,0x00,0xd4,0x00,0xf4,0x00,0xfd,0x40,0xff,0xd5,0xff,0x00,0x00,
        0x00,0x00,0x00,0x40,0x00,0x40,0x00,0xd0,0x00,0xf4,0x01,0xfd,0x57,0xff,0x00,0x00,
        0x00,0x00,0x00,0x00,0x00,0x00,0x00,0x40,0x01,0xd0,0x07,0xf4,0x5f,0xfd,0x00,0x00,
        0x00,0x00,0x14,0x00,0x04,0x00,0x01,0x00,0x07,0x40,0x1f,0xd0,0x7f,0xf5,0x00,0x00,
        0x00,0x00,0x7d,0x00,0x1d,0x00,0x07,0x00,0x1f,0x00,0x7f,0x40,0xff,0xd5,0x00,0x00,
        0x00,0x00,0xff,0x01,0x7f,0x00,0x1f,0x00,0x7f,0x00,0xff,0x01,0xff,0x57,0x00,0x00,
        0x00,0x00,0xff,0x07,0xff,0x01,0x7f,0x00,0xff,0x01,0xff,0x07,0xff,0x5f,0x00,0x00,
        0x00,0x00,0x50,0xff,0x40,0xfd,0x00,0xfd,0x40,0xff,0xd0,0xff,0xf4,0xff,0x00,0x00,
        0x00,0x00,0x00,0xd5,0x00,0xd4,0x00,0xf4,0x00,0xfd,0x40,0xff,0xd1,0xff,0x00,0x00,
        0x00,0x00,0x00,0x40,0x00,0x40,0x00,0xd0,0x00,0xf4,0x01,0xfd,0x47,0xff,0x00,0x00,
        0x00,0x00,0x00,0x00,0x00,0x00,0x00,0x40,0x01,0xd0,0x07,0xf4,0x1f,0xfd,0x00,0x00,
        0x00,0x00,0x14,0x00,0x04,0x00,0x01,0x00,0x07,0x40,0x1f,0xd0,0x7f,0xf4,0x00,0x00,
        0x00,0x00,0x7d,0x00,0x1d,0x00,0x07,0x00,0x1f,0x00,0x7f,0x40,0xff,0xd1,0x00,0x00,
        0x00,0x00,0xff,0x01,0x7f,0x00,0x1f,0x00,0x7f,0x00,0xff,0x01,0xff,0x47,0x00,0x00,
        0x00,0x00,0xff,0x07,0xff,0x01,0x7f,0x00,0xff,0x01,0xff,0x07,0xff,0x1f,0x00,0x00,
        0x00,0x00,0x54,0xff,0x40,0xfd,0x00,0xfd,0x40,0xff,0xd0,0xff,0xf0,0xff,0x00,0x00,
        0x00,0x00,0x54,0xd5,0x00,0xd4,0x00,0xf4,0x00,0xfd,0x40,0xff,0xc0,0xff,0x00,0x00,
        0x00,0x00,0x54,0x55,0x00,0x40,0x00,0xd0,0x00,0xf4,0x01,0xfd,0x03,0xff,0x00,0x00,
        0x00,0x00,0x54,0x15,0x00,0x00,0x00,0x40,0x01,0xd0,0x07,0xf4,0x0f,0xfc,0x00,0x00,
        0x00,0x00,0x54,0x15,0x04,0x00,0x01,0x00,0x07,0x40,0x1f,0xd0,0x3f,0xf0,0x00,0x00,
        0x00,0x00,0x7d,0x15,0x1d,0x00,0x07,0x00,0x1f,0x00,0x7f,0x40,0xff,0xc0,0x00,0x00,
        0x00,0x00,0xff,0x15,0x7f,0x00,0x1f,0x00,0x7f,0x00,0xff,0x01,0xff,0x03,0x00,0x00,
        0x00,0x00,0xff,0x17,0xff,0x01,0x7f,0x00,0xff,0x01,0xff,0x07,0xff,0x0f,0x00,0x00,
        0x00,0x00,0xf5,0xff,0xff,0xff,0xff,0xff,0xff,0xff,0xff,0xff,0xff,0xff,0x00,0x00,
        0x00,0x00,0xf5,0xff,0xff,0xff,0xff,0xff,0xff,0xff,0xff,0xff,0xff,0xff,0x00,0x00,
        0x00,0x00,0x00,0x00,0x00,0x00,0x00,0x00,0x00,0x00,0x00,0x00,0x00,0x00,0x00,0x00,
        0x00,0x00,0x00,0x00,0x00,0x00,0x00,0x00,0x00,0x00,0x00,0x00,0x00,0x00,0x00,0x00,
        0x00,0x00,0x00,0x00,0x00,0x00,0x00,0x00,0x00,0x00,0x00,0x00,0x00,0x00,0x00,0x00,
        0x00,0x00,0xff,0xd7,0xff,0xff,0xff,0xff,0xff,0xff,0xff,0xff,0xff,0xff,0x00,0x00,
        0x00,0x00,0xff,0x57,0xff,0xff,0xff,0xff,0xff,0xff,0xff,0xff,0xff,0xff,0x00,0x00,
        0x00,0x00,0xff,0x5f,0xff,0xff,0xff,0xff,0xff,0xff,0xff,0xff,0xff,0xff,0x00,0x00,
        0x00,0x00,0xf4,0xff,0xd5,0xff,0xff,0xff,0xff,0xff,0xff,0xff,0xff,0xff,0x00,0x00,
        0x00,0x00,0xd1,0xfd,0x55,0xf7,0xff,0xff,0xff,0xff,0xff,0xff,0xff,0xff,0x00,0x00,
        0x00,0x00,0x00,0x00,0x00,0x00,0x00,0x00,0x00,0x00,0x00,0x00,0x00,0x00,0x00,0x00,
        0x00,0x00,0x00,0x00,0x00,0x00,0x00,0x00,0x00,0x00,0x00,0x00,0x00,0x00,0x00,0x00,
        0x00,0x00,0x00,0x00,0x00,0x00,0x00,0x00,0x00,0x00,0x00,0x00,0x00,0x00,0x00,0x00,
        0x00,0x00,0xdd,0x51,0x75,0x55,0xff,0xff,0xff,0xff,0xff,0xff,0xff,0xff,0x00,0x00,
        0x00,0x00,0xff,0x47,0xff,0x55,0xff,0xff,0xff,0xff,0xff,0xff,0xff,0xff,0x00,0x00,
        0x00,0x00,0xff,0x1f,0xff,0x57,0xff,0xff,0xff,0xff,0xff,0xff,0xff,0xff,0x00,0x00,
        0x00,0x00,0xd0,0xff,0x50,0xff,0x55,0xfd,0xff,0xff,0xff,0xff,0xff,0xff,0x00,0x00,
        0x00,0x00,0x40,0xfd,0x40,0xf5,0x55,0xf5,0xff,0xff,0xff,0xff,0xff,0xff,0x00,0x00,
        0x00,0x00,0x00,0x54,0x00,0x51,0x55,0xd5,0xff,0xff,0xff,0xff,0xff,0xff,0x00,0x00,
        0x00,0x00,0x00,0x00,0x00,0x00,0x55,0x55,0xff,0xff,0xff,0xff,0xff,0xff,0x00,0x00,
        0x00,0x00,0x04,0x00,0x10,0x00,0x55,0x55,0xff,0xff,0xff,0xff,0xff,0xff,0x00,0x00,
        0x00,0x00,0x5d,0x00,0x55,0x00,0x57,0x55,0xff,0xff,0xff,0xff,0xff,0xff,0x00,0x00,
        0x00,0x00,0xff,0x01,0x7f,0x01,0x5f,0x55,0xff,0xff,0xff,0xff,0xff,0xff,0x00,0x00,
        0x00,0x00,0xff,0x07,0xff,0x05,0x7f,0x55,0xff,0xff,0xff,0xff,0xff,0xff,0x00,0x00,
        0x00,0x00,0xd0,0xff,0x40,0xff,0x00,0xfd,0x55,0xff,0xff,0xff,0xff,0xff,0x00,0x00,
        0x00,0x00,0x40,0xfd,0x00,0xf5,0x00,0xf4,0x55,0xfd,0xff,0xff,0xff,0xff,0x00,0x00,
        0x00,0x00,0x00,0x54,0x00,0x50,0x00,0xd0,0x55,0xf5,0xff,0xff,0xff,0xff,0x00,0x00,
        0x00,0x00,0x00,0x00,0x00,0x00,0x00,0x40,0x55,0xd5,0xff,0xff,0xff,0xff,0x00,0x00,
        0x00,0x00,0x04,0x00,0x00,0x00,0x01,0x00,0x57,0x55,0xff,0xff,0xff,0xff,0x00,0x00,
        0x00,0x00,0x5d,0x00,0x15,0x00,0x07,0x00,0x5f,0x55,0xff,0xff,0xff,0xff,0x00,0x00,
        0x00,0x00,0xff,0x01,0x7f,0x00,0x1f,0x00,0x7f,0x55,0xff,0xff,0xff,0xff,0x00,0x00,
        0x00,0x00,0xff,0x07,0xff,0x01,0x7f,0x00,0xff,0x55,0xff,0xff,0xff,0xff,0x00,0x00,
        0x00,0x00,0xd0,0xff,0x40,0xff,0x00,0xfd,0x40,0xff,0xd5,0xff,0xff,0xff,0x00,0x00,
        0x00,0x00,0x40,0xfd,0x00,0xf5,0x00,0xf4,0x00,0xfd,0x55,0xff,0xff,0xff,0x00,0x00,
        0x00,0x00,0x00,0x54,0x00,0x50,0x00,0xd0,0x00,0xf4,0x55,0xfd,0xff,0xff,0x00,0x00,
        0x00,0x00,0x00,0x00,0x00,0x00,0x00,0x40,0x01,0xd0,0x57,0xf5,0xff,0xff,0x00,0x00,
        0x00,0x00,0x04,0x00,0x00,0x00,0x01,0x00,0x07,0x40,0x5f,0xd5,0xff,0xff,0x00,0x00,
        0x00,0x00,0x5d,0x00,0x15,0x00,0x07,0x00,0x1f,0x00,0x7f,0x55,0xff,0xff,0x00,0x00,
        0x00,0x00,0xff,0x01,0x7f,0x00,0x1f,0x00,0x7f,0x00,0xff,0x55,0xff,0xff,0x00,0x00,
        0x00,0x00,0xff,0x07,0xff,0x01,0x7f,0x00,0xff,0x01,0xff,0x57,0xff,0xff,0x00,0x00,
        0x00,0x00,0xd0,0xff,0x40,0xff,0x00,0xfd,0x40,0xff,0xd0,0xff,0xf5,0xff,0x00,0x00,
        0x00,0x00,0x40,0xfd,0x00,0xf5,0x00,0xf4,0x00,0xfd,0x40,0xff,0xd5,0xff,0x00,0x00,
        0x00,0x00,0x00,0x54,0x00,0x50,0x00,0xd0,0x00,0xf4,0x01,0xfd,0x57,0xff,0x00,0x00,
        0x00,0x00,0x00,0x00,0x00,0x00,0x00,0x40,0x01,0xd0,0x07,0xf4,0x5f,0xfd,0x00,0x00,
        0x00,0x00,0x04,0x00,0x00,0x00,0x01,0x00,0x07,0x40,0x1f,0xd0,0x7f,0xf5,0x00,0x00,
        0x00,0x00,0x5d,0x00,0x15,0x00,0x07,0x00,0x1f,0x00,0x7f,0x40,0xff,0xd5,0x00,0x00,
        0x00,0x00,0xff,0x01,0x7f,0x00,0x1f,0x00,0x7f,0x00,0xff,0x01,0xff,0x57,0x00,0x00,
        0x00,0x00,0xff,0x07,0xff,0x01,0x7f,0x00,0xff,0x01,0xff,0x07,0xff,0x5f,0x00,0x00,
        0x00,0x00,0xd0,0xff,0x40,0xff,0x00,0xfd,0x40,0xff,0xd0,0xff,0xf4,0xff,0x00,0x00,
        0x00,0x00,0x40,0xfd,0x00,0xf5,0x00,0xf4,0x00,0xfd,0x40,0xff,0xd1,0xff,0x00,0x00,
        0x00,0x00,0x00,0x54,0x00,0x50,0x00,0xd0,0x00,0xf4,0x01,0xfd,0x47,0xff,0x00,0x00,
        0x00,0x00,0x00,0x00,0x00,0x00,0x00,0x40,0x01,0xd0,0x07,0xf4,0x1f,0xfd,0x00,0x00,
        0x00,0x00,0x04,0x00,0x00,0x00,0x01,0x00,0x07,0x40,0x1f,0xd0,0x7f,0xf4,0x00,0x00,
        0x00,0x00,0x5d,0x00,0x15,0x00,0x07,0x00,0x1f,0x00,0x7f,0x40,0xff,0xd1,0x00,0x00,
        0x00,0x00,0xff,0x01,0x7f,0x00,0x1f,0x00,0x7f,0x00,0xff,0x01,0xff,0x47,0x00,0x00,
        0x00,0x00,0xff,0x07,0xff,0x01,0x7f,0x00,0xff,0x01,0xff,0x07,0xff,0x1f,0x00,0x00,
        0x00,0x00,0xd4,0xff,0x40,0xff,0x00,0xfd,0x40,0xff,0xd0,0xff,0xf0,0xff,0x00,0x00,
        0x00,0x00,0x54,0xfd,0x00,0xf5,0x00,0xf4,0x00,0xfd,0x40,0xff,0xc0,0xff,0x00,0x00,
        0x00,0x00,0x54,0x55,0x00,0x50,0x00,0xd0,0x00,0xf4,0x01,0xfd,0x03,0xff,0x00,0x00,
        0x00,0x00,0x54,0x15,0x00,0x00,0x00,0x40,0x01,0xd0,0x07,0xf4,0x0f,0xfc,0x00,0x00,
        0x00,0x00,0x54,0x15,0x00,0x00,0x01,0x00,0x07,0x40,0x1f,0xd0,0x3f,0xf0,0x00,0x00,
        0x00,0x00,0x5d,0x15,0x15,0x00,0x07,0x00,0x1f,0x00,0x7f,0x40,0xff,0xc0,0x00,0x00,
        0x00,0x00,0xff,0x15,0x7f,0x00,0x1f,0x00,0x7f,0x00,0xff,0x01,0xff,0x03,0x00,0x00,
        0x00,0x00,0xff,0x17,0xff,0x01,0x7f,0x00,0xff,0x01,0xff,0x07,0xff,0x0f,0x00,0x00,
        0x00,0x00,0xf5,0xff,0xff,0xff,0xff,0xff,0xff,0xff,0xff,0xff,0xff,0xff,0x00,0x00,
        0x00,0x00,0xd5,0xff,0xff,0xff,0xff,0xff,0xff,0xff,0xff,0xff,0xff,0xff,0x00,0x00,
        0x00,0x00,0xd7,0xff,0xff,0xff,0xff,0xff,0xff,0xff,0xff,0xff,0xff,0xff,0x00,0x00,
        0x00,0x00,0x00,0x00,0x00,0x00,0x00,0x00,0x00,0x00,0x00,0x00,0x00,0x00,0x00,0x00,
        0x00,0x00,0x00,0x00,0x00,0x00,0x00,0x00,0x00,0x00,0x00,0x00,0x00,0x00,0x00,0x00,
        0x00,0x00,0x00,0x00,0x00,0x00,0x00,0x00,0x00,0x00,0x00,0x00,0x00,0x00,0x00,0x00,
        0x00,0x00,0xff,0x5f,0xff,0xff,0xff,0xff,0xff,0xff,0xff,0xff,0xff,0xff,0x00,0x00,
        0x00,0x00,0xff,0x5f,0xff,0xff,0xff,0xff,0xff,0xff,0xff,0xff,0xff,0xff,0x00,0x00,
        0x00,0x00,0xf4,0xff,0xd5,0xff,0xff,0xff,0xff,0xff,0xff,0xff,0xff,0xff,0x00,0x00,
        0x00,0x00,0xd1,0xff,0x55,0xff,0xff,0xff,0xff,0xff,0xff,0xff,0xff,0xff,0x00,0x00,
        0x00,0x00,0x45,0x77,0x55,0x5d,0xff,0xff,0xff,0xff,0xff,0xff,0xff,0xff,0x00,0x00,
        0x00,0x00,0x00,0x00,0x00,0x00,0x00,0x00,0x00,0x00,0x00,0x00,0x00,0x00,0x00,0x00,
        0x00,0x00,0x00,0x00,0x00,0x00,0x00,0x00,0x00,0x00,0x00,0x00,0x00,0x00,0x00,0x00,
        0x00,0x00,0x00,0x00,0x00,0x00,0x00,0x00,0x00,0x00,0x00,0x00,0x00,0x00,0x00,0x00,
        0x00,0x00,0x7f,0x47,0xdf,0x55,0xff,0xff,0xff,0xff,0xff,0xff,0xff,0xff,0x00,0x00,
        0x00,0x00,0xff,0x1f,0xff,0x57,0xff,0xff,0xff,0xff,0xff,0xff,0xff,0xff,0x00,0x00,
        0x00,0x00,0xd0,0xff,0x50,0xff,0x55,0xfd,0xff,0xff,0xff,0xff,0xff,0xff,0x00,0x00,
        0x00,0x00,0x40,0xff,0x40,0xfd,0x55,0xf5,0xff,0xff,0xff,0xff,0xff,0xff,0x00,0x00,
        0x00,0x00,0x00,0x75,0x00,0x55,0x55,0xd5,0xff,0xff,0xff,0xff,0xff,0xff,0x00,0x00,
        0x00,0x00,0x00,0x10,0x00,0x04,0x55,0x55,0xff,0xff,0xff,0xff,0xff,0xff,0x00,0x00,
        0x00,0x00,0x00,0x00,0x00,0x00,0x55,0x55,0xff,0xff,0xff,0xff,0xff,0xff,0x00,0x00,
        0x00,0x00,0x15,0x00,0x45,0x00,0x57,0x55,0xff,0xff,0xff,0xff,0xff,0xff,0x00,0x00,
        0x00,0x00,0x7f,0x01,0x5f,0x01,0x5f,0x55,0xff,0xff,0xff,0xff,0xff,0xff,0x00,0x00,
        0x00,0x00,0xff,0x07,0xff,0x05,0x7f,0x55,0xff,0xff,0xff,0xff,0xff,0xff,0x00,0x00,
        0x00,0x00,0xd0,0xff,0x40,0xff,0x00,0xfd,0x55,0xff,0xff,0xff,0xff,0xff,0x00,0x00,
        0x00,0x00,0x40,0xff,0x00,0xfd,0x00,0xf4,0x55,0xfd,0xff,0xff,0xff,0xff,0x00,0x00,
        0x00,0x00,0x00,0x75,0x00,0x54,0x00,0xd0,0x55,0xf5,0xff,0xff,0xff,0xff,0x00,0x00,
        0x00,0x00,0x00,0x10,0x00,0x00,0x00,0x40,0x55,0xd5,0xff,0xff,0xff,0xff,0x00,0x00,
        0x00,0x00,0x00,0x00,0x00,0x00,0x01,0x00,0x57,0x55,0xff,0xff,0xff,0xff,0x00,0x00,
        0x00,0x00,0x15,0x00,0x05,0x00,0x07,0x00,0x5f,0x55,0xff,0xff,0xff,0xff,0x00,0x00,
        0x00,0x00,0x7f,0x01,0x5f,0x00,0x1f,0x00,0x7f,0x55,0xff,0xff,0xff,0xff,0x00,0x00,
        0x00,0x00,0xff,0x07,0xff,0x01,0x7f,0x00,0xff,0x55,0xff,0xff,0xff,0xff,0x00,0x00,
        0x00,0x00,0xd0,0xff,0x40,0xff,0x00,0xfd,0x40,0xff,0xd5,0xff,0xff,0xff,0x00,0x00,
        0x00,0x00,0x40,0xff,0x00,0xfd,0x00,0xf4,0x00,0xfd,0x55,0xff,0xff,0xff,0x00,0x00,
        0x00,0x00,0x00,0x75,0x00,0x54,0x00,0xd0,0x00,0xf4,0x55,0xfd,0xff,0xff,0x00,0x00,
        0x00,0x00,0x00,0x10,0x00,0x00,0x00,0x40,0x01,0xd0,0x57,0xf5,0xff,0xff,0x00,0x00,
        0x00,0x00,0x00,0x00,0x00,0x00,0x01,0x00,0x07,0x40,0x5f,0xd5,0xff,0xff,0x00,0x00,
        0x00,0x00,0x15,0x00,0x05,0x00,0x07,0x00,0x1f,0x00,0x7f,0x55,0xff,0xff,0x00,0x00,
        0x00,0x00,0x7f,0x01,0x5f,0x00,0x1f,0x00,0x7f,0x00,0xff,0x55,0xff,0xff,0x00,0x00,
        0x00,0x00,0xff,0x07,0xff,0x01,0x7f,0x00,0xff,0x01,0xff,0x57,0xff,0xff,0x00,0x00,
        0x00,0x00,0xd0,0xff,0x40,0xff,0x00,0xfd,0x40,0xff,0xd0,0xff,0xf5,0xff,0x00,0x00,
        0x00,0x00,0x40,0xff,0x00,0xfd,0x00,0xf4,0x00,0xfd,0x40,0xff,0xd5,0xff,0x00,0x00,
        0x00,0x00,0x00,0x75,0x00,0x54,0x00,0xd0,0x00,0xf4,0x01,0xfd,0x57,0xff,0x00,0x00,
        0x00,0x00,0x00,0x10,0x00,0x00,0x00,0x40,0x01,0xd0,0x07,0xf4,0x5f,0xfd,0x00,0x00,
        0x00,0x00,0x00,0x00,0x00,0x00,0x01,0x00,0x07,0x40,0x1f,0xd0,0x7f,0xf5,0x00,0x00,
        0x00,0x00,0x15,0x00,0x05,0x00,0x07,0x00,0x1f,0x00,0x7f,0x40,0xff,0xd5,0x00,0x00,
        0x00,0x00,0x7f,0x01,0x5f,0x00,0x1f,0x00,0x7f,0x00,0xff,0x01,0xff,0x57,0x00,0x00,
        0x00,0x00,0xff,0x07,0xff,0x01,0x7f,0x00,0xff,0x01,0xff,0x07,0xff,0x5f,0x00,0x00,
        0x00,0x00,0xd0,0xff,0x40,0xff,0x00,0xfd,0x40,0xff,0xd0,0xff,0xf4,0xff,0x00,0x00,
        0x00,0x00,0x40,0xff,0x00,0xfd,0x00,0xf4,0x00,0xfd,0x40,0xff,0xd1,0xff,0x00,0x00,
        0x00,0x00,0x00,0x75,0x00,0x54,0x00,0xd0,0x00,0xf4,0x01,0xfd,0x47,0xff,0x00,0x00,
        0x00,0x00,0x00,0x10,0x00,0x00,0x00,0x40,0x01,0xd0,0x07,0xf4,0x1f,0xfd,0x00,0x00,
        0x00,0x00,0x00,0x00,0x00,0x00,0x01,0x00,0x07,0x40,0x1f,0xd0,0x7f,0xf4,0x00,0x00,
        0x00,0x00,0x15,0x00,0x05,0x00,0x07,0x00,0x1f,0x00,0x7f,0x40,0xff,0xd1,0x00,0x00,
        0x00,0x00,0x7f,0x01,0x5f,0x00,0x1f,0x00,0x7f,0x00,0xff,0x01,0xff,0x47,0x00,0x00,
        0x00,0x00,0xff,0x07,0xff,0x01,0x7f,0x00,0xff,0x01,0xff,0x07,0xff,0x1f,0x00,0x00,
        0x00,0x00,0xd4,0xff,0x40,0xff,0x00,0xfd,0x40,0xff,0xd0,0xff,0xf0,0xff,0x00,0x00,
        0x00,0x00,0x54,0xff,0x00,0xfd,0x00,0xf4,0x00,0xfd,0x40,0xff,0xc0,0xff,0x00,0x00,
        0x00,0x00,0x54,0x75,0x00,0x54,0x00,0xd0,0x00,0xf4,0x01,0xfd,0x03,0xff,0x00,0x00,
        0x00,0x00,0x54,0x15,0x00,0x00,0x00,0x40,0x01,0xd0,0x07,0xf4,0x0f,0xfc,0x00,0x00,
        0x00,0x00,0x54,0x15,0x00,0x00,0x01,0x00,0x07,0x40,0x1f,0xd0,0x3f,0xf0,0x00,0x00,
        0x00,0x00,0x55,0x15,0x05,0x00,0x07,0x00,0x1f,0x00,0x7f,0x40,0xff,0xc0,0x00,0x00,
        0x00,0x00,0x7f,0x15,0x5f,0x00,0x1f,0x00,0x7f,0x00,0xff,0x01,0xff,0x03,0x00,0x00,
        0x00,0x00,0xff,0x17,0xff,0x01,0x7f,0x00,0xff,0x01,0xff,0x07,0xff,0x0f,0x00,0x00,
        0x00,0x00,0xf5,0xff,0xff,0xff,0xff,0xff,0xff,0xff,0xff,0xff,0xff,0xff,0x00,0x00,
        0x00,0x00,0xd5,0xff,0xff,0xff,0xff,0xff,0xff,0xff,0xff,0xff,0xff,0xff,0x00,0x00,
        0x00,0x00,0x57,0xff,0xff,0xff,0xff,0xff,0xff,0xff,0xff,0xff,0xff,0xff,0x00,0x00,
        0x00,0x00,0x5f,0xff,0xff,0xff,0xff,0xff,0xff,0xff,0xff,0xff,0xff,0xff,0x00,0x00,
        0x00,0x00,0x00,0x00,0x00,0x00,0x00,0x00,0x00,0x00,0x00,0x00,0x00,0x00,0x00,0x00,
        0x00,0x00,0x00,0x00,0x00,0x00,0x00,0x00,0x00,0x00,0x00,0x00,0x00,0x00,0x00,0x00,
        0x00,0x00,0x00,0x00,0x00,0x00,0x00,0x00,0x00,0x00,0x00,0x00,0x00,0x00,0x00,0x00,
        0x00,0x00,0xff,0x7f,0xff,0xff,0xff,0xff,0xff,0xff,0xff,0xff,0xff,0xff,0x00,0x00,
        0x00,0x00,0xf4,0xff,0xd5,0xff,0xff,0xff,0xff,0xff,0xff,0xff,0xff,0xff,0x00,0x00,
        0x00,0x00,0xd1,0xff,0x55,0xff,0xff,0xff,0xff,0xff,0xff,0xff,0xff,0xff,0x00,0x00,
        0x00,0x00,0x45,0x7f,0x55,0x7d,0xff,0xff,0xff,0xff,0xff,0xff,0xff,0xff,0x00,0x00,
        0x00,0x00,0x15,0x5d,0x55,0x75,0xff,0xff,0xff,0xff,0xff,0xff,0xff,0xff,0x00,0x00,
        0x00,0x00,0x00,0x00,0x00,0x00,0x00,0x00,0x00,0x00,0x00,0x00,0x00,0x00,0x00,0x00,
        0x00,0x00,0x00,0x00,0x00,0x00,0x00,0x00,0x00,0x00,0x00,0x00,0x00,0x00,0x00,0x00,
        0x00,0x00,0x00,0x00,0x00,0x00,0x00,0x00,0x00,0x00,0x00,0x00,0x00,0x00,0x00,0x00,
        0x00,0x00,0xff,0x1d,0x7f,0x57,0xff,0xff,0xff,0xff,0xff,0xff,0xff,0xff,0x00,0x00,
        0x00,0x00,0xd0,0xff,0x50,0xff,0x55,0xfd,0xff,0xff,0xff,0xff,0xff,0xff,0x00,0x00,
        0x00,0x00,0x40,0xff,0x40,0xfd,0x55,0xf5,0xff,0xff,0xff,0xff,0xff,0xff,0x00,0x00,
        0x00,0x00,0x00,0x7d,0x00,0x75,0x55,0xd5,0xff,0xff,0xff,0xff,0xff,0xff,0x00,0x00,
        0x00,0x00,0x00,0x14,0x00,0x14,0x55,0x55,0xff,0xff,0xff,0xff,0xff,0xff,0x00,0x00,
        0x00,0x00,0x00,0x00,0x00,0x10,0x55,0x55,0xff,0xff,0xff,0xff,0xff,0xff,0x00,0x00,
        0x00,0x00,0x01,0x00,0x01,0x00,0x57,0x55,0xff,0xff,0xff,0xff,0xff,0xff,0x00,0x00,
        0x00,0x00,0x57,0x00,0x17,0x01,0x5f,0x55,0xff,0xff,0xff,0xff,0xff,0xff,0x00,0x00,
        0x00,0x00,0xff,0x05,0x7f,0x05,0x7f,0x55,0xff,0xff,0xff,0xff,0xff,0xff,0x00,0x00,
        0x00,0x00,0xd0,0xff,0x40,0xff,0x00,0xfd,0x55,0xff,0xff,0xff,0xff,0xff,0x00,0x00,
        0x00,0x00,0x40,0xff,0x00,0xfd,0x00,0xf4,0x55,0xfd,0xff,0xff,0xff,0xff,0x00,0x00,
        0x00,0x00,0x00,0x7d,0x00,0x74,0x00,0xd0,0x55,0xf5,0xff,0xff,0xff,0xff,0x00,0x00,
        0x00,0x00,0x00,0x14,0x00,0x10,0x00,0x40,0x55,0xd5,0xff,0xff,0xff,0xff,0x00,0x00,
        0x00,0x00,0x00,0x00,0x00,0x00,0x01,0x00,0x57,0x55,0xff,0xff,0xff,0xff,0x00,0x00,
        0x00,0x00,0x01,0x00,0x01,0x00,0x07,0x00,0x5f,0x55,0xff,0xff,0xff,0xff,0x00,0x00,
        0x00,0x00,0x57,0x00,0x17,0x00,0x1f,0x00,0x7f,0x55,0xff,0xff,0xff,0xff,0x00,0x00,
        0x00,0x00,0xff,0x05,0x7f,0x01,0x7f,0x00,0xff,0x55,0xff,0xff,0xff,0xff,0x00,0x00,
        0x00,0x00,0xd0,0xff,0x40,0xff,0x00,0xfd,0x40,0xff,0xd5,0xff,0xff,0xff,0x00,0x00,
        0x00,0x00,0x40,0xff,0x00,0xfd,0x00,0xf4,0x00,0xfd,0x55,0xff,0xff,0xff,0x00,0x00,
        0x00,0x00,0x00,0x7d,0x00,0x74,0x00,0xd0,0x00,0xf4,0x55,0xfd,0xff,0xff,0x00,0x00,
        0x00,0x00,0x00,0x14,0x00,0x10,0x00,0x40,0x01,0xd0,0x57,0xf5,0xff,0xff,0x00,0x00,
        0x00,0x00,0x00,0x00,0x00,0x00,0x01,0x00,0x07,0x40,0x5f,0xd5,0xff,0xff,0x00,0x00,
        0x00,0x00,0x01,0x00,0x01,0x00,0x07,0x00,0x1f,0x00,0x7f,0x55,0xff,0xff,0x00,0x00,
        0x00,0x00,0x57,0x00,0x17,0x00,0x1f,0x00,0x7f,0x00,0xff,0x55,0xff,0xff,0x00,0x00,
        0x00,0x00,0xff,0x05,0x7f,0x01,0x7f,0x00,0xff,0x01,0xff,0x57,0xff,0xff,0x00,0x00,
        0x00,0x00,0xd0,0xff,0x40,0xff,0x00,0xfd,0x40,0xff,0xd0,0xff,0xf5,0xff,0x00,0x00,
        0x00,0x00,0x40,0xff,0x00,0xfd,0x00,0xf4,0x00,0xfd,0x40,0xff,0xd5,0xff,0x00,0x00,
        0x00,0x00,0x00,0x7d,0x00,0x74,0x00,0xd0,0x00,0xf4,0x01,0xfd,0x57,0xff,0x00,0x00,
        0x00,0x00,0x00,0x14,0x00,0x10,0x00,0x40,0x01,0xd0,0x07,0xf4,0x5f,0xfd,0x00,0x00,
        0x00,0x00,0x00,0x00,0x00,0x00,0x01,0x00,0x07,0x40,0x1f,0xd0,0x7f,0xf5,0x00,0x00,
        0x00,0x00,0x01,0x00,0x01,0x00,0x07,0x00,0x1f,0x00,0x7f,0x40,0xff,0xd5,0x00,0x00,
        0x00,0x00,0x57,0x00,0x17,0x00,0x1f,0x00,0x7f,0x00,0xff,0x01,0xff,0x57,0x00,0x00,
        0x00,0x00,0xff,0x05,0x7f,0x01,0x7f,0x00,0xff,0x01,0xff,0x07,0xff,0x5f,0x00,0x00,
        0x00,0x00,0xd0,0xff,0x40,0xff,0x00,0xfd,0x40,0xff,0xd0,0xff,0xf4,0xff,0x00,0x00,
        0x00,0x00,0x40,0xff,0x00,0xfd,0x00,0xf4,0x00,0xfd,0x40,0xff,0xd1,0xff,0x00,0x00,
        0x00,0x00,0x00,0x7d,0x00,0x74,0x00,0xd0,0x00,0xf4,0x01,0xfd,0x47,0xff,0x00,0x00,
        0x00,0x00,0x00,0x14,0x00,0x10,0x00,0x40,0x01,0xd0,0x07,0xf4,0x1f,0xfd,0x00,0x00,
        0x00,0x00,0x00,0x00,0x00,0x00,0x01,0x00,0x07,0x40,0x1f,0xd0,0x7f,0xf4,0x00,0x00,
        0x00,0x00,0x01,0x00,0x01,0x00,0x07,0x00,0x1f,0x00,0x7f,0x40,0xff,0xd1,0x00,0x00,
        0x00,0x00,0x57,0x00,0x17,0x00,0x1f,0x00,0x7f,0x00,0xff,0x01,0xff,0x47,0x00,0x00,
        0x00,0x00,0xff,0x05,0x7f,0x01,0x7f,0x00,0xff,0x01,0xff,0x07,0xff,0x1f,0x00,0x00,
        0x00,0x00,0xd4,0xff,0x40,0xff,0x00,0xfd,0x40,0xff,0xd0,0xff,0xf0,0xff,0x00,0x00,
        0x00,0x00,0x54,0xff,0x00,0xfd,0x00,0xf4,0x00,0xfd,0x40,0xff,0xc0,0xff,0x00,0x00,
        0x00,0x00,0x54,0x7d,0x00,0x74,0x00,0xd0,0x00,0xf4,0x01,0xfd,0x03,0xff,0x00,0x00,
        0x00,0x00,0x54,0x15,0x00,0x10,0x00,0x40,0x01,0xd0,0x07,0xf4,0x0f,0xfc,0x00,0x00,
        0x00,0x00,0x54,0x15,0x00,0x00,0x01,0x00,0x07,0x40,0x1f,0xd0,0x3f,0xf0,0x00,0x00,
        0x00,0x00,0x55,0x15,0x01,0x00,0x07,0x00,0x1f,0x00,0x7f,0x40,0xff,0xc0,0x00,0x00,
        0x00,0x00,0x57,0x15,0x17,0x00,0x1f,0x00,0x7f,0x00,0xff,0x01,0xff,0x03,0x00,0x00,
        0x00,0x00,0xff,0x15,0x7f,0x01,0x7f,0x00,0xff,0x01,0xff,0x07,0xff,0x0f,0x00,0x00,
        0x00,0x00,0xf5,0xff,0xff,0xff,0xff,0xff,0xff,0xff,0xff,0xff,0xff,0xff,0x00,0x00,
        0x00,0x00,0xd5,0xff,0xff,0xff,0xff,0xff,0xff,0xff,0xff,0xff,0xff,0xff,0x00,0x00,
        0x00,0x00,0x57,0xff,0xff,0xff,0xff,0xff,0xff,0xff,0xff,0xff,0xff,0xff,0x00,0x00,
        0x00,0x00,0x5f,0xfd,0xff,0xff,0xff,0xff,0xff,0xff,0xff,0xff,0xff,0xff,0x00,0x00,
        0x00,0x00,0x7f,0xfd,0xff,0xff,0xff,0xff,0xff,0xff,0xff,0xff,0xff,0xff,0x00,0x00,
        0x00,0x00,0x00,0x00,0x00,0x00,0x00,0x00,0x00,0x00,0x00,0x00,0x00,0x00,0x00,0x00,
        0x00,0x00,0x00,0x00,0x00,0x00,0x00,0x00,0x00,0x00,0x00,0x00,0x00,0x00,0x00,0x00,
        0x00,0x00,0x00,0x00,0x00,0x00,0x00,0x00,0x00,0x00,0x00,0x00,0x00,0x00,0x00,0x00,
        0x00,0x00,0xd4,0xff,0xd5,0xff,0xff,0xff,0xff,0xff,0xff,0xff,0xff,0xff,0x00,0x00,
        0x00,0x00,0xd1,0xff,0x55,0xff,0xff,0xff,0xff,0xff,0xff,0xff,0xff,0xff,0x00,0x00,
        0x00,0x00,0x45,0x7f,0x55,0x7d,0xff,0xff,0xff,0xff,0xff,0xff,0xff,0xff,0x00,0x00,
        0x00,0x00,0x15,0x7d,0x55,0x75,0xff,0xff,0xff,0xff,0xff,0xff,0xff,0xff,0x00,0x00,
        0x00,0x00,0x55,0x74,0x55,0x55,0xff,0xff,0xff,0xff,0xff,0xff,0xff,0xff,0x00,0x00,
        0x00,0x00,0x00,0x00,0x00,0x00,0x00,0x00,0x00,0x00,0x00,0x00,0x00,0x00,0x00,0x00,
        0x00,0x00,0x00,0x00,0x00,0x00,0x00,0x00,0x00,0x00,0x00,0x00,0x00,0x00,0x00,0x00,
        0x00,0x00,0x00,0x00,0x00,0x00,0x00,0x00,0x00,0x00,0x00,0x00,0x00,0x00,0x00,0x00,
        0x00,0x00,0xc0,0xff,0x40,0xff,0x55,0xfd,0xff,0xff,0xff,0xff,0xff,0xff,0x00,0x00,
        0x00,0x00,0x40,0xff,0x40,0xfd,0x55,0xf5,0xff,0xff,0xff,0xff,0xff,0xff,0x00,0x00,
        0x00,0x00,0x00,0x7d,0x00,0x75,0x55,0xd5,0xff,0xff,0xff,0xff,0xff,0xff,0x00,0x00,
        0x00,0x00,0x00,0x34,0x00,0x14,0x55,0x55,0xff,0xff,0xff,0xff,0xff,0xff,0x00,0x00,
        0x00,0x00,0x00,0x10,0x00,0x10,0x55,0x55,0xff,0xff,0xff,0xff,0xff,0xff,0x00,0x00,
        0x00,0x00,0x01,0x00,0x01,0x00,0x57,0x55,0xff,0xff,0xff,0xff,0xff,0xff,0x00,0x00,
        0x00,0x00,0x07,0x00,0x07,0x00,0x5f,0x55,0xff,0xff,0xff,0xff,0xff,0xff,0x00,0x00,
        0x00,0x00,0x5f,0x01,0x5f,0x04,0x7f,0x55,0xff,0xff,0xff,0xff,0xff,0xff,0x00,0x00,
        0x00,0x00,0xc0,0xff,0x40,0xff,0x00,0xfd,0x55,0xff,0xff,0xff,0xff,0xff,0x00,0x00,
        0x00,0x00,0x40,0xff,0x00,0xfd,0x00,0xf4,0x55,0xfd,0xff,0xff,0xff,0xff,0x00,0x00,
        0x00,0x00,0x00,0x7d,0x00,0x74,0x00,0xd0,0x55,0xf5,0xff,0xff,0xff,0xff,0x00,0x00,
        0x00,0x00,0x00,0x34,0x00,0x10,0x00,0x40,0x55,0xd5,0xff,0xff,0xff,0xff,0x00,0x00,
        0x00,0x00,0x00,0x10,0x00,0x00,0x01,0x00,0x57,0x55,0xff,0xff,0xff,0xff,0x00,0x00,
        0x00,0x00,0x01,0x00,0x01,0x00,0x07,0x00,0x5f,0x55,0xff,0xff,0xff,0xff,0x00,0x00,
        0x00,0x00,0x07,0x00,0x07,0x00,0x1f,0x00,0x7f,0x55,0xff,0xff,0xff,0xff,0x00,0x00,
        0x00,0x00,0x5f,0x01,0x5f,0x00,0x7f,0x00,0xff,0x55,0xff,0xff,0xff,0xff,0x00,0x00,
        0x00,0x00,0xc0,0xff,0x40,0xff,0x00,0xfd,0x40,0xff,0xd5,0xff,0xff,0xff,0x00,0x00,
        0x00,0x00,0x40,0xff,0x00,0xfd,0x00,0xf4,0x00,0xfd,0x55,0xff,0xff,0xff,0x00,0x00,
        0x00,0x00,0x00,0x7d,0x00,0x74,0x00,0xd0,0x00,0xf4,0x55,0xfd,0xff,0xff,0x00,0x00,
        0x00,0x00,0x00,0x34,0x00,0x10,0x00,0x40,0x01,0xd0,0x57,0xf5,0xff,0xff,0x00,0x00,
        0x00,0x00,0x00,0x10,0x00,0x00,0x01,0x00,0x07,0x40,0x5f,0xd5,0xff,0xff,0x00,0x00,
        0x00,0x00,0x01,0x00,0x01,0x00,0x07,0x00,0x1f,0x00,0x7f,0x55,0xff,0xff,0x00,0x00,
        0x00,0x00,0x07,0x00,0x07,0x00,0x1f,0x00,0x7f,0x00,0xff,0x55,0xff,0xff,0x00,0x00,
        0x00,0x00,0x5f,0x01,0x5f,0x00,0x7f,0x00,0xff,0x01,0xff,0x57,0xff,0xff,0x00,0x00,
        0x00,0x00,0xc0,0xff,0x40,0xff,0x00,0xfd,0x40,0xff,0xd0,0xff,0xf5,0xff,0x00,0x00,
        0x00,0x00,0x40,0xff,0x00,0xfd,0x00,0xf4,0x00,0xfd,0x40,0xff,0xd5,0xff,0x00,0x00,
        0x00,0x00,0x00,0x7d,0x00,0x74,0x00,0xd0,0x00,0xf4,0x01,0xfd,0x57,0xff,0x00,0x00,
        0x00,0x00,0x00,0x34,0x00,0x10,0x00,0x40,0x01,0xd0,0x07,0xf4,0x5f,0xfd,0x00,0x00,
        0x00,0x00,0x00,0x10,0x00,0x00,0x01,0x00,0x07,0x40,0x1f,0xd0,0x7f,0xf5,0x00,0x00,
        0x00,0x00,0x01,0x00,0x01,0x00,0x07,0x00,0x1f,0x00,0x7f,0x40,0xff,0xd5,0x00,0x00,
        0x00,0x00,0x07,0x00,0x07,0x00,0x1f,0x00,0x7f,0x00,0xff,0x01,0xff,0x57,0x00,0x00,
        0x00,0x00,0x5f,0x01,0x5f,0x00,0x7f,0x00,0xff,0x01,0xff,0x07,0xff,0x5f,0x00,0x00,
        0x00,0x00,0xc0,0xff,0x40,0xff,0x00,0xfd,0x40,0xff,0xd0,0xff,0xf4,0xff,0x00,0x00,
        0x00,0x00,0x40,0xff,0x00,0xfd,0x00,0xf4,0x00,0xfd,0x40,0xff,0xd1,0xff,0x00,0x00,
        0x00,0x00,0x00,0x7d,0x00,0x74,0x00,0xd0,0x00,0xf4,0x01,0xfd,0x47,0xff,0x00,0x00,
        0x00,0x00,0x00,0x34,0x00,0x10,0x00,0x40,0x01,0xd0,0x07,0xf4,0x1f,0xfd,0x00,0x00,
        0x00,0x00,0x00,0x10,0x00,0x00,0x01,0x00,0x07,0x40,0x1f,0xd0,0x7f,0xf4,0x00,0x00,
        0x00,0x00,0x01,0x00,0x01,0x00,0x07,0x00,0x1f,0x00,0x7f,0x40,0xff,0xd1,0x00,0x00,
        0x00,0x00,0x07,0x00,0x07,0x00,0x1f,0x00,0x7f,0x00,0xff,0x01,0xff,0x47,0x00,0x00,
        0x00,0x00,0x5f,0x01,0x5f,0x00,0x7f,0x00,0xff,0x01,0xff,0x07,0xff,0x1f,0x00,0x00,
        0x00,0x00,0xd0,0xff,0x40,0xff,0x00,0xfd,0x40,0xff,0xd0,0xff,0xf0,0xff,0x00,0x00,
        0x00,0x00,0x50,0xff,0x00,0xfd,0x00,0xf4,0x00,0xfd,0x40,0xff,0xc0,0xff,0x00,0x00,
        0x00,0x00,0x50,0x7d,0x00,0x74,0x00,0xd0,0x00,0xf4,0x01,0xfd,0x03,0xff,0x00,0x00,
        0x00,0x00,0x50,0x35,0x00,0x10,0x00,0x40,0x01,0xd0,0x07,0xf4,0x0f,0xfc,0x00,0x00,
        0x00,0x00,0x50,0x15,0x00,0x00,0x01,0x00,0x07,0x40,0x1f,0xd0,0x3f,0xf0,0x00,0x00,
        0x00,0x00,0x55,0x15,0x01,0x00,0x07,0x00,0x1f,0x00,0x7f,0x40,0xff,0xc0,0x00,0x00,
        0x00,0x00,0x57,0x15,0x07,0x00,0x1f,0x00,0x7f,0x00,0xff,0x01,0xff,0x03,0x00,0x00,
        0x00,0x00,0x5f,0x15,0x5f,0x00,0x7f,0x00,0xff,0x01,0xff,0x07,0xff,0x0f,0x00,0x00,
        0x00,0x00,0xf5,0xff,0xff,0xff,0xff,0xff,0xff,0xff,0xff,0xff,0xff,0xff,0x00,0x00,
        0x00,0x00,0xd5,0xff,0xff,0xff,0xff,0xff,0xff,0xff,0xff,0xff,0xff,0xff,0x00,0x00,
        0x00,0x00,0x57,0xff,0xff,0xff,0xff,0xff,0xff,0xff,0xff,0xff,0xff,0xff,0x00,0x00,
        0x00,0x00,0x5f,0xfd,0xff,0xff,0xff,0xff,0xff,0xff,0xff,0xff,0xff,0xff,0x00,0x00,
        0x00,0x00,0x7f,0xf5,0xff,0xff,0xff,0xff,0xff,0xff,0xff,0xff,0xff,0xff,0x00,0x00,
        0x00,0x00,0xff,0xf5,0xff,0xff,0xff,0xff,0xff,0xff,0xff,0xff,0xff,0xff,0x00,0x00,
        0x00,0x00,0x00,0x00,0x00,0x00,0x00,0x00,0x00,0x00,0x00,0x00,0x00,0x00,0x00,0x00,
        0x00,0x00,0x00,0x00,0x00,0x00,0x00,0x00,0x00,0x00,0x00,0x00,0x00,0x00,0x00,0x00,
        0x00,0x00,0x54,0xff,0x55,0xff,0xff,0xff,0xff,0xff,0xff,0xff,0xff,0xff,0x00,0x00,
        0x00,0x00,0x51,0xff,0x55,0xff,0xff,0xff,0xff,0xff,0xff,0xff,0xff,0xff,0x00,0x00,
        0x00,0x00,0x45,0x7f,0x55,0x7d,0xff,0xff,0xff,0xff,0xff,0xff,0xff,0xff,0x00,0x00,
        0x00,0x00,0x15,0x7d,0x55,0x75,0xff,0xff,0xff,0xff,0xff,0xff,0xff,0xff,0x00,0x00,
        0x00,0x00,0x55,0x74,0x55,0x55,0xff,0xff,0xff,0xff,0xff,0xff,0xff,0xff,0x00,0x00,
        0x00,0x00,0x55,0x51,0x55,0x55,0xff,0xff,0xff,0xff,0xff,0xff,0xff,0xff,0x00,0x00,
        0x00,0x00,0x00,0x00,0x00,0x00,0x00,0x00,0x00,0x00,0x00,0x00,0x00,0x00,0x00,0x00,
        0x00,0x00,0x00,0x00,0x00,0x00,0x00,0x00,0x00,0x00,0x00,0x00,0x00,0x00,0x00,0x00,
        0x00,0x00,0x40,0xff,0x40,0xff,0x55,0xfd,0xff,0xff,0xff,0xff,0xff,0xff,0x00,0x00,
        0x00,0x00,0x00,0xff,0x00,0xfd,0x55,0xf5,0xff,0xff,0xff,0xff,0xff,0xff,0x00,0x00,
        0x00,0x00,0x00,0x7d,0x00,0x75,0x55,0xd5,0xff,0xff,0xff,0xff,0xff,0xff,0x00,0x00,
        0x00,0x00,0x00,0x34,0x00,0x14,0x55,0x55,0xff,0xff,0xff,0xff,0xff,0xff,0x00,0x00,
        0x00,0x00,0x00,0x10,0x00,0x10,0x55,0x55,0xff,0xff,0xff,0xff,0xff,0xff,0x00,0x00,
        0x00,0x00,0x01,0x00,0x01,0x00,0x57,0x55,0xff,0xff,0xff,0xff,0xff,0xff,0x00,0x00,
        0x00,0x00,0x07,0x00,0x07,0x00,0x5f,0x55,0xff,0xff,0xff,0xff,0xff,0xff,0x00,0x00,
        0x00,0x00,0x1f,0x00,0x1f,0x00,0x7f,0x55,0xff,0xff,0xff,0xff,0xff,0xff,0x00,0x00,
        0x00,0x00,0x40,0xff,0x40,0xff,0x00,0xfd,0x55,0xff,0xff,0xff,0xff,0xff,0x00,0x00,
        0x00,0x00,0x00,0xff,0x00,0xfd,0x00,0xf4,0x55,0xfd,0xff,0xff,0xff,0xff,0x00,0x00,
        0x00,0x00,0x00,0x7d,0x00,0x74,0x00,0xd0,0x55,0xf5,0xff,0xff,0xff,0xff,0x00,0x00,
        0x00,0x00,0x00,0x34,0x00,0x10,0x00,0x40,0x55,0xd5,0xff,0xff,0xff,0xff,0x00,0x00,
        0x00,0x00,0x00,0x10,0x00,0x00,0x01,0x00,0x57,0x55,0xff,0xff,0xff,0xff,0x00,0x00,
        0x00,0x00,0x01,0x00,0x01,0x00,0x07,0x00,0x5f,0x55,0xff,0xff,0xff,0xff,0x00,0x00,
        0x00,0x00,0x07,0x00,0x07,0x00,0x1f,0x00,0x7f,0x55,0xff,0xff,0xff,0xff,0x00,0x00,
        0x00,0x00,0x1f,0x00,0x1f,0x00,0x7f,0x00,0xff,0x55,0xff,0xff,0xff,0xff,0x00,0x00,
        0x00,0x00,0x40,0xff,0x40,0xff,0x00,0xfd,0x40,0xff,0xd5,0xff,0xff,0xff,0x00,0x00,
        0x00,0x00,0x00,0xff,0x00,0xfd,0x00,0xf4,0x00,0xfd,0x55,0xff,0xff,0xff,0x00,0x00,
        0x00,0x00,0x00,0x7d,0x00,0x74,0x00,0xd0,0x00,0xf4,0x55,0xfd,0xff,0xff,0x00,0x00,
        0x00,0x00,0x00,0x34,0x00,0x10,0x00,0x40,0x01,0xd0,0x57,0xf5,0xff,0xff,0x00,0x00,
        0x00,0x00,0x00,0x10,0x00,0x00,0x01,0x00,0x07,0x40,0x5f,0xd5,0xff,0xff,0x00,0x00,
        0x00,0x00,0x01,0x00,0x01,0x00,0x07,0x00,0x1f,0x00,0x7f,0x55,0xff,0xff,0x00,0x00,
        0x00,0x00,0x07,0x00,0x07,0x00,0x1f,0x00,0x7f,0x00,0xff,0x55,0xff,0xff,0x00,0x00,
        0x00,0x00,0x1f,0x00,0x1f,0x00,0x7f,0x00,0xff,0x01,0xff,0x57,0xff,0xff,0x00,0x00,
        0x00,0x00,0x40,0xff,0x40,0xff,0x00,0xfd,0x40,0xff,0xd0,0xff,0xf5,0xff,0x00,0x00,
        0x00,0x00,0x00,0xff,0x00,0xfd,0x00,0xf4,0x00,0xfd,0x40,0xff,0xd5,0xff,0x00,0x00,
        0x00,0x00,0x00,0x7d,0x00,0x74,0x00,0xd0,0x00,0xf4,0x01,0xfd,0x57,0xff,0x00,0x00,
        0x00,0x00,0x00,0x34,0x00,0x10,0x00,0x40,0x01,0xd0,0x07,0xf4,0x5f,0xfd,0x00,0x00,
        0x00,0x00,0x00,0x10,0x00,0x00,0x01,0x00,0x07,0x40,0x1f,0xd0,0x7f,0xf5,0x00,0x00,
        0x00,0x00,0x01,0x00,0x01,0x00,0x07,0x00,0x1f,0x00,0x7f,0x40,0xff,0xd5,0x00,0x00,
        0x00,0x00,0x07,0x00,0x07,0x00,0x1f,0x00,0x7f,0x00,0xff,0x01,0xff,0x57,0x00,0x00,
        0x00,0x00,0x1f,0x00,0x1f,0x00,0x7f,0x00,0xff,0x01,0xff,0x07,0xff,0x5f,0x00,0x00,
        0x00,0x00,0x40,0xff,0x40,0xff,0x00,0xfd,0x40,0xff,0xd0,0xff,0xf4,0xff,0x00,0x00,
        0x00,0x00,0x00,0xff,0x00,0xfd,0x00,0xf4,0x00,0xfd,0x40,0xff,0xd1,0xff,0x00,0x00,
        0x00,0x00,0x00,0x7d,0x00,0x74,0x00,0xd0,0x00,0xf4,0x01,0xfd,0x47,0xff,0x00,0x00,
        0x00,0x00,0x00,0x34,0x00,0x10,0x00,0x40,0x01,0xd0,0x07,0xf4,0x1f,0xfd,0x00,0x00,
        0x00,0x00,0x00,0x10,0x00,0x00,0x01,0x00,0x07,0x40,0x1f,0xd0,0x7f,0xf4,0x00,0x00,
        0x00,0x00,0x01,0x00,0x01,0x00,0x07,0x00,0x1f,0x00,0x7f,0x40,0xff,0xd1,0x00,0x00,
        0x00,0x00,0x07,0x00,0x07,0x00,0x1f,0x00,0x7f,0x00,0xff,0x01,0xff,0x47,0x00,0x00,
        0x00,0x00,0x1f,0x00,0x1f,0x00,0x7f,0x00,0xff,0x01,0xff,0x07,0xff,0x1f,0x00,0x00,
        0x00,0x00,0x40,0xff,0x40,0xff,0x00,0xfd,0x40,0xff,0xd0,0xff,0xf0,0xff,0x00,0x00,
        0x00,0x00,0x40,0xff,0x00,0xfd,0x00,0xf4,0x00,0xfd,0x40,0xff,0xc0,0xff,0x00,0x00,
        0x00,0x00,0x40,0x7d,0x00,0x74,0x00,0xd0,0x00,0xf4,0x01,0xfd,0x03,0xff,0x00,0x00,
        0x00,0x00,0x40,0x35,0x00,0x10,0x00,0x40,0x01,0xd0,0x07,0xf4,0x0f,0xfc,0x00,0x00,
        0x00,0x00,0x40,0x15,0x00,0x00,0x01,0x00,0x07,0x40,0x1f,0xd0,0x3f,0xf0,0x00,0x00,
        0x00,0x00,0x41,0x15,0x01,0x00,0x07,0x00,0x1f,0x00,0x7f,0x40,0xff,0xc0,0x00,0x00,
        0x00,0x00,0x57,0x15,0x07,0x00,0x1f,0x00,0x7f,0x00,0xff,0x01,0xff,0x03,0x00,0x00,
        0x00,0x00,0x5f,0x15,0x1f,0x00,0x7f,0x00,0xff,0x01,0xff,0x07,0xff,0x0f,0x00,0x00,
        0x00,0x00,0x00,0x00,0x00,0x00,0x00,0x00,0x00,0x00,0x00,0x00,0x00,0x00,0x00,0x00,
        0x00,0x00,0x00,0x00,0x00,0x00,0x00,0x00,0x00,0x00,0x00,0x00,0x00,0x00,0x00,0x00,
        0x00,0x00,0x5c,0xff,0xff,0xff,0xff,0xff,0xff,0xff,0xff,0xff,0xff,0xff,0x00,0x00,
        0x00,0x00,0x5c,0xfd,0xff,0xff,0xff,0xff,0xff,0xff,0xff,0xff,0xff,0xff,0x00,0x00,
        0x00,0x00,0x7c,0xf5,0xff,0xff,0xff,0xff,0xff,0xff,0xff,0xff,0xff,0xff,0x00,0x00,
        0x00,0x00,0xfc,0xd5,0xff,0xff,0xff,0xff,0xff,0xff,0xff,0xff,0xff,0xff,0x00,0x00,
        0x00,0x00,0xfc,0x57,0xff,0xff,0xff,0xff,0xff,0xff,0xff,0xff,0xff,0xff,0x00,0x00,
        0x00,0x00,0xfc,0x5f,0xff,0xff,0xff,0xff,0xff,0xff,0xff,0xff,0xff,0xff,0x00,0x00,
        0x00,0x00,0x00,0x00,0x00,0x00,0x00,0x00,0x00,0x00,0x00,0x00,0x00,0x00,0x00,0x00,
        0x00,0x00,0x00,0x00,0x00,0x00,0x00,0x00,0x00,0x00,0x00,0x00,0x00,0x00,0x00,0x00,
        0x00,0x00,0x4c,0x55,0x5d,0x55,0xff,0xff,0xff,0xff,0xff,0xff,0xff,0xff,0x00,0x00,
        0x00,0x00,0x1c,0x55,0x5d,0x55,0xff,0xff,0xff,0xff,0xff,0xff,0xff,0xff,0x00,0x00,
        0x00,0x00,0x7c,0x54,0x7f,0x55,0xff,0xff,0xff,0xff,0xff,0xff,0xff,0xff,0x00,0x00,
        0x00,0x00,0xfc,0x51,0x7f,0x55,0xff,0xff,0xff,0xff,0xff,0xff,0xff,0xff,0x00,0x00,
        0x00,0x00,0xfc,0x45,0xff,0x55,0xff,0xff,0xff,0xff,0xff,0xff,0xff,0xff,0x00,0x00,
        0x00,0x00,0xfc,0x15,0xff,0x55,0xff,0xff,0xff,0xff,0xff,0xff,0xff,0xff,0x00,0x00,
        0x00,0x00,0x00,0x00,0x00,0x00,0x00,0x00,0x00,0x00,0x00,0x00,0x00,0x00,0x00,0x00,
        0x00,0x00,0x00,0x00,0x00,0x00,0x00,0x00,0x00,0x00,0x00,0x00,0x00,0x00,0x00,0x00,
        0x00,0x00,0x00,0x40,0x04,0x40,0x55,0xd5,0xff,0xff,0xff,0xff,0xff,0xff,0x00,0x00,
        0x00,0x00,0x0c,0x00,0x1d,0x00,0x55,0x55,0xff,0xff,0xff,0xff,0xff,0xff,0x00,0x00,
        0x00,0x00,0x3c,0x00,0x3d,0x00,0x5d,0x55,0xff,0xff,0xff,0xff,0xff,0xff,0x00,0x00,
        0x00,0x00,0x7c,0x00,0x7d,0x00,0x7f,0x55,0xff,0xff,0xff,0xff,0xff,0xff,0x00,0x00,
        0x00,0x00,0xfc,0x00,0xff,0x00,0xff,0x55,0xff,0xff,0xff,0xff,0xff,0xff,0x00,0x00,
        0x00,0x00,0xfc,0x01,0xff,0x01,0xff,0x55,0xff,0xff,0xff,0xff,0xff,0xff,0x00,0x00,
        0x00,0x00,0x00,0xf4,0x00,0xf4,0x00,0xfd,0x55,0xff,0xff,0xff,0xff,0xff,0x00,0x00,
        0x00,0x00,0x00,0xd0,0x00,0xd0,0x00,0xf4,0x55,0xfd,0xff,0xff,0xff,0xff,0x00,0x00,
        0x00,0x00,0x04,0x40,0x00,0x40,0x00,0xd0,0x55,0xf5,0xff,0xff,0xff,0xff,0x00,0x00,
        0x00,0x00,0x1c,0x00,0x04,0x00,0x04,0x40,0x55,0xd5,0xff,0xff,0xff,0xff,0x00,0x00,
        0x00,0x00,0x3c,0x00,0x1c,0x00,0x15,0x00,0x57,0x55,0xff,0xff,0xff,0xff,0x00,0x00,
        0x00,0x00,0x7c,0x00,0x7d,0x00,0x5f,0x00,0x5f,0x55,0xff,0xff,0xff,0xff,0x00,0x00,
        0x00,0x00,0xfc,0x00,0xff,0x00,0x7f,0x00,0x7f,0x55,0xff,0xff,0xff,0xff,0x00,0x00,
        0x00,0x00,0xfc,0x01,0xff,0x01,0xff,0x01,0xff,0x55,0xff,0xff,0xff,0xff,0x00,0x00,
        0x00,0x00,0x54,0xf5,0x00,0xf4,0x00,0xfd,0x40,0xff,0xd5,0xff,0xff,0xff,0x00,0x00,
        0x00,0x00,0x54,0xd5,0x00,0xd0,0x00,0xf4,0x00,0xfd,0x55,0xff,0xff,0xff,0x00,0x00,
        0x00,0x00,0x04,0x40,0x00,0x40,0x00,0xd0,0x00,0xf4,0x55,0xfd,0xff,0xff,0x00,0x00,
        0x00,0x00,0x1c,0x00,0x04,0x00,0x00,0x40,0x01,0xd0,0x57,0xf5,0xff,0xff,0x00,0x00,
        0x00,0x00,0x3c,0x00,0x1c,0x00,0x05,0x00,0x07,0x40,0x5f,0xd5,0xff,0xff,0x00,0x00,
        0x00,0x00,0x7c,0x00,0x7d,0x00,0x1f,0x00,0x1f,0x00,0x7f,0x55,0xff,0xff,0x00,0x00,
        0x00,0x00,0xfc,0x00,0xff,0x00,0x7f,0x00,0x7f,0x00,0xff,0x55,0xff,0xff,0x00,0x00,
        0x00,0x00,0xfc,0x01,0xff,0x01,0xff,0x01,0xff,0x01,0xff,0x57,0xff,0xff,0x00,0x00,
        0x00,0x00,0x00,0xf4,0x00,0xf4,0x00,0xfd,0x40,0xff,0xd0,0xff,0xf5,0xff,0x00,0x00,
        0x00,0x00,0x00,0xd0,0x00,0xd0,0x00,0xf4,0x00,0xfd,0x40,0xff,0xd5,0xff,0x00,0x00,
        0x00,0x00,0x04,0x40,0x00,0x40,0x00,0xd0,0x00,0xf4,0x01,0xfd,0x57,0xff,0x00,0x00,
        0x00,0x00,0x1c,0x00,0x04,0x00,0x00,0x40,0x01,0xd0,0x07,0xf4,0x5f,0xfd,0x00,0x00,
        0x00,0x00,0x3c,0x00,0x1c,0x00,0x05,0x00,0x07,0x40,0x1f,0xd0,0x7f,0xf5,0x00,0x00,
        0x00,0x00,0x7c,0x00,0x7d,0x00,0x1f,0x00,0x1f,0x00,0x7f,0x40,0xff,0xd5,0x00,0x00,
        0x00,0x00,0xfc,0x00,0xff,0x00,0x7f,0x00,0x7f,0x00,0xff,0x01,0xff,0x57,0x00,0x00,
        0x00,0x00,0xfc,0x01,0xff,0x01,0xff,0x01,0xff,0x01,0xff,0x07,0xff,0x5f,0x00,0x00,
        0x00,0x00,0x54,0xf5,0x00,0xf4,0x00,0xfd,0x40,0xff,0xd0,0xff,0xf4,0xff,0x00,0x00,
        0x00,0x00,0x54,0xd5,0x00,0xd0,0x00,0xf4,0x00,0xfd,0x40,0xff,0xd1,0xff,0x00,0x00,
        0x00,0x00,0x54,0x40,0x00,0x40,0x00,0xd0,0x00,0xf4,0x01,0xfd,0x47,0xff,0x00,0x00,
        0x00,0x00,0x5c,0x00,0x04,0x00,0x00,0x40,0x01,0xd0,0x07,0xf4,0x1f,0xfd,0x00,0x00,
        0x00,0x00,0x7c,0x00,0x1c,0x00,0x05,0x00,0x07,0x40,0x1f,0xd0,0x7f,0xf4,0x00,0x00,
        0x00,0x00,0x7c,0x00,0x7d,0x00,0x1f,0x00,0x1f,0x00,0x7f,0x40,0xff,0xd1,0x00,0x00,
        0x00,0x00,0xfc,0x00,0xff,0x00,0x7f,0x00,0x7f,0x00,0xff,0x01,0xff,0x47,0x00,0x00,
        0x00,0x00,0xfc,0x01,0xff,0x01,0xff,0x01,0xff,0x01,0xff,0x07,0xff,0x1f,0x00,0x00,
        0x00,0x00,0xfc,0xff,0x00,0xf4,0x00,0xfd,0x40,0xff,0xd0,0xff,0xf0,0xff,0x00,0x00,
        0x00,0x00,0xfc,0xd5,0x00,0xd0,0x00,0xf4,0x00,0xfd,0x40,0xff,0xc0,0xff,0x00,0x00,
        0x00,0x00,0xfc,0x41,0x00,0x40,0x00,0xd0,0x00,0xf4,0x01,0xfd,0x03,0xff,0x00,0x00,
        0x00,0x00,0xfc,0x01,0x04,0x00,0x00,0x40,0x01,0xd0,0x07,0xf4,0x0f,0xfc,0x00,0x00,
        0x00,0x00,0xfc,0x01,0x1c,0x00,0x05,0x00,0x07,0x40,0x1f,0xd0,0x3f,0xf0,0x00,0x00,
        0x00,0x00,0xfc,0x01,0x7d,0x00,0x1f,0x00,0x1f,0x00,0x7f,0x40,0xff,0xc0,0x00,0x00,
        0x00,0x00,0xfc,0x01,0xff,0x00,0x7f,0x00,0x7f,0x00,0xff,0x01,0xff,0x03,0x00,0x00,
        0x00,0x00,0xfc,0x01,0xff,0x01,0xff,0x01,0xff,0x01,0xff,0x07,0xff,0x0f,0x00,0x00,
        0x00,0x00,0x00,0x00,0x00,0x00,0x00,0x00,0x00,0x00,0x00,0x00,0x00,0x00,0x00,0x00,
        0x00,0x00,0x00,0x00,0x00,0x00,0x00,0x00,0x00,0x00,0x00,0x00,0x00,0x00,0x00,0x00,
        0x00,0x00,0x00,0x00,0x00,0x00,0x00,0x00,0x00,0x00,0x00,0x00,0x00,0x00,0x00,0x00,
        0x00,0x00,0x73,0xfd,0xff,0xff,0xff,0xff,0xff,0xff,0xff,0xff,0xff,0xff,0x00,0x00,
        0x00,0x00,0x73,0xf5,0xff,0xff,0xff,0xff,0xff,0xff,0xff,0xff,0xff,0xff,0x00,0x00,
        0x00,0x00,0xf3,0xd5,0xff,0xff,0xff,0xff,0xff,0xff,0xff,0xff,0xff,0xff,0x00,0x00,
        0x00,0x00,0xf3,0x57,0xff,0xff,0xff,0xff,0xff,0xff,0xff,0xff,0xff,0xff,0x00,0x00,
        0x00,0x00,0xf3,0x5f,0xff,0xff,0xff,0xff,0xff,0xff,0xff,0xff,0xff,0xff,0x00,0x00,
        0x00,0x00,0x00,0x00,0x00,0x00,0x00,0x00,0x00,0x00,0x00,0x00,0x00,0x00,0x00,0x00,
        0x00,0x00,0x00,0x00,0x00,0x00,0x00,0x00,0x00,0x00,0x00,0x00,0x00,0x00,0x00,0x00,
        0x00,0x00,0x00,0x00,0x00,0x00,0x00,0x00,0x00,0x00,0x00,0x00,0x00,0x00,0x00,0x00,
        0x00,0x00,0x33,0x55,0x7f,0x55,0xff,0xff,0xff,0xff,0xff,0xff,0xff,0xff,0x00,0x00,
        0x00,0x00,0x73,0x54,0x7f,0x55,0xff,0xff,0xff,0xff,0xff,0xff,0xff,0xff,0x00,0x00,
        0x00,0x00,0xf3,0x51,0xff,0x55,0xff,0xff,0xff,0xff,0xff,0xff,0xff,0xff,0x00,0x00,
        0x00,0x00,0xf3,0x47,0xff,0x55,0xff,0xff,0xff,0xff,0xff,0xff,0xff,0xff,0x00,0x00,
        0x00,0x00,0xf3,0x17,0xff,0x57,0xff,0xff,0xff,0xff,0xff,0xff,0xff,0xff,0x00,0x00,
        0x00,0x00,0x00,0x00,0x00,0x00,0x00,0x00,0x00,0x00,0x00,0x00,0x00,0x00,0x00,0x00,
        0x00,0x00,0x00,0x00,0x00,0x00,0x00,0x00,0x00,0x00,0x00,0x00,0x00,0x00,0x00,0x00,
        0x00,0x00,0x00,0x00,0x00,0x00,0x00,0x00,0x00,0x00,0x00,0x00,0x00,0x00,0x00,0x00,
        0x00,0x00,0x01,0x00,0x1d,0x00,0x55,0x55,0xff,0xff,0xff,0xff,0xff,0xff,0x00,0x00,
        0x00,0x00,0x31,0x00,0x7d,0x00,0x5d,0x55,0xff,0xff,0xff,0xff,0xff,0xff,0x00,0x00,
        0x00,0x00,0xf1,0x00,0xfd,0x00,0x7f,0x55,0xff,0xff,0xff,0xff,0xff,0xff,0x00,0x00,
        0x00,0x00,0xf3,0x01,0xff,0x01,0xff,0x55,0xff,0xff,0xff,0xff,0xff,0xff,0x00,0x00,
        0x00,0x00,0xf3,0x03,0xff,0x03,0xff,0x57,0xff,0xff,0xff,0xff,0xff,0xff,0x00,0x00,
        0x00,0x00,0x50,0xf5,0x40,0xf5,0x10,0xfd,0x55,0xff,0xff,0xff,0xff,0xff,0x00,0x00,
        0x00,0x00,0x00,0xd0,0x00,0xd0,0x00,0xf4,0x55,0xfd,0xff,0xff,0xff,0xff,0x00,0x00,
        0x00,0x00,0x00,0x40,0x00,0x40,0x00,0xd0,0x55,0xf5,0xff,0xff,0xff,0xff,0x00,0x00,
        0x00,0x00,0x10,0x00,0x04,0x00,0x04,0x40,0x55,0xd5,0xff,0xff,0xff,0xff,0x00,0x00,
        0x00,0x00,0x70,0x00,0x1c,0x00,0x15,0x00,0x57,0x55,0xff,0xff,0xff,0xff,0x00,0x00,
        0x00,0x00,0xf1,0x00,0x7d,0x00,0x5f,0x00,0x5f,0x55,0xff,0xff,0xff,0xff,0x00,0x00,
        0x00,0x00,0xf3,0x01,0xff,0x01,0x7f,0x01,0x7f,0x55,0xff,0xff,0xff,0xff,0x00,0x00,
        0x00,0x00,0xf3,0x03,0xff,0x03,0xff,0x01,0xff,0x55,0xff,0xff,0xff,0xff,0x00,0x00,
        0x00,0x00,0x50,0xf5,0x40,0xf5,0x00,0xfd,0x40,0xff,0xd5,0xff,0xff,0xff,0x00,0x00,
        0x00,0x00,0x50,0xd5,0x00,0xd0,0x00,0xf4,0x00,0xfd,0x55,0xff,0xff,0xff,0x00,0x00,
        0x00,0x00,0x50,0x55,0x00,0x40,0x00,0xd0,0x00,0xf4,0x55,0xfd,0xff,0xff,0x00,0x00,
        0x00,0x00,0x10,0x00,0x04,0x00,0x00,0x40,0x01,0xd0,0x57,0xf5,0xff,0xff,0x00,0x00,
        0x00,0x00,0x70,0x00,0x1c,0x00,0x05,0x00,0x07,0x40,0x5f,0xd5,0xff,0xff,0x00,0x00,
        0x00,0x00,0xf1,0x00,0x7d,0x00,0x1f,0x00,0x1f,0x00,0x7f,0x55,0xff,0xff,0x00,0x00,
        0x00,0x00,0xf3,0x01,0xff,0x01,0x7f,0x00,0x7f,0x00,0xff,0x55,0xff,0xff,0x00,0x00,
        0x00,0x00,0xf3,0x03,0xff,0x03,0xff,0x01,0xff,0x01,0xff,0x57,0xff,0xff,0x00,0x00,
        0x00,0x00,0x50,0xf5,0x40,0xf5,0x00,0xfd,0x40,0xff,0xd0,0xff,0xf5,0xff,0x00,0x00,
        0x00,0x00,0x00,0xd0,0x00,0xd0,0x00,0xf4,0x00,0xfd,0x40,0xff,0xd5,0xff,0x00,0x00,
        0x00,0x00,0x00,0x40,0x00,0x40,0x00,0xd0,0x00,0xf4,0x01,0xfd,0x57,0xff,0x00,0x00,
        0x00,0x00,0x10,0x00,0x04,0x00,0x00,0x40,0x01,0xd0,0x07,0xf4,0x5f,0xfd,0x00,0x00,
        0x00,0x00,0x70,0x00,0x1c,0x00,0x05,0x00,0x07,0x40,0x1f,0xd0,0x7f,0xf5,0x00,0x00,
        0x00,0x00,0xf1,0x00,0x7d,0x00,0x1f,0x00,0x1f,0x00,0x7f,0x40,0xff,0xd5,0x00,0x00,
        0x00,0x00,0xf3,0x01,0xff,0x01,0x7f,0x00,0x7f,0x00,0xff,0x01,0xff,0x57,0x00,0x00,
        0x00,0x00,0xf3,0x03,0xff,0x03,0xff,0x01,0xff,0x01,0xff,0x07,0xff,0x5f,0x00,0x00,
        0x00,0x00,0x50,0xf5,0x40,0xf5,0x00,0xfd,0x40,0xff,0xd0,0xff,0xf4,0xff,0x00,0x00,
        0x00,0x00,0x50,0xd5,0x00,0xd0,0x00,0xf4,0x00,0xfd,0x40,0xff,0xd1,0xff,0x00,0x00,
        0x00,0x00,0x50,0x55,0x00,0x40,0x00,0xd0,0x00,0xf4,0x01,0xfd,0x47,0xff,0x00,0x00,
        0x00,0x00,0x50,0x01,0x04,0x00,0x00,0x40,0x01,0xd0,0x07,0xf4,0x1f,0xfd,0x00,0x00,
        0x00,0x00,0x70,0x01,0x1c,0x00,0x05,0x00,0x07,0x40,0x1f,0xd0,0x7f,0xf4,0x00,0x00,
        0x00,0x00,0xf1,0x01,0x7d,0x00,0x1f,0x00,0x1f,0x00,0x7f,0x40,0xff,0xd1,0x00,0x00,
        0x00,0x00,0xf3,0x01,0xff,0x01,0x7f,0x00,0x7f,0x00,0xff,0x01,0xff,0x47,0x00,0x00,
        0x00,0x00,0xf3,0x03,0xff,0x03,0xff,0x01,0xff,0x01,0xff,0x07,0xff,0x1f,0x00,0x00,
        0x00,0x00,0xf0,0xff,0x40,0xf5,0x00,0xfd,0x40,0xff,0xd0,0xff,0xf0,0xff,0x00,0x00,
        0x00,0x00,0xf0,0xff,0x00,0xd0,0x00,0xf4,0x00,0xfd,0x40,0xff,0xc0,0xff,0x00,0x00,
        0x00,0x00,0xf0,0x57,0x00,0x40,0x00,0xd0,0x00,0xf4,0x01,0xfd,0x03,0xff,0x00,0x00,
        0x00,0x00,0xf0,0x07,0x04,0x00,0x00,0x40,0x01,0xd0,0x07,0xf4,0x0f,0xfc,0x00,0x00,
        0x00,0x00,0xf0,0x07,0x1c,0x00,0x05,0x00,0x07,0x40,0x1f,0xd0,0x3f,0xf0,0x00,0x00,
        0x00,0x00,0xf1,0x07,0x7d,0x00,0x1f,0x00,0x1f,0x00,0x7f,0x40,0xff,0xc0,0x00,0x00,
        0x00,0x00,0xf3,0x07,0xff,0x01,0x7f,0x00,0x7f,0x00,0xff,0x01,0xff,0x03,0x00,0x00,
        0x00,0x00,0xf3,0x07,0xff,0x03,0xff,0x01,0xff,0x01,0xff,0x07,0xff,0x0f,0x00,0x00,
        0x00,0x00,0xcd,0xff,0xff,0xff,0xff,0xff,0xff,0xff,0xff,0xff,0xff,0xff,0x00,0x00,
        0x00,0x00,0x00,0x00,0x00,0x00,0x00,0x00,0x00,0x00,0x00,0x00,0x00,0x00,0x00,0x00,
        0x00,0x00,0x00,0x00,0x00,0x00,0x00,0x00,0x00,0x00,0x00,0x00,0x00,0x00,0x00,0x00,
        0x00,0x00,0x00,0x00,0x00,0x00,0x00,0x00,0x00,0x00,0x00,0x00,0x00,0x00,0x00,0x00,
        0x00,0x00,0xcf,0xf5,0xff,0xff,0xff,0xff,0xff,0xff,0xff,0xff,0xff,0xff,0x00,0x00,
        0x00,0x00,0xcf,0xd5,0xff,0xff,0xff,0xff,0xff,0xff,0xff,0xff,0xff,0xff,0x00,0x00,
        0x00,0x00,0xcf,0x57,0xff,0xff,0xff,0xff,0xff,0xff,0xff,0xff,0xff,0xff,0x00,0x00,
        0x00,0x00,0xcf,0x5f,0xff,0xff,0xff,0xff,0xff,0xff,0xff,0xff,0xff,0xff,0x00,0x00,
        0x00,0x00,0xcc,0xff,0xfd,0xff,0xff,0xff,0xff,0xff,0xff,0xff,0xff,0xff,0x00,0x00,
        0x00,0x00,0x00,0x00,0x00,0x00,0x00,0x00,0x00,0x00,0x00,0x00,0x00,0x00,0x00,0x00,
        0x00,0x00,0x00,0x00,0x00,0x00,0x00,0x00,0x00,0x00,0x00,0x00,0x00,0x00,0x00,0x00,
        0x00,0x00,0x00,0x00,0x00,0x00,0x00,0x00,0x00,0x00,0x00,0x00,0x00,0x00,0x00,0x00,
        0x00,0x00,0xcf,0x54,0xff,0x55,0xff,0xff,0xff,0xff,0xff,0xff,0xff,0xff,0x00,0x00,
        0x00,0x00,0xcf,0x51,0xff,0x55,0xff,0xff,0xff,0xff,0xff,0xff,0xff,0xff,0x00,0x00,
        0x00,0x00,0xcf,0x47,0xff,0x57,0xff,0xff,0xff,0xff,0xff,0xff,0xff,0xff,0x00,0x00,
        0x00,0x00,0xcf,0x1f,0xff,0x57,0xff,0xff,0xff,0xff,0xff,0xff,0xff,0xff,0x00,0x00,
        0x00,0x00,0xc0,0xff,0x74,0xff,0xd5,0xfd,0xff,0xff,0xff,0xff,0xff,0xff,0x00,0x00,
        0x00,0x00,0x00,0x00,0x00,0x00,0x00,0x00,0x00,0x00,0x00,0x00,0x00,0x00,0x00,0x00,
        0x00,0x00,0x00,0x00,0x00,0x00,0x00,0x00,0x00,0x00,0x00,0x00,0x00,0x00,0x00,0x00,
        0x00,0x00,0x00,0x00,0x00,0x00,0x00,0x00,0x00,0x00,0x00,0x00,0x00,0x00,0x00,0x00,
        0x00,0x00,0x0d,0x00,0x75,0x00,0x5d,0x55,0xff,0xff,0xff,0xff,0xff,0xff,0x00,0x00,
        0x00,0x00,0xcd,0x00,0xfd,0x01,0x7f,0x55,0xff,0xff,0xff,0xff,0xff,0xff,0x00,0x00,
        0x00,0x00,0xcf,0x03,0xff,0x03,0xff,0x55,0xff,0xff,0xff,0xff,0xff,0xff,0x00,0x00,
        0x00,0x00,0xcf,0x07,0xff,0x07,0xff,0x57,0xff,0xff,0xff,0xff,0xff,0xff,0x00,0x00,
        0x00,0x00,0xc4,0xff,0x50,0xff,0x50,0xfd,0x55,0xff,0xff,0xff,0xff,0xff,0x00,0x00,
        0x00,0x00,0x40,0xd5,0x00,0xd5,0x40,0xf4,0x55,0xfd,0xff,0xff,0xff,0xff,0x00,0x00,
        0x00,0x00,0x00,0x40,0x00,0x40,0x00,0xd0,0x55,0xf5,0xff,0xff,0xff,0xff,0x00,0x00,
        0x00,0x00,0x04,0x00,0x00,0x00,0x04,0x40,0x55,0xd5,0xff,0xff,0xff,0xff,0x00,0x00,
        0x00,0x00,0x4c,0x00,0x14,0x00,0x15,0x00,0x57,0x55,0xff,0xff,0xff,0xff,0x00,0x00,
        0x00,0x00,0xcd,0x01,0x7d,0x00,0x5f,0x00,0x5f,0x55,0xff,0xff,0xff,0xff,0x00,0x00,
        0x00,0x00,0xcf,0x03,0xff,0x01,0x7f,0x01,0x7f,0x55,0xff,0xff,0xff,0xff,0x00,0x00,
        0x00,0x00,0xcf,0x07,0xff,0x07,0xff,0x05,0xff,0x55,0xff,0xff,0xff,0xff,0x00,0x00,
        0x00,0x00,0xc4,0xff,0x50,0xff,0x40,0xfd,0x40,0xff,0xd5,0xff,0xff,0xff,0x00,0x00,
        0x00,0x00,0x44,0xd5,0x00,0xd5,0x00,0xf4,0x00,0xfd,0x55,0xff,0xff,0xff,0x00,0x00,
        0x00,0x00,0x44,0x55,0x00,0x40,0x00,0xd0,0x00,0xf4,0x55,0xfd,0xff,0xff,0x00,0x00,
        0x00,0x00,0x44,0x15,0x00,0x00,0x00,0x40,0x01,0xd0,0x57,0xf5,0xff,0xff,0x00,0x00,
        0x00,0x00,0x4c,0x00,0x14,0x00,0x05,0x00,0x07,0x40,0x5f,0xd5,0xff,0xff,0x00,0x00,
        0x00,0x00,0xcd,0x01,0x7d,0x00,0x1f,0x00,0x1f,0x00,0x7f,0x55,0xff,0xff,0x00,0x00,
        0x00,0x00,0xcf,0x03,0xff,0x01,0x7f,0x00,0x7f,0x00,0xff,0x55,0xff,0xff,0x00,0x00,
        0x00,0x00,0xcf,0x07,0xff,0x07,0xff,0x01,0xff,0x01,0xff,0x57,0xff,0xff,0x00,0x00,
        0x00,0x00,0xc4,0xff,0x50,0xff,0x40,0xfd,0x40,0xff,0xd0,0xff,0xf5,0xff,0x00,0x00,
        0x00,0x00,0x40,0xd5,0x00,0xd5,0x00,0xf4,0x00,0xfd,0x40,0xff,0xd5,0xff,0x00,0x00,
        0x00,0x00,0x00,0x40,0x00,0x40,0x00,0xd0,0x00,0xf4,0x01,0xfd,0x57,0xff,0x00,0x00,
        0x00,0x00,0x04,0x00,0x00,0x00,0x00,0x40,0x01,0xd0,0x07,0xf4,0x5f,0xfd,0x00,0x00,
        0x00,0x00,0x4c,0x00,0x14,0x00,0x05,0x00,0x07,0x40,0x1f,0xd0,0x7f,0xf5,0x00,0x00,
        0x00,0x00,0xcd,0x01,0x7d,0x00,0x1f,0x00,0x1f,0x00,0x7f,0x40,0xff,0xd5,0x00,0x00,
        0x00,0x00,0xcf,0x03,0xff,0x01,0x7f,0x00,0x7f,0x00,0xff,0x01,0xff,0x57,0x00,0x00,
        0x00,0x00,0xcf,0x07,0xff,0x07,0xff,0x01,0xff,0x01,0xff,0x07,0xff,0x5f,0x00,0x00,
        0x00,0x00,0xc4,0xff,0x50,0xff,0x40,0xfd,0x40,0xff,0xd0,0xff,0xf4,0xff,0x00,0x00,
        0x00,0x00,0x44,0xd5,0x00,0xd5,0x00,0xf4,0x00,0xfd,0x40,0xff,0xd1,0xff,0x00,0x00,
        0x00,0x00,0x44,0x55,0x00,0x40,0x00,0xd0,0x00,0xf4,0x01,0xfd,0x47,0xff,0x00,0x00,
        0x00,0x00,0x44,0x15,0x00,0x00,0x00,0x40,0x01,0xd0,0x07,0xf4,0x1f,0xfd,0x00,0x00,
        0x00,0x00,0x4c,0x05,0x14,0x00,0x05,0x00,0x07,0x40,0x1f,0xd0,0x7f,0xf4,0x00,0x00,
        0x00,0x00,0xcd,0x05,0x7d,0x00,0x1f,0x00,0x1f,0x00,0x7f,0x40,0xff,0xd1,0x00,0x00,
        0x00,0x00,0xcf,0x07,0xff,0x01,0x7f,0x00,0x7f,0x00,0xff,0x01,0xff,0x47,0x00,0x00,
        0x00,0x00,0xcf,0x07,0xff,0x07,0xff,0x01,0xff,0x01,0xff,0x07,0xff,0x1f,0x00,0x00,
        0x00,0x00,0xcc,0xff,0x50,0xff,0x40,0xfd,0x40,0xff,0xd0,0xff,0xf0,0xff,0x00,0x00,
        0x00,0x00,0xcc,0xff,0x00,0xd5,0x00,0xf4,0x00,0xfd,0x40,0xff,0xc0,0xff,0x00,0x00,
        0x00,0x00,0xcc,0x7f,0x00,0x40,0x00,0xd0,0x00,0xf4,0x01,0xfd,0x03,0xff,0x00,0x00,
        0x00,0x00,0xcc,0x1f,0x00,0x00,0x00,0x40,0x01,0xd0,0x07,0xf4,0x0f,0xfc,0x00,0x00,
        0x00,0x00,0xcc,0x1f,0x14,0x00,0x05,0x00,0x07,0x40,0x1f,0xd0,0x3f,0xf0,0x00,0x00,
        0x00,0x00,0xcd,0x1f,0x7d,0x00,0x1f,0x00,0x1f,0x00,0x7f,0x40,0xff,0xc0,0x00,0x00,
        0x00,0x00,0xcf,0x1f,0xff,0x01,0x7f,0x00,0x7f,0x00,0xff,0x01,0xff,0x03,0x00,0x00,
        0x00,0x00,0xcf,0x1f,0xff,0x07,0xff,0x01,0xff,0x01,0xff,0x07,0xff,0x0f,0x00,0x00,
        0x00,0x00,0x35,0xff,0xff,0xff,0xff,0xff,0xff,0xff,0xff,0xff,0xff,0xff,0x00,0x00,
        0x00,0x00,0x35,0xff,0xff,0xff,0xff,0xff,0xff,0xff,0xff,0xff,0xff,0xff,0x00,0x00,
        0x00,0x00,0x00,0x00,0x00,0x00,0x00,0x00,0x00,0x00,0x00,0x00,0x00,0x00,0x00,0x00,
        0x00,0x00,0x00,0x00,0x00,0x00,0x00,0x00,0x00,0x00,0x00,0x00,0x00,0x00,0x00,0x00,
        0x00,0x00,0x00,0x00,0x00,0x00,0x00,0x00,0x00,0x00,0x00,0x00,0x00,0x00,0x00,0x00,
        0x00,0x00,0x3f,0xd7,0xff,0xff,0xff,0xff,0xff,0xff,0xff,0xff,0xff,0xff,0x00,0x00,
        0x00,0x00,0x3f,0x57,0xff,0xff,0xff,0xff,0xff,0xff,0xff,0xff,0xff,0xff,0x00,0x00,
        0x00,0x00,0x3f,0x5f,0xff,0xff,0xff,0xff,0xff,0xff,0xff,0xff,0xff,0xff,0x00,0x00,
        0x00,0x00,0x34,0xff,0xf5,0xff,0xff,0xff,0xff,0xff,0xff,0xff,0xff,0xff,0x00,0x00,
        0x00,0x00,0x31,0xff,0xf5,0xff,0xff,0xff,0xff,0xff,0xff,0xff,0xff,0xff,0x00,0x00,
        0x00,0x00,0x00,0x00,0x00,0x00,0x00,0x00,0x00,0x00,0x00,0x00,0x00,0x00,0x00,0x00,
        0x00,0x00,0x00,0x00,0x00,0x00,0x00,0x00,0x00,0x00,0x00,0x00,0x00,0x00,0x00,0x00,
        0x00,0x00,0x00,0x00,0x00,0x00,0x00,0x00,0x00,0x00,0x00,0x00,0x00,0x00,0x00,0x00,
        0x00,0x00,0x3f,0x53,0xff,0x57,0xff,0xff,0xff,0xff,0xff,0xff,0xff,0xff,0x00,0x00,
        0x00,0x00,0x3f,0x47,0xff,0x57,0xff,0xff,0xff,0xff,0xff,0xff,0xff,0xff,0x00,0x00,
        0x00,0x00,0x3f,0x1f,0xff,0x5f,0xff,0xff,0xff,0xff,0xff,0xff,0xff,0xff,0x00,0x00,
        0x00,0x00,0x30,0xff,0xf4,0xff,0xd5,0xff,0xff,0xff,0xff,0xff,0xff,0xff,0x00,0x00,
        0x00,0x00,0x00,0xff,0xd0,0xfd,0x55,0xf7,0xff,0xff,0xff,0xff,0xff,0xff,0x00,0x00,
        0x00,0x00,0x00,0x00,0x00,0x00,0x00,0x00,0x00,0x00,0x00,0x00,0x00,0x00,0x00,0x00,
        0x00,0x00,0x00,0x00,0x00,0x00,0x00,0x00,0x00,0x00,0x00,0x00,0x00,0x00,0x00,0x00,
        0x00,0x00,0x00,0x00,0x00,0x00,0x00,0x00,0x00,0x00,0x00,0x00,0x00,0x00,0x00,0x00,
        0x00,0x00,0x3d,0x00,0xdd,0x01,0x77,0x55,0xff,0xff,0xff,0xff,0xff,0xff,0x00,0x00,
        0x00,0x00,0x3f,0x03,0xff,0x07,0xff,0x55,0xff,0xff,0xff,0xff,0xff,0xff,0x00,0x00,
        0x00,0x00,0x3f,0x0f,0xff,0x0f,0xff,0x57,0xff,0xff,0xff,0xff,0xff,0xff,0x00,0x00,
        0x00,0x00,0x34,0xff,0xd0,0xff,0x50,0xff,0x55,0xff,0xff,0xff,0xff,0xff,0x00,0x00,
        0x00,0x00,0x10,0xff,0x40,0xfd,0x40,0xf5,0x55,0xfd,0xff,0xff,0xff,0xff,0x00,0x00,
        0x00,0x00,0x00,0x55,0x00,0x54,0x00,0xd1,0x55,0xf5,0xff,0xff,0xff,0xff,0x00,0x00,
        0x00,0x00,0x00,0x00,0x00,0x00,0x00,0x40,0x55,0xd5,0xff,0xff,0xff,0xff,0x00,0x00,
        0x00,0x00,0x14,0x00,0x04,0x00,0x11,0x00,0x57,0x55,0xff,0xff,0xff,0xff,0x00,0x00,
        0x00,0x00,0x3d,0x01,0x5d,0x00,0x57,0x00,0x5f,0x55,0xff,0xff,0xff,0xff,0x00,0x00,
        0x00,0x00,0x3f,0x07,0xff,0x01,0x7f,0x01,0x7f,0x55,0xff,0xff,0xff,0xff,0x00,0x00,
        0x00,0x00,0x3f,0x0f,0xff,0x07,0xff,0x05,0xff,0x55,0xff,0xff,0xff,0xff,0x00,0x00,
        0x00,0x00,0x34,0xff,0xd0,0xff,0x40,0xff,0x40,0xff,0xd5,0xff,0xff,0xff,0x00,0x00,
        0x00,0x00,0x10,0xff,0x40,0xfd,0x00,0xf5,0x00,0xfd,0x55,0xff,0xff,0xff,0x00,0x00,
        0x00,0x00,0x14,0x55,0x00,0x54,0x00,0xd0,0x00,0xf4,0x55,0xfd,0xff,0xff,0x00,0x00,
        0x00,0x00,0x14,0x15,0x00,0x00,0x00,0x40,0x01,0xd0,0x57,0xf5,0xff,0xff,0x00,0x00,
        0x00,0x00,0x14,0x15,0x04,0x00,0x01,0x00,0x07,0x40,0x5f,0xd5,0xff,0xff,0x00,0x00,
        0x00,0x00,0x3d,0x01,0x5d,0x00,0x17,0x00,0x1f,0x00,0x7f,0x55,0xff,0xff,0x00,0x00,
        0x00,0x00,0x3f,0x07,0xff,0x01,0x7f,0x00,0x7f,0x00,0xff,0x55,0xff,0xff,0x00,0x00,
        0x00,0x00,0x3f,0x0f,0xff,0x07,0xff,0x01,0xff,0x01,0xff,0x57,0xff,0xff,0x00,0x00,
        0x00,0x00,0x34,0xff,0xd0,0xff,0x40,0xff,0x40,0xff,0xd0,0xff,0xf5,0xff,0x00,0x00,
        0x00,0x00,0x10,0xff,0x40,0xfd,0x00,0xf5,0x00,0xfd,0x40,0xff,0xd5,0xff,0x00,0x00,
        0x00,0x00,0x00,0x55,0x00,0x54,0x00,0xd0,0x00,0xf4,0x01,0xfd,0x57,0xff,0x00,0x00,
        0x00,0x00,0x00,0x00,0x00,0x00,0x00,0x40,0x01,0xd0,0x07,0xf4,0x5f,0xfd,0x00,0x00,
        0x00,0x00,0x14,0x00,0x04,0x00,0x01,0x00,0x07,0x40,0x1f,0xd0,0x7f,0xf5,0x00,0x00,
        0x00,0x00,0x3d,0x01,0x5d,0x00,0x17,0x00,0x1f,0x00,0x7f,0x40,0xff,0xd5,0x00,0x00,
        0x00,0x00,0x3f,0x07,0xff,0x01,0x7f,0x00,0x7f,0x00,0xff,0x01,0xff,0x57,0x00,0x00,
        0x00,0x00,0x3f,0x0f,0xff,0x07,0xff,0x01,0xff,0x01,0xff,0x07,0xff,0x5f,0x00,0x00,
        0x00,0x00,0x34,0xff,0xd0,0xff,0x40,0xff,0x40,0xff,0xd0,0xff,0xf4,0xff,0x00,0x00,
        0x00,0x00,0x14,0xff,0x40,0xfd,0x00,0xf5,0x00,0xfd,0x40,0xff,0xd1,0xff,0x00,0x00,
        0x00,0x00,0x14,0x55,0x00,0x54,0x00,0xd0,0x00,0xf4,0x01,0xfd,0x47,0xff,0x00,0x00,
        0x00,0x00,0x14,0x15,0x00,0x00,0x00,0x40,0x01,0xd0,0x07,0xf4,0x1f,0xfd,0x00,0x00,
        0x00,0x00,0x14,0x15,0x04,0x00,0x01,0x00,0x07,0x40,0x1f,0xd0,0x7f,0xf4,0x00,0x00,
        0x00,0x00,0x3d,0x15,0x5d,0x00,0x17,0x00,0x1f,0x00,0x7f,0x40,0xff,0xd1,0x00,0x00,
        0x00,0x00,0x3f,0x17,0xff,0x01,0x7f,0x00,0x7f,0x00,0xff,0x01,0xff,0x47,0x00,0x00,
        0x00,0x00,0x3f,0x1f,0xff,0x07,0xff,0x01,0xff,0x01,0xff,0x07,0xff,0x1f,0x00,0x00,
        0x00,0x00,0x3c,0xff,0xd0,0xff,0x40,0xff,0x40,0xff,0xd0,0xff,0xf0,0xff,0x00,0x00,
        0x00,0x00,0x3c,0xff,0x40,0xfd,0x00,0xf5,0x00,0xfd,0x40,0xff,0xc0,0xff,0x00,0x00,
        0x00,0x00,0x3c,0x7f,0x00,0x54,0x00,0xd0,0x00,0xf4,0x01,0xfd,0x03,0xff,0x00,0x00,
        0x00,0x00,0x3c,0x3f,0x00,0x00,0x00,0x40,0x01,0xd0,0x07,0xf4,0x0f,0xfc,0x00,0x00,
        0x00,0x00,0x3c,0x3f,0x04,0x00,0x01,0x00,0x07,0x40,0x1f,0xd0,0x3f,0xf0,0x00,0x00,
        0x00,0x00,0x3d,0x3f,0x5d,0x00,0x17,0x00,0x1f,0x00,0x7f,0x40,0xff,0xc0,0x00,0x00,
        0x00,0x00,0x3f,0x3f,0xff,0x01,0x7f,0x00,0x7f,0x00,0xff,0x01,0xff,0x03,0x00,0x00,
        0x00,0x00,0x3f,0x3f,0xff,0x07,0xff,0x01,0xff,0x01,0xff,0x07,0xff,0x0f,0x00,0x00,
        0x00,0x00,0xf5,0xfc,0xff,0xff,0xff,0xff,0xff,0xff,0xff,0xff,0xff,0xff,0x00,0x00,
        0x00,0x00,0xd5,0xfc,0xff,0xff,0xff,0xff,0xff,0xff,0xff,0xff,0xff,0xff,0x00,0x00,
        0x00,0x00,0xd7,0xfc,0xff,0xff,0xff,0xff,0xff,0xff,0xff,0xff,0xff,0xff,0x00,0x00,
        0x00,0x00,0x00,0x00,0x00,0x00,0x00,0x00,0x00,0x00,0x00,0x00,0x00,0x00,0x00,0x00,
        0x00,0x00,0x00,0x00,0x00,0x00,0x00,0x00,0x00,0x00,0x00,0x00,0x00,0x00,0x00,0x00,
        0x00,0x00,0x00,0x00,0x00,0x00,0x00,0x00,0x00,0x00,0x00,0x00,0x00,0x00,0x00,0x00,
        0x00,0x00,0xff,0x5c,0xff,0xff,0xff,0xff,0xff,0xff,0xff,0xff,0xff,0xff,0x00,0x00,
        0x00,0x00,0xff,0x5c,0xff,0xff,0xff,0xff,0xff,0xff,0xff,0xff,0xff,0xff,0x00,0x00,
        0x00,0x00,0xf4,0xfc,0xf5,0xff,0xff,0xff,0xff,0xff,0xff,0xff,0xff,0xff,0x00,0x00,
        0x00,0x00,0xd1,0xfc,0xd5,0xff,0xff,0xff,0xff,0xff,0xff,0xff,0xff,0xff,0x00,0x00,
        0x00,0x00,0xc5,0xfc,0xd5,0xff,0xff,0xff,0xff,0xff,0xff,0xff,0xff,0xff,0x00,0x00,
        0x00,0x00,0x00,0x00,0x00,0x00,0x00,0x00,0x00,0x00,0x00,0x00,0x00,0x00,0x00,0x00,
        0x00,0x00,0x00,0x00,0x00,0x00,0x00,0x00,0x00,0x00,0x00,0x00,0x00,0x00,0x00,0x00,
        0x00,0x00,0x00,0x00,0x00,0x00,0x00,0x00,0x00,0x00,0x00,0x00,0x00,0x00,0x00,0x00,
        0x00,0x00,0xff,0x4c,0xff,0x5f,0xff,0xff,0xff,0xff,0xff,0xff,0xff,0xff,0x00,0x00,
        0x00,0x00,0xff,0x1c,0xff,0x5f,0xff,0xff,0xff,0xff,0xff,0xff,0xff,0xff,0x00,0x00,
        0x00,0x00,0xf0,0xfc,0xf0,0xff,0xd5,0xff,0xff,0xff,0xff,0xff,0xff,0xff,0x00,0x00,
        0x00,0x00,0xc0,0xfc,0xd0,0xff,0x55,0xff,0xff,0xff,0xff,0xff,0xff,0xff,0x00,0x00,
        0x00,0x00,0x00,0x7c,0x40,0x77,0x55,0xdd,0xff,0xff,0xff,0xff,0xff,0xff,0x00,0x00,
        0x00,0x00,0x00,0x00,0x00,0x00,0x00,0x00,0x00,0x00,0x00,0x00,0x00,0x00,0x00,0x00,
        0x00,0x00,0x00,0x00,0x00,0x00,0x00,0x00,0x00,0x00,0x00,0x00,0x00,0x00,0x00,0x00,
        0x00,0x00,0x00,0x00,0x00,0x00,0x00,0x00,0x00,0x00,0x00,0x00,0x00,0x00,0x00,0x00,
        0x00,0x00,0xff,0x00,0x7f,0x07,0xdf,0x55,0xff,0xff,0xff,0xff,0xff,0xff,0x00,0x00,
        0x00,0x00,0xff,0x0c,0xff,0x1f,0xff,0x57,0xff,0xff,0xff,0xff,0xff,0xff,0x00,0x00,
        0x00,0x00,0xf0,0xfc,0xd0,0xff,0x50,0xff,0x55,0xff,0xff,0xff,0xff,0xff,0x00,0x00,
        0x00,0x00,0xd0,0xfc,0x40,0xff,0x40,0xfd,0x55,0xfd,0xff,0xff,0xff,0xff,0x00,0x00,
        0x00,0x00,0x40,0x7c,0x00,0x75,0x00,0xd5,0x55,0xf5,0xff,0xff,0xff,0xff,0x00,0x00,
        0x00,0x00,0x00,0x14,0x00,0x10,0x00,0x44,0x55,0xd5,0xff,0xff,0xff,0xff,0x00,0x00,
        0x00,0x00,0x00,0x00,0x00,0x00,0x01,0x00,0x57,0x55,0xff,0xff,0xff,0xff,0x00,0x00,
        0x00,0x00,0x55,0x00,0x15,0x00,0x47,0x00,0x5f,0x55,0xff,0xff,0xff,0xff,0x00,0x00,
        0x00,0x00,0xff,0x04,0x7f,0x01,0x5f,0x01,0x7f,0x55,0xff,0xff,0xff,0xff,0x00,0x00,
        0x00,0x00,0xff,0x1c,0xff,0x07,0xff,0x05,0xff,0x55,0xff,0xff,0xff,0xff,0x00,0x00,
        0x00,0x00,0xf0,0xfc,0xd0,0xff,0x40,0xff,0x40,0xff,0xd5,0xff,0xff,0xff,0x00,0x00,
        0x00,0x00,0xd0,0xfc,0x40,0xff,0x00,0xfd,0x00,0xfd,0x55,0xff,0xff,0xff,0x00,0x00,
        0x00,0x00,0x40,0x7c,0x00,0x75,0x00,0xd4,0x00,0xf4,0x55,0xfd,0xff,0xff,0x00,0x00,
        0x00,0x00,0x54,0x14,0x00,0x10,0x00,0x40,0x01,0xd0,0x57,0xf5,0xff,0xff,0x00,0x00,
        0x00,0x00,0x54,0x14,0x00,0x00,0x01,0x00,0x07,0x40,0x5f,0xd5,0xff,0xff,0x00,0x00,
        0x00,0x00,0x55,0x14,0x15,0x00,0x07,0x00,0x1f,0x00,0x7f,0x55,0xff,0xff,0x00,0x00,
        0x00,0x00,0xff,0x04,0x7f,0x01,0x5f,0x00,0x7f,0x00,0xff,0x55,0xff,0xff,0x00,0x00,
        0x00,0x00,0xff,0x1c,0xff,0x07,0xff,0x01,0xff,0x01,0xff,0x57,0xff,0xff,0x00,0x00,
        0x00,0x00,0xf0,0xfc,0xd0,0xff,0x40,0xff,0x40,0xff,0xd0,0xff,0xf5,0xff,0x00,0x00,
        0x00,0x00,0xd0,0xfc,0x40,0xff,0x00,0xfd,0x00,0xfd,0x40,0xff,0xd5,0xff,0x00,0x00,
        0x00,0x00,0x40,0x7c,0x00,0x75,0x00,0xd4,0x00,0xf4,0x01,0xfd,0x57,0xff,0x00,0x00,
        0x00,0x00,0x00,0x14,0x00,0x10,0x00,0x40,0x01,0xd0,0x07,0xf4,0x5f,0xfd,0x00,0x00,
        0x00,0x00,0x00,0x00,0x00,0x00,0x01,0x00,0x07,0x40,0x1f,0xd0,0x7f,0xf5,0x00,0x00,
        0x00,0x00,0x55,0x00,0x15,0x00,0x07,0x00,0x1f,0x00,0x7f,0x40,0xff,0xd5,0x00,0x00,
        0x00,0x00,0xff,0x04,0x7f,0x01,0x5f,0x00,0x7f,0x00,0xff,0x01,0xff,0x57,0x00,0x00,
        0x00,0x00,0xff,0x1c,0xff,0x07,0xff,0x01,0xff,0x01,0xff,0x07,0xff,0x5f,0x00,0x00,
        0x00,0x00,0xf4,0xfc,0xd0,0xff,0x40,0xff,0x40,0xff,0xd0,0xff,0xf4,0xff,0x00,0x00,
        0x00,0x00,0xd4,0xfc,0x40,0xff,0x00,0xfd,0x00,0xfd,0x40,0xff,0xd1,0xff,0x00,0x00,
        0x00,0x00,0x54,0x7c,0x00,0x75,0x00,0xd4,0x00,0xf4,0x01,0xfd,0x47,0xff,0x00,0x00,
        0x00,0x00,0x54,0x14,0x00,0x10,0x00,0x40,0x01,0xd0,0x07,0xf4,0x1f,0xfd,0x00,0x00,
        0x00,0x00,0x54,0x14,0x00,0x00,0x01,0x00,0x07,0x40,0x1f,0xd0,0x7f,0xf4,0x00,0x00,
        0x00,0x00,0x55,0x14,0x15,0x00,0x07,0x00,0x1f,0x00,0x7f,0x40,0xff,0xd1,0x00,0x00,
        0x00,0x00,0xff,0x14,0x7f,0x01,0x5f,0x00,0x7f,0x00,0xff,0x01,0xff,0x47,0x00,0x00,
        0x00,0x00,0xff,0x1c,0xff,0x07,0xff,0x01,0xff,0x01,0xff,0x07,0xff,0x1f,0x00,0x00,
        0x00,0x00,0xfc,0xfc,0xd0,0xff,0x40,0xff,0x40,0xff,0xd0,0xff,0xf0,0xff,0x00,0x00,
        0x00,0x00,0xfc,0xfc,0x40,0xff,0x00,0xfd,0x00,0xfd,0x40,0xff,0xc0,0xff,0x00,0x00,
        0x00,0x00,0xfc,0x7c,0x00,0x75,0x00,0xd4,0x00,0xf4,0x01,0xfd,0x03,0xff,0x00,0x00,
        0x00,0x00,0xfc,0x3c,0x00,0x10,0x00,0x40,0x01,0xd0,0x07,0xf4,0x0f,0xfc,0x00,0x00,
        0x00,0x00,0xfc,0x3c,0x00,0x00,0x01,0x00,0x07,0x40,0x1f,0xd0,0x3f,0xf0,0x00,0x00,
        0x00,0x00,0xfd,0x3c,0x15,0x00,0x07,0x00,0x1f,0x00,0x7f,0x40,0xff,0xc0,0x00,0x00,
        0x00,0x00,0xff,0x3c,0x7f,0x01,0x5f,0x00,0x7f,0x00,0xff,0x01,0xff,0x03,0x00,0x00,
        0x00,0x00,0xff,0x3c,0xff,0x07,0xff,0x01,0xff,0x01,0xff,0x07,0xff,0x0f,0x00,0x00,
        0x00,0x00,0xf5,0xf3,0xff,0xff,0xff,0xff,0xff,0xff,0xff,0xff,0xff,0xff,0x00,0x00,
        0x00,0x00,0xd5,0xf3,0xff,0xff,0xff,0xff,0xff,0xff,0xff,0xff,0xff,0xff,0x00,0x00,
        0x00,0x00,0x57,0xf3,0xff,0xff,0xff,0xff,0xff,0xff,0xff,0xff,0xff,0xff,0x00,0x00,
        0x00,0x00,0x5f,0xf3,0xff,0xff,0xff,0xff,0xff,0xff,0xff,0xff,0xff,0xff,0x00,0x00,
        0x00,0x00,0x00,0x00,0x00,0x00,0x00,0x00,0x00,0x00,0x00,0x00,0x00,0x00,0x00,0x00,
        0x00,0x00,0x00,0x00,0x00,0x00,0x00,0x00,0x00,0x00,0x00,0x00,0x00,0x00,0x00,0x00,
        0x00,0x00,0x00,0x00,0x00,0x00,0x00,0x00,0x00,0x00,0x00,0x00,0x00,0x00,0x00,0x00,
        0x00,0x00,0xff,0x73,0xff,0xff,0xff,0xff,0xff,0xff,0xff,0xff,0xff,0xff,0x00,0x00,
        0x00,0x00,0xf4,0xf3,0xd5,0xff,0xff,0xff,0xff,0xff,0xff,0xff,0xff,0xff,0x00,0x00,
        0x00,0x00,0xd1,0xf3,0xd5,0xff,0xff,0xff,0xff,0xff,0xff,0xff,0xff,0xff,0x00,0x00,
        0x00,0x00,0x45,0xf3,0x55,0xff,0xff,0xff,0xff,0xff,0xff,0xff,0xff,0xff,0x00,0x00,
        0x00,0x00,0x15,0xf3,0x55,0xff,0xff,0xff,0xff,0xff,0xff,0xff,0xff,0xff,0x00,0x00,
        0x00,0x00,0x00,0x00,0x00,0x00,0x00,0x00,0x00,0x00,0x00,0x00,0x00,0x00,0x00,0x00,
        0x00,0x00,0x00,0x00,0x00,0x00,0x00,0x00,0x00,0x00,0x00,0x00,0x00,0x00,0x00,0x00,
        0x00,0x00,0x00,0x00,0x00,0x00,0x00,0x00,0x00,0x00,0x00,0x00,0x00,0x00,0x00,0x00,
        0x00,0x00,0xff,0x33,0xff,0x7f,0xff,0xff,0xff,0xff,0xff,0xff,0xff,0xff,0x00,0x00,
        0x00,0x00,0xd0,0xf3,0xd0,0xff,0xd5,0xff,0xff,0xff,0xff,0xff,0xff,0xff,0x00,0x00,
        0x00,0x00,0xc0,0xf3,0xc0,0xff,0x55,0xff,0xff,0xff,0xff,0xff,0xff,0xff,0x00,0x00,
        0x00,0x00,0x00,0x73,0x40,0x7f,0x55,0xfd,0xff,0xff,0xff,0xff,0xff,0xff,0x00,0x00,
        0x00,0x00,0x00,0x70,0x00,0x5d,0x55,0x75,0xff,0xff,0xff,0xff,0xff,0xff,0x00,0x00,
        0x00,0x00,0x00,0x00,0x00,0x00,0x00,0x00,0x00,0x00,0x00,0x00,0x00,0x00,0x00,0x00,
        0x00,0x00,0x00,0x00,0x00,0x00,0x00,0x00,0x00,0x00,0x00,0x00,0x00,0x00,0x00,0x00,
        0x00,0x00,0x00,0x00,0x00,0x00,0x00,0x00,0x00,0x00,0x00,0x00,0x00,0x00,0x00,0x00,
        0x00,0x00,0xff,0x03,0xff,0x1d,0x7f,0x57,0xff,0xff,0xff,0xff,0xff,0xff,0x00,0x00,
        0x00,0x00,0xd0,0xf3,0xd0,0xff,0x50,0xff,0x55,0xff,0xff,0xff,0xff,0xff,0x00,0x00,
        0x00,0x00,0xc0,0xf3,0x40,0xff,0x40,0xfd,0x55,0xfd,0xff,0xff,0xff,0xff,0x00,0x00,
        0x00,0x00,0x40,0x73,0x00,0x7d,0x00,0xf5,0x55,0xf5,0xff,0xff,0xff,0xff,0x00,0x00,
        0x00,0x00,0x00,0x31,0x00,0x14,0x00,0x54,0x55,0xd5,0xff,0xff,0xff,0xff,0x00,0x00,
        0x00,0x00,0x00,0x10,0x00,0x00,0x01,0x10,0x57,0x55,0xff,0xff,0xff,0xff,0x00,0x00,
        0x00,0x00,0x01,0x00,0x01,0x00,0x07,0x00,0x5f,0x55,0xff,0xff,0xff,0xff,0x00,0x00,
        0x00,0x00,0x57,0x01,0x57,0x00,0x1f,0x01,0x7f,0x55,0xff,0xff,0xff,0xff,0x00,0x00,
        0x00,0x00,0xff,0x13,0xff,0x05,0x7f,0x05,0xff,0x55,0xff,0xff,0xff,0xff,0x00,0x00,
        0x00,0x00,0xd0,0xf3,0xd0,0xff,0x40,0xff,0x40,0xff,0xd5,0xff,0xff,0xff,0x00,0x00,
        0x00,0x00,0xc0,0xf3,0x40,0xff,0x00,0xfd,0x00,0xfd,0x55,0xff,0xff,0xff,0x00,0x00,
        0x00,0x00,0x40,0x73,0x00,0x7d,0x00,0xf4,0x00,0xf4,0x55,0xfd,0xff,0xff,0x00,0x00,
        0x00,0x00,0x00,0x31,0x00,0x14,0x00,0x50,0x01,0xd0,0x57,0xf5,0xff,0xff,0x00,0x00,
        0x00,0x00,0x54,0x11,0x00,0x00,0x01,0x00,0x07,0x40,0x5f,0xd5,0xff,0xff,0x00,0x00,
        0x00,0x00,0x55,0x11,0x01,0x00,0x07,0x00,0x1f,0x00,0x7f,0x55,0xff,0xff,0x00,0x00,
        0x00,0x00,0x57,0x11,0x57,0x00,0x1f,0x00,0x7f,0x00,0xff,0x55,0xff,0xff,0x00,0x00,
        0x00,0x00,0xff,0x13,0xff,0x05,0x7f,0x01,0xff,0x01,0xff,0x57,0xff,0xff,0x00,0x00,
        0x00,0x00,0xd0,0xf3,0xd0,0xff,0x40,0xff,0x40,0xff,0xd0,0xff,0xf5,0xff,0x00,0x00,
        0x00,0x00,0xc0,0xf3,0x40,0xff,0x00,0xfd,0x00,0xfd,0x40,0xff,0xd5,0xff,0x00,0x00,
        0x00,0x00,0x40,0x73,0x00,0x7d,0x00,0xf4,0x00,0xf4,0x01,0xfd,0x57,0xff,0x00,0x00,
        0x00,0x00,0x00,0x31,0x00,0x14,0x00,0x50,0x01,0xd0,0x07,0xf4,0x5f,0xfd,0x00,0x00,
        0x00,0x00,0x00,0x10,0x00,0x00,0x01,0x00,0x07,0x40,0x1f,0xd0,0x7f,0xf5,0x00,0x00,
        0x00,0x00,0x01,0x00,0x01,0x00,0x07,0x00,0x1f,0x00,0x7f,0x40,0xff,0xd5,0x00,0x00,
        0x00,0x00,0x57,0x01,0x57,0x00,0x1f,0x00,0x7f,0x00,0xff,0x01,0xff,0x57,0x00,0x00,
        0x00,0x00,0xff,0x13,0xff,0x05,0x7f,0x01,0xff,0x01,0xff,0x07,0xff,0x5f,0x00,0x00,
        0x00,0x00,0xd0,0xf3,0xd0,0xff,0x40,0xff,0x40,0xff,0xd0,0xff,0xf4,0xff,0x00,0x00,
        0x00,0x00,0xd0,0xf3,0x40,0xff,0x00,0xfd,0x00,0xfd,0x40,0xff,0xd1,0xff,0x00,0x00,
        0x00,0x00,0x50,0x73,0x00,0x7d,0x00,0xf4,0x00,0xf4,0x01,0xfd,0x47,0xff,0x00,0x00,
        0x00,0x00,0x50,0x31,0x00,0x14,0x00,0x50,0x01,0xd0,0x07,0xf4,0x1f,0xfd,0x00,0x00,
        0x00,0x00,0x54,0x11,0x00,0x00,0x01,0x00,0x07,0x40,0x1f,0xd0,0x7f,0xf4,0x00,0x00,
        0x00,0x00,0x55,0x11,0x01,0x00,0x07,0x00,0x1f,0x00,0x7f,0x40,0xff,0xd1,0x00,0x00,
        0x00,0x00,0x57,0x11,0x57,0x00,0x1f,0x00,0x7f,0x00,0xff,0x01,0xff,0x47,0x00,0x00,
        0x00,0x00,0xff,0x13,0xff,0x05,0x7f,0x01,0xff,0x01,0xff,0x07,0xff,0x1f,0x00,0x00,
        0x00,0x00,0xf4,0xf3,0xd0,0xff,0x40,0xff,0x40,0xff,0xd0,0xff,0xf0,0xff,0x00,0x00,
        0x00,0x00,0xf4,0xf3,0x40,0xff,0x00,0xfd,0x00,0xfd,0x40,0xff,0xc0,0xff,0x00,0x00,
        0x00,0x00,0xf4,0x73,0x00,0x7d,0x00,0xf4,0x00,0xf4,0x01,0xfd,0x03,0xff,0x00,0x00,
        0x00,0x00,0xf4,0x33,0x00,0x14,0x00,0x50,0x01,0xd0,0x07,0xf4,0x0f,0xfc,0x00,0x00,
        0x00,0x00,0xf4,0x33,0x00,0x00,0x01,0x00,0x07,0x40,0x1f,0xd0,0x3f,0xf0,0x00,0x00,
        0x00,0x00,0xfd,0x33,0x01,0x00,0x07,0x00,0x1f,0x00,0x7f,0x40,0xff,0xc0,0x00,0x00,
        0x00,0x00,0xff,0x33,0x57,0x00,0x1f,0x00,0x7f,0x00,0xff,0x01,0xff,0x03,0x00,0x00,
        0x00,0x00,0xff,0x33,0xff,0x05,0x7f,0x01,0xff,0x01,0xff,0x07,0xff,0x0f,0x00,0x00,
        0x00,0x00,0xf5,0xcf,0xff,0xff,0xff,0xff,0xff,0xff,0xff,0xff,0xff,0xff,0x00,0x00,
        0x00,0x00,0xd5,0xcf,0xff,0xff,0xff,0xff,0xff,0xff,0xff,0xff,0xff,0xff,0x00,0x00,
        0x00,0x00,0x57,0xcf,0xff,0xff,0xff,0xff,0xff,0xff,0xff,0xff,0xff,0xff,0x00,0x00,
        0x00,0x00,0x5f,0xcd,0xff,0xff,0xff,0xff,0xff,0xff,0xff,0xff,0xff,0xff,0x00,0x00,
        0x00,0x00,0x7f,0xcd,0xff,0xff,0xff,0xff,0xff,0xff,0xff,0xff,0xff,0xff,0x00,0x00,
        0x00,0x00,0x00,0x00,0x00,0x00,0x00,0x00,0x00,0x00,0x00,0x00,0x00,0x00,0x00,0x00,
        0x00,0x00,0x00,0x00,0x00,0x00,0x00,0x00,0x00,0x00,0x00,0x00,0x00,0x00,0x00,0x00,
        0x00,0x00,0x00,0x00,0x00,0x00,0x00,0x00,0x00,0x00,0x00,0x00,0x00,0x00,0x00,0x00,
        0x00,0x00,0xd4,0xcf,0xd5,0xff,0xff,0xff,0xff,0xff,0xff,0xff,0xff,0xff,0x00,0x00,
        0x00,0x00,0xd1,0xcf,0x55,0xff,0xff,0xff,0xff,0xff,0xff,0xff,0xff,0xff,0x00,0x00,
        0x00,0x00,0x45,0xcf,0x55,0xff,0xff,0xff,0xff,0xff,0xff,0xff,0xff,0xff,0x00,0x00,
        0x00,0x00,0x15,0xcd,0x55,0xfd,0xff,0xff,0xff,0xff,0xff,0xff,0xff,0xff,0x00,0x00,
        0x00,0x00,0x55,0xcc,0x55,0xfd,0xff,0xff,0xff,0xff,0xff,0xff,0xff,0xff,0x00,0x00,
        0x00,0x00,0x00,0x00,0x00,0x00,0x00,0x00,0x00,0x00,0x00,0x00,0x00,0x00,0x00,0x00,
        0x00,0x00,0x00,0x00,0x00,0x00,0x00,0x00,0x00,0x00,0x00,0x00,0x00,0x00,0x00,0x00,
        0x00,0x00,0x00,0x00,0x00,0x00,0x00,0x00,0x00,0x00,0x00,0x00,0x00,0x00,0x00,0x00,
        0x00,0x00,0xc0,0xcf,0xc0,0xff,0xd5,0xff,0xff,0xff,0xff,0xff,0xff,0xff,0x00,0x00,
        0x00,0x00,0x40,0xcf,0x40,0xff,0x55,0xff,0xff,0xff,0xff,0xff,0xff,0xff,0x00,0x00,
        0x00,0x00,0x00,0x4f,0x00,0x7f,0x55,0xfd,0xff,0xff,0xff,0xff,0xff,0xff,0x00,0x00,
        0x00,0x00,0x00,0x4c,0x00,0x7d,0x55,0x75,0xff,0xff,0xff,0xff,0xff,0xff,0x00,0x00,
        0x00,0x00,0x00,0x40,0x00,0x74,0x55,0x55,0xff,0xff,0xff,0xff,0xff,0xff,0x00,0x00,
        0x00,0x00,0x00,0x00,0x00,0x00,0x00,0x00,0x00,0x00,0x00,0x00,0x00,0x00,0x00,0x00,
        0x00,0x00,0x00,0x00,0x00,0x00,0x00,0x00,0x00,0x00,0x00,0x00,0x00,0x00,0x00,0x00,
        0x00,0x00,0x00,0x00,0x00,0x00,0x00,0x00,0x00,0x00,0x00,0x00,0x00,0x00,0x00,0x00,
        0x00,0x00,0xc0,0xcf,0xc0,0xff,0x40,0xff,0x55,0xff,0xff,0xff,0xff,0xff,0x00,0x00,
        0x00,0x00,0x40,0xcf,0x40,0xff,0x40,0xfd,0x55,0xfd,0xff,0xff,0xff,0xff,0x00,0x00,
        0x00,0x00,0x00,0x4f,0x00,0x7d,0x00,0xf5,0x55,0xf5,0xff,0xff,0xff,0xff,0x00,0x00,
        0x00,0x00,0x00,0x0d,0x00,0x34,0x00,0x54,0x55,0xd5,0xff,0xff,0xff,0xff,0x00,0x00,
        0x00,0x00,0x00,0x04,0x00,0x10,0x01,0x10,0x57,0x55,0xff,0xff,0xff,0xff,0x00,0x00,
        0x00,0x00,0x01,0x00,0x01,0x00,0x07,0x00,0x5f,0x55,0xff,0xff,0xff,0xff,0x00,0x00,
        0x00,0x00,0x07,0x00,0x07,0x00,0x1f,0x00,0x7f,0x55,0xff,0xff,0xff,0xff,0x00,0x00,
        0x00,0x00,0x5f,0x05,0x5f,0x01,0x7f,0x04,0xff,0x55,0xff,0xff,0xff,0xff,0x00,0x00,
        0x00,0x00,0xc0,0xcf,0xc0,0xff,0x40,0xff,0x40,0xff,0xd5,0xff,0xff,0xff,0x00,0x00,
        0x00,0x00,0x40,0xcf,0x40,0xff,0x00,0xfd,0x00,0xfd,0x55,0xff,0xff,0xff,0x00,0x00,
        0x00,0x00,0x00,0x4f,0x00,0x7d,0x00,0xf4,0x00,0xf4,0x55,0xfd,0xff,0xff,0x00,0x00,
        0x00,0x00,0x00,0x0d,0x00,0x34,0x00,0x50,0x01,0xd0,0x57,0xf5,0xff,0xff,0x00,0x00,
        0x00,0x00,0x00,0x04,0x00,0x10,0x01,0x00,0x07,0x40,0x5f,0xd5,0xff,0xff,0x00,0x00,
        0x00,0x00,0x55,0x05,0x01,0x00,0x07,0x00,0x1f,0x00,0x7f,0x55,0xff,0xff,0x00,0x00,
        0x00,0x00,0x57,0x05,0x07,0x00,0x1f,0x00,0x7f,0x00,0xff,0x55,0xff,0xff,0x00,0x00,
        0x00,0x00,0x5f,0x05,0x5f,0x01,0x7f,0x00,0xff,0x01,0xff,0x57,0xff,0xff,0x00,0x00,
        0x00,0x00,0xc0,0xcf,0xc0,0xff,0x40,0xff,0x40,0xff,0xd0,0xff,0xf5,0xff,0x00,0x00,
        0x00,0x00,0x40,0xcf,0x40,0xff,0x00,0xfd,0x00,0xfd,0x40,0xff,0xd5,0xff,0x00,0x00,
        0x00,0x00,0x00,0x4f,0x00,0x7d,0x00,0xf4,0x00,0xf4,0x01,0xfd,0x57,0xff,0x00,0x00,
        0x00,0x00,0x00,0x0d,0x00,0x34,0x00,0x50,0x01,0xd0,0x07,0xf4,0x5f,0xfd,0x00,0x00,
        0x00,0x00,0x00,0x04,0x00,0x10,0x01,0x00,0x07,0x40,0x1f,0xd0,0x7f,0xf5,0x00,0x00,
        0x00,0x00,0x01,0x00,0x01,0x00,0x07,0x00,0x1f,0x00,0x7f,0x40,0xff,0xd5,0x00,0x00,
        0x00,0x00,0x07,0x00,0x07,0x00,0x1f,0x00,0x7f,0x00,0xff,0x01,0xff,0x57,0x00,0x00,
        0x00,0x00,0x5f,0x05,0x5f,0x01,0x7f,0x00,0xff,0x01,0xff,0x07,0xff,0x5f,0x00,0x00,
        0x00,0x00,0xc0,0xcf,0xc0,0xff,0x40,0xff,0x40,0xff,0xd0,0xff,0xf4,0xff,0x00,0x00,
        0x00,0x00,0x40,0xcf,0x40,0xff,0x00,0xfd,0x00,0xfd,0x40,0xff,0xd1,0xff,0x00,0x00,
        0x00,0x00,0x40,0x4f,0x00,0x7d,0x00,0xf4,0x00,0xf4,0x01,0xfd,0x47,0xff,0x00,0x00,
        0x00,0x00,0x40,0x0d,0x00,0x34,0x00,0x50,0x01,0xd0,0x07,0xf4,0x1f,0xfd,0x00,0x00,
        0x00,0x00,0x40,0x05,0x00,0x10,0x01,0x00,0x07,0x40,0x1f,0xd0,0x7f,0xf4,0x00,0x00,
        0x00,0x00,0x55,0x05,0x01,0x00,0x07,0x00,0x1f,0x00,0x7f,0x40,0xff,0xd1,0x00,0x00,
        0x00,0x00,0x57,0x05,0x07,0x00,0x1f,0x00,0x7f,0x00,0xff,0x01,0xff,0x47,0x00,0x00,
        0x00,0x00,0x5f,0x05,0x5f,0x01,0x7f,0x00,0xff,0x01,0xff,0x07,0xff,0x1f,0x00,0x00,
        0x00,0x00,0xd0,0xcf,0xc0,0xff,0x40,0xff,0x40,0xff,0xd0,0xff,0xf0,0xff,0x00,0x00,
        0x00,0x00,0xd0,0xcf,0x40,0xff,0x00,0xfd,0x00,0xfd,0x40,0xff,0xc0,0xff,0x00,0x00,
        0x00,0x00,0xd0,0x4f,0x00,0x7d,0x00,0xf4,0x00,0xf4,0x01,0xfd,0x03,0xff,0x00,0x00,
        0x00,0x00,0xd0,0x0f,0x00,0x34,0x00,0x50,0x01,0xd0,0x07,0xf4,0x0f,0xfc,0x00,0x00,
        0x00,0x00,0xd0,0x0f,0x00,0x10,0x01,0x00,0x07,0x40,0x1f,0xd0,0x3f,0xf0,0x00,0x00,
        0x00,0x00,0xd5,0x0f,0x01,0x00,0x07,0x00,0x1f,0x00,0x7f,0x40,0xff,0xc0,0x00,0x00,
        0x00,0x00,0xff,0x0f,0x07,0x00,0x1f,0x00,0x7f,0x00,0xff,0x01,0xff,0x03,0x00,0x00,
        0x00,0x00,0xff,0x0f,0x5f,0x01,0x7f,0x00,0xff,0x01,0xff,0x07,0xff,0x0f,0x00,0x00,
        0x00,0x00,0xf5,0x3f,0xff,0xff,0xff,0xff,0xff,0xff,0xff,0xff,0xff,0xff,0x00,0x00,
        0x00,0x00,0xd5,0x3f,0xff,0xff,0xff,0xff,0xff,0xff,0xff,0xff,0xff,0xff,0x00,0x00,
        0x00,0x00,0x57,0x3f,0xff,0xff,0xff,0xff,0xff,0xff,0xff,0xff,0xff,0xff,0x00,0x00,
        0x00,0x00,0x5f,0x3d,0xff,0xff,0xff,0xff,0xff,0xff,0xff,0xff,0xff,0xff,0x00,0x00,
        0x00,0x00,0x7f,0x35,0xff,0xff,0xff,0xff,0xff,0xff,0xff,0xff,0xff,0xff,0x00,0x00,
        0x00,0x00,0xff,0x35,0xff,0xff,0xff,0xff,0xff,0xff,0xff,0xff,0xff,0xff,0x00,0x00,
        0x00,0x00,0x00,0x00,0x00,0x00,0x00,0x00,0x00,0x00,0x00,0x00,0x00,0x00,0x00,0x00,
        0x00,0x00,0x00,0x00,0x00,0x00,0x00,0x00,0x00,0x00,0x00,0x00,0x00,0x00,0x00,0x00,
        0x00,0x00,0x54,0x3f,0x55,0xff,0xff,0xff,0xff,0xff,0xff,0xff,0xff,0xff,0x00,0x00,
        0x00,0x00,0x51,0x3f,0x55,0xff,0xff,0xff,0xff,0xff,0xff,0xff,0xff,0xff,0x00,0x00,
        0x00,0x00,0x45,0x3f,0x55,0xfd,0xff,0xff,0xff,0xff,0xff,0xff,0xff,0xff,0x00,0x00,
        0x00,0x00,0x15,0x3d,0x55,0xfd,0xff,0xff,0xff,0xff,0xff,0xff,0xff,0xff,0x00,0x00,
        0x00,0x00,0x55,0x34,0x55,0x75,0xff,0xff,0xff,0xff,0xff,0xff,0xff,0xff,0x00,0x00,
        0x00,0x00,0x55,0x31,0x55,0x75,0xff,0xff,0xff,0xff,0xff,0xff,0xff,0xff,0x00,0x00,
        0x00,0x00,0x00,0x00,0x00,0x00,0x00,0x00,0x00,0x00,0x00,0x00,0x00,0x00,0x00,0x00,
        0x00,0x00,0x00,0x00,0x00,0x00,0x00,0x00,0x00,0x00,0x00,0x00,0x00,0x00,0x00,0x00,
        0x00,0x00,0x40,0x3f,0x40,0xff,0x55,0xff,0xff,0xff,0xff,0xff,0xff,0xff,0x00,0x00,
        0x00,0x00,0x00,0x3f,0x00,0xff,0x55,0xff,0xff,0xff,0xff,0xff,0xff,0xff,0x00,0x00,
        0x00,0x00,0x00,0x3d,0x00,0x7d,0x55,0xfd,0xff,0xff,0xff,0xff,0xff,0xff,0x00,0x00,
        0x00,0x00,0x00,0x3c,0x00,0x7c,0x55,0x75,0xff,0xff,0xff,0xff,0xff,0xff,0x00,0x00,
        0x00,0x00,0x00,0x30,0x00,0x74,0x55,0x55,0xff,0xff,0xff,0xff,0xff,0xff,0x00,0x00,
        0x00,0x00,0x01,0x00,0x01,0x10,0x57,0x55,0xff,0xff,0xff,0xff,0xff,0xff,0x00,0x00,
        0x00,0x00,0x00,0x00,0x00,0x00,0x00,0x00,0x00,0x00,0x00,0x00,0x00,0x00,0x00,0x00,
        0x00,0x00,0x00,0x00,0x00,0x00,0x00,0x00,0x00,0x00,0x00,0x00,0x00,0x00,0x00,0x00,
        0x00,0x00,0x40,0x3f,0x40,0xff,0x40,0xff,0x55,0xff,0xff,0xff,0xff,0xff,0x00,0x00,
        0x00,0x00,0x00,0x3f,0x00,0xff,0x00,0xfd,0x55,0xfd,0xff,0xff,0xff,0xff,0x00,0x00,
        0x00,0x00,0x00,0x3d,0x00,0x7d,0x00,0xf5,0x55,0xf5,0xff,0xff,0xff,0xff,0x00,0x00,
        0x00,0x00,0x00,0x3c,0x00,0x34,0x00,0x54,0x55,0xd5,0xff,0xff,0xff,0xff,0x00,0x00,
        0x00,0x00,0x00,0x34,0x00,0x10,0x01,0x10,0x57,0x55,0xff,0xff,0xff,0xff,0x00,0x00,
        0x00,0x00,0x01,0x10,0x01,0x00,0x07,0x00,0x5f,0x55,0xff,0xff,0xff,0xff,0x00,0x00,
        0x00,0x00,0x07,0x00,0x07,0x00,0x1f,0x00,0x7f,0x55,0xff,0xff,0xff,0xff,0x00,0x00,
        0x00,0x00,0x1f,0x00,0x1f,0x00,0x7f,0x00,0xff,0x55,0xff,0xff,0xff,0xff,0x00,0x00,
        0x00,0x00,0x40,0x3f,0x40,0xff,0x40,0xff,0x40,0xff,0xd5,0xff,0xff,0xff,0x00,0x00,
        0x00,0x00,0x00,0x3f,0x00,0xff,0x00,0xfd,0x00,0xfd,0x55,0xff,0xff,0xff,0x00,0x00,
        0x00,0x00,0x00,0x3d,0x00,0x7d,0x00,0xf4,0x00,0xf4,0x55,0xfd,0xff,0xff,0x00,0x00,
        0x00,0x00,0x00,0x3c,0x00,0x34,0x00,0x50,0x01,0xd0,0x57,0xf5,0xff,0xff,0x00,0x00,
        0x00,0x00,0x00,0x34,0x00,0x10,0x01,0x00,0x07,0x40,0x5f,0xd5,0xff,0xff,0x00,0x00,
        0x00,0x00,0x01,0x10,0x01,0x00,0x07,0x00,0x1f,0x00,0x7f,0x55,0xff,0xff,0x00,0x00,
        0x00,0x00,0x57,0x15,0x07,0x00,0x1f,0x00,0x7f,0x00,0xff,0x55,0xff,0xff,0x00,0x00,
        0x00,0x00,0x5f,0x15,0x1f,0x00,0x7f,0x00,0xff,0x01,0xff,0x57,0xff,0xff,0x00,0x00,
        0x00,0x00,0x40,0x3f,0x40,0xff,0x40,0xff,0x40,0xff,0xd0,0xff,0xf5,0xff,0x00,0x00,
        0x00,0x00,0x00,0x3f,0x00,0xff,0x00,0xfd,0x00,0xfd,0x40,0xff,0xd5,0xff,0x00,0x00,
        0x00,0x00,0x00,0x3d,0x00,0x7d,0x00,0xf4,0x00,0xf4,0x01,0xfd,0x57,0xff,0x00,0x00,
        0x00,0x00,0x00,0x3c,0x00,0x34,0x00,0x50,0x01,0xd0,0x07,0xf4,0x5f,0xfd,0x00,0x00,
        0x00,0x00,0x00,0x34,0x00,0x10,0x01,0x00,0x07,0x40,0x1f,0xd0,0x7f,0xf5,0x00,0x00,
        0x00,0x00,0x01,0x10,0x01,0x00,0x07,0x00,0x1f,0x00,0x7f,0x40,0xff,0xd5,0x00,0x00,
        0x00,0x00,0x07,0x00,0x07,0x00,0x1f,0x00,0x7f,0x00,0xff,0x01,0xff,0x57,0x00,0x00,
        0x00,0x00,0x1f,0x00,0x1f,0x00,0x7f,0x00,0xff,0x01,0xff,0x07,0xff,0x5f,0x00,0x00,
        0x00,0x00,0x40,0x3f,0x40,0xff,0x40,0xff,0x40,0xff,0xd0,0xff,0xf4,0xff,0x00,0x00,
        0x00,0x00,0x00,0x3f,0x00,0xff,0x00,0xfd,0x00,0xfd,0x40,0xff,0xd1,0xff,0x00,0x00,
        0x00,0x00,0x00,0x3d,0x00,0x7d,0x00,0xf4,0x00,0xf4,0x01,0xfd,0x47,0xff,0x00,0x00,
        0x00,0x00,0x00,0x3d,0x00,0x34,0x00,0x50,0x01,0xd0,0x07,0xf4,0x1f,0xfd,0x00,0x00,
        0x00,0x00,0x00,0x35,0x00,0x10,0x01,0x00,0x07,0x40,0x1f,0xd0,0x7f,0xf4,0x00,0x00,
        0x00,0x00,0x01,0x15,0x01,0x00,0x07,0x00,0x1f,0x00,0x7f,0x40,0xff,0xd1,0x00,0x00,
        0x00,0x00,0x57,0x15,0x07,0x00,0x1f,0x00,0x7f,0x00,0xff,0x01,0xff,0x47,0x00,0x00,
        0x00,0x00,0x5f,0x15,0x1f,0x00,0x7f,0x00,0xff,0x01,0xff,0x07,0xff,0x1f,0x00,0x00,
        0x00,0x00,0x40,0x3f,0x40,0xff,0x40,0xff,0x40,0xff,0xd0,0xff,0xf0,0xff,0x00,0x00,
        0x00,0x00,0x40,0x3f,0x00,0xff,0x00,0xfd,0x00,0xfd,0x40,0xff,0xc0,0xff,0x00,0x00,
        0x00,0x00,0x40,0x3f,0x00,0x7d,0x00,0xf4,0x00,0xf4,0x01,0xfd,0x03,0xff,0x00,0x00,
        0x00,0x00,0x40,0x3f,0x00,0x34,0x00,0x50,0x01,0xd0,0x07,0xf4,0x0f,0xfc,0x00,0x00,
        0x00,0x00,0x40,0x3f,0x00,0x10,0x01,0x00,0x07,0x40,0x1f,0xd0,0x3f,0xf0,0x00,0x00,
        0x00,0x00,0x41,0x3f,0x01,0x00,0x07,0x00,0x1f,0x00,0x7f,0x40,0xff,0xc0,0x00,0x00,
        0x00,0x00,0x57,0x3f,0x07,0x00,0x1f,0x00,0x7f,0x00,0xff,0x01,0xff,0x03,0x00,0x00,
        0x00,0x00,0xff,0x3f,0x1f,0x00,0x7f,0x00,0xff,0x01,0xff,0x07,0xff,0x0f,0x00,0x00,
        0x00,0x00,0xff,0xff,0xfc,0xff,0xff,0xff,0xff,0xff,0xff,0xff,0xff,0xff,0x00,0x00,
        0x00,0x00,0xdf,0xff,0xfc,0xff,0xff,0xff,0xff,0xff,0xff,0xff,0xff,0xff,0x00,0x00,
        0x00,0x00,0x5f,0xff,0xfc,0xff,0xff,0xff,0xff,0xff,0xff,0xff,0xff,0xff,0x00,0x00,
        0x00,0x00,0x5f,0xfd,0xfc,0xff,0xff,0xff,0xff,0xff,0xff,0xff,0xff,0xff,0x00,0x00,
        0x00,0x00,0x7f,0xf5,0xfc,0xff,0xff,0xff,0xff,0xff,0xff,0xff,0xff,0xff,0x00,0x00,
        0x00,0x00,0xff,0xd5,0xfc,0xff,0xff,0xff,0xff,0xff,0xff,0xff,0xff,0xff,0x00,0x00,
        0x00,0x00,0xff,0x57,0xfc,0xff,0xff,0xff,0xff,0xff,0xff,0xff,0xff,0xff,0x00,0x00,
        0x00,0x00,0xff,0x5f,0xfc,0xff,0xff,0xff,0xff,0xff,0xff,0xff,0xff,0xff,0x00,0x00,
        0x00,0x00,0x00,0x00,0x00,0x00,0x00,0x00,0x00,0x00,0x00,0x00,0x00,0x00,0x00,0x00,
        0x00,0x00,0x00,0x00,0x00,0x00,0x00,0x00,0x00,0x00,0x00,0x00,0x00,0x00,0x00,0x00,
        0x00,0x00,0x4d,0x55,0x5c,0x55,0xff,0xff,0xff,0xff,0xff,0xff,0xff,0xff,0x00,0x00,
        0x00,0x00,0x1d,0x55,0x5c,0x55,0xff,0xff,0xff,0xff,0xff,0xff,0xff,0xff,0x00,0x00,
        0x00,0x00,0x7f,0x54,0x7c,0x55,0xff,0xff,0xff,0xff,0xff,0xff,0xff,0xff,0x00,0x00,
        0x00,0x00,0xff,0x51,0x7c,0x55,0xff,0xff,0xff,0xff,0xff,0xff,0xff,0xff,0x00,0x00,
        0x00,0x00,0xff,0x45,0xfc,0x55,0xff,0xff,0xff,0xff,0xff,0xff,0xff,0xff,0x00,0x00,
        0x00,0x00,0xff,0x15,0xfc,0x55,0xff,0xff,0xff,0xff,0xff,0xff,0xff,0xff,0x00,0x00,
        0x00,0x00,0x00,0x00,0x00,0x00,0x00,0x00,0x00,0x00,0x00,0x00,0x00,0x00,0x00,0x00,
        0x00,0x00,0x00,0x00,0x00,0x00,0x00,0x00,0x00,0x00,0x00,0x00,0x00,0x00,0x00,0x00,
        0x00,0x00,0x08,0x40,0x0c,0x40,0x5d,0xd5,0xff,0xff,0xff,0xff,0xff,0xff,0x00,0x00,
        0x00,0x00,0x0d,0x00,0x1c,0x00,0x5d,0x55,0xff,0xff,0xff,0xff,0xff,0xff,0x00,0x00,
        0x00,0x00,0x3f,0x00,0x3c,0x00,0x7f,0x55,0xff,0xff,0xff,0xff,0xff,0xff,0x00,0x00,
        0x00,0x00,0x7f,0x00,0x7c,0x00,0x7f,0x55,0xff,0xff,0xff,0xff,0xff,0xff,0x00,0x00,
        0x00,0x00,0xff,0x00,0xfc,0x00,0xff,0x55,0xff,0xff,0xff,0xff,0xff,0xff,0x00,0x00,
        0x00,0x00,0xff,0x01,0xfc,0x01,0xff,0x55,0xff,0xff,0xff,0xff,0xff,0xff,0x00,0x00,
        0x00,0x00,0x00,0x00,0x00,0x00,0x00,0x00,0x00,0x00,0x00,0x00,0x00,0x00,0x00,0x00,
        0x00,0x00,0x00,0x00,0x00,0x00,0x00,0x00,0x00,0x00,0x00,0x00,0x00,0x00,0x00,0x00,
        0x00,0x00,0x0c,0x40,0x00,0x40,0x04,0xd0,0x55,0xf5,0xff,0xff,0xff,0xff,0x00,0x00,
        0x00,0x00,0x1d,0x00,0x0c,0x00,0x1d,0x40,0x55,0xd5,0xff,0xff,0xff,0xff,0x00,0x00,
        0x00,0x00,0x3d,0x00,0x3c,0x00,0x3d,0x00,0x5f,0x55,0xff,0xff,0xff,0xff,0x00,0x00,
        0x00,0x00,0x7d,0x00,0x7c,0x00,0x7f,0x00,0x7f,0x55,0xff,0xff,0xff,0xff,0x00,0x00,
        0x00,0x00,0xfd,0x00,0xfc,0x00,0xff,0x00,0xff,0x55,0xff,0xff,0xff,0xff,0x00,0x00,
        0x00,0x00,0xff,0x01,0xfc,0x01,0xff,0x01,0xff,0x55,0xff,0xff,0xff,0xff,0x00,0x00,
        0x00,0x00,0xa8,0xfe,0x00,0xf4,0x00,0xfd,0x40,0xff,0xd5,0xff,0xff,0xff,0x00,0x00,
        0x00,0x00,0x54,0xd5,0x00,0xd0,0x00,0xf4,0x00,0xfd,0x55,0xff,0xff,0xff,0x00,0x00,
        0x00,0x00,0x0c,0x40,0x04,0x40,0x00,0xd0,0x00,0xf4,0x55,0xfd,0xff,0xff,0x00,0x00,
        0x00,0x00,0x1c,0x00,0x1c,0x00,0x04,0x40,0x05,0xd0,0x57,0xf5,0xff,0xff,0x00,0x00,
        0x00,0x00,0x3c,0x00,0x3c,0x00,0x1d,0x00,0x17,0x40,0x5f,0xd5,0xff,0xff,0x00,0x00,
        0x00,0x00,0x7c,0x00,0x7c,0x00,0x7f,0x00,0x5f,0x00,0x7f,0x55,0xff,0xff,0x00,0x00,
        0x00,0x00,0xfd,0x00,0xfc,0x00,0xff,0x00,0x7f,0x00,0xff,0x55,0xff,0xff,0x00,0x00,
        0x00,0x00,0xff,0x01,0xfc,0x01,0xff,0x01,0xff,0x01,0xff,0x57,0xff,0xff,0x00,0x00,
        0x00,0x00,0x54,0xfd,0x54,0xf5,0x00,0xfd,0x40,0xff,0xd0,0xff,0xf5,0xff,0x00,0x00,
        0x00,0x00,0x54,0xd5,0x54,0xd5,0x00,0xf4,0x00,0xfd,0x40,0xff,0xd5,0xff,0x00,0x00,
        0x00,0x00,0x1c,0x40,0x04,0x40,0x00,0xd0,0x00,0xf4,0x01,0xfd,0x57,0xff,0x00,0x00,
        0x00,0x00,0x1c,0x00,0x1c,0x00,0x04,0x40,0x01,0xd0,0x07,0xf4,0x5f,0xfd,0x00,0x00,
        0x00,0x00,0x3c,0x00,0x3c,0x00,0x1d,0x00,0x07,0x40,0x1f,0xd0,0x7f,0xf5,0x00,0x00,
        0x00,0x00,0x7c,0x00,0x7c,0x00,0x7f,0x00,0x1f,0x00,0x7f,0x40,0xff,0xd5,0x00,0x00,
        0x00,0x00,0xfd,0x00,0xfc,0x00,0xff,0x00,0x7f,0x00,0xff,0x01,0xff,0x57,0x00,0x00,
        0x00,0x00,0xff,0x01,0xfc,0x01,0xff,0x01,0xff,0x01,0xff,0x07,0xff,0x5f,0x00,0x00,
        0x00,0x00,0xfc,0xff,0x00,0xf4,0x00,0xfd,0x40,0xff,0xd0,0xff,0xf4,0xff,0x00,0x00,
        0x00,0x00,0x7c,0xd5,0x00,0xd0,0x00,0xf4,0x00,0xfd,0x40,0xff,0xd1,0xff,0x00,0x00,
        0x00,0x00,0x7c,0x40,0x04,0x40,0x00,0xd0,0x00,0xf4,0x01,0xfd,0x47,0xff,0x00,0x00,
        0x00,0x00,0x7c,0x00,0x1c,0x00,0x04,0x40,0x01,0xd0,0x07,0xf4,0x1f,0xfd,0x00,0x00,
        0x00,0x00,0x7c,0x00,0x3c,0x00,0x1d,0x00,0x07,0x40,0x1f,0xd0,0x7f,0xf4,0x00,0x00,
        0x00,0x00,0x7c,0x00,0x7c,0x00,0x7f,0x00,0x1f,0x00,0x7f,0x40,0xff,0xd1,0x00,0x00,
        0x00,0x00,0xfd,0x00,0xfc,0x00,0xff,0x00,0x7f,0x00,0xff,0x01,0xff,0x47,0x00,0x00,
        0x00,0x00,0xff,0x01,0xfc,0x01,0xff,0x01,0xff,0x01,0xff,0x07,0xff,0x1f,0x00,0x00,
        0x00,0x00,0xfc,0xff,0x54,0xf5,0x00,0xfd,0x40,0xff,0xd0,0xff,0xf0,0xff,0x00,0x00,
        0x00,0x00,0xfc,0xd5,0x54,0xd5,0x00,0xf4,0x00,0xfd,0x40,0xff,0xc0,0xff,0x00,0x00,
        0x00,0x00,0xfc,0x41,0x54,0x40,0x00,0xd0,0x00,0xf4,0x01,0xfd,0x03,0xff,0x00,0x00,
        0x00,0x00,0xfc,0x01,0x5c,0x00,0x04,0x40,0x01,0xd0,0x07,0xf4,0x0f,0xfc,0x00,0x00,
        0x00,0x00,0xfc,0x01,0x7c,0x00,0x1d,0x00,0x07,0x40,0x1f,0xd0,0x3f,0xf0,0x00,0x00,
        0x00,0x00,0xfc,0x01,0x7c,0x00,0x7f,0x00,0x1f,0x00,0x7f,0x40,0xff,0xc0,0x00,0x00,
        0x00,0x00,0xfd,0x01,0xfc,0x00,0xff,0x00,0x7f,0x00,0xff,0x01,0xff,0x03,0x00,0x00,
        0x00,0x00,0xff,0x01,0xfc,0x01,0xff,0x01,0xff,0x01,0xff,0x07,0xff,0x0f,0x00,0x00,
        0x00,0x00,0xff,0xff,0xf3,0xff,0xff,0xff,0xff,0xff,0xff,0xff,0xff,0xff,0x00,0x00,
        0x00,0x00,0xff,0xff,0xf3,0xff,0xff,0xff,0xff,0xff,0xff,0xff,0xff,0xff,0x00,0x00,
        0x00,0x00,0x7f,0xff,0xf3,0xff,0xff,0xff,0xff,0xff,0xff,0xff,0xff,0xff,0x00,0x00,
        0x00,0x00,0x7f,0xfd,0xf3,0xff,0xff,0xff,0xff,0xff,0xff,0xff,0xff,0xff,0x00,0x00,
        0x00,0x00,0x7f,0xf5,0xf3,0xff,0xff,0xff,0xff,0xff,0xff,0xff,0xff,0xff,0x00,0x00,
        0x00,0x00,0xff,0xd5,0xf3,0xff,0xff,0xff,0xff,0xff,0xff,0xff,0xff,0xff,0x00,0x00,
        0x00,0x00,0xff,0x57,0xf3,0xff,0xff,0xff,0xff,0xff,0xff,0xff,0xff,0xff,0x00,0x00,
        0x00,0x00,0xff,0x5f,0xf3,0xff,0xff,0xff,0xff,0xff,0xff,0xff,0xff,0xff,0x00,0x00,
        0x00,0x00,0x00,0x00,0x00,0x00,0x00,0x00,0x00,0x00,0x00,0x00,0x00,0x00,0x00,0x00,
        0x00,0x00,0x00,0x00,0x00,0x00,0x00,0x00,0x00,0x00,0x00,0x00,0x00,0x00,0x00,0x00,
        0x00,0x00,0x00,0x00,0x00,0x00,0x00,0x00,0x00,0x00,0x00,0x00,0x00,0x00,0x00,0x00,
        0x00,0x00,0x3f,0x55,0x73,0x55,0xff,0xff,0xff,0xff,0xff,0xff,0xff,0xff,0x00,0x00,
        0x00,0x00,0x7f,0x54,0x73,0x55,0xff,0xff,0xff,0xff,0xff,0xff,0xff,0xff,0x00,0x00,
        0x00,0x00,0xff,0x51,0xf3,0x55,0xff,0xff,0xff,0xff,0xff,0xff,0xff,0xff,0x00,0x00,
        0x00,0x00,0xff,0x47,0xf3,0x55,0xff,0xff,0xff,0xff,0xff,0xff,0xff,0xff,0x00,0x00,
        0x00,0x00,0xff,0x17,0xf3,0x57,0xff,0xff,0xff,0xff,0xff,0xff,0xff,0xff,0x00,0x00,
        0x00,0x00,0x00,0x00,0x00,0x00,0x00,0x00,0x00,0x00,0x00,0x00,0x00,0x00,0x00,0x00,
        0x00,0x00,0x00,0x00,0x00,0x00,0x00,0x00,0x00,0x00,0x00,0x00,0x00,0x00,0x00,0x00,
        0x00,0x00,0x00,0x00,0x00,0x00,0x00,0x00,0x00,0x00,0x00,0x00,0x00,0x00,0x00,0x00,
        0x00,0x00,0x2f,0x00,0x33,0x00,0x7f,0x55,0xff,0xff,0xff,0xff,0xff,0xff,0x00,0x00,
        0x00,0x00,0x3f,0x00,0x73,0x00,0x7f,0x55,0xff,0xff,0xff,0xff,0xff,0xff,0x00,0x00,
        0x00,0x00,0xff,0x00,0xf3,0x00,0xff,0x55,0xff,0xff,0xff,0xff,0xff,0xff,0x00,0x00,
        0x00,0x00,0xff,0x01,0xf3,0x01,0xff,0x55,0xff,0xff,0xff,0xff,0xff,0xff,0x00,0x00,
        0x00,0x00,0xff,0x03,0xf3,0x03,0xff,0x57,0xff,0xff,0xff,0xff,0xff,0xff,0x00,0x00,
        0x00,0x00,0x00,0x00,0x00,0x00,0x00,0x00,0x00,0x00,0x00,0x00,0x00,0x00,0x00,0x00,
        0x00,0x00,0x00,0x00,0x00,0x00,0x00,0x00,0x00,0x00,0x00,0x00,0x00,0x00,0x00,0x00,
        0x00,0x00,0x00,0x00,0x00,0x00,0x00,0x00,0x00,0x00,0x00,0x00,0x00,0x00,0x00,0x00,
        0x00,0x00,0x3d,0x00,0x01,0x00,0x1d,0x40,0x55,0xd5,0xff,0xff,0xff,0xff,0x00,0x00,
        0x00,0x00,0x7d,0x00,0x31,0x00,0x7d,0x00,0x5f,0x55,0xff,0xff,0xff,0xff,0x00,0x00,
        0x00,0x00,0xfd,0x00,0xf1,0x00,0xff,0x00,0x7f,0x55,0xff,0xff,0xff,0xff,0x00,0x00,
        0x00,0x00,0xff,0x01,0xf3,0x01,0xff,0x01,0xff,0x55,0xff,0xff,0xff,0xff,0x00,0x00,
        0x00,0x00,0xff,0x03,0xf3,0x03,0xff,0x03,0xff,0x57,0xff,0xff,0xff,0xff,0x00,0x00,
        0x00,0x00,0x54,0xf5,0x50,0xf5,0x40,0xfd,0x50,0xff,0xd5,0xff,0xff,0xff,0x00,0x00,
        0x00,0x00,0xa8,0xfa,0x00,0xd0,0x00,0xf4,0x00,0xfd,0x55,0xff,0xff,0xff,0x00,0x00,
        0x00,0x00,0x54,0x55,0x00,0x40,0x00,0xd0,0x00,0xf4,0x55,0xfd,0xff,0xff,0x00,0x00,
        0x00,0x00,0x3c,0x00,0x10,0x00,0x04,0x40,0x05,0xd0,0x57,0xf5,0xff,0xff,0x00,0x00,
        0x00,0x00,0x7c,0x00,0x70,0x00,0x1d,0x00,0x17,0x40,0x5f,0xd5,0xff,0xff,0x00,0x00,
        0x00,0x00,0xfd,0x00,0xf1,0x00,0x7f,0x00,0x5f,0x00,0x7f,0x55,0xff,0xff,0x00,0x00,
        0x00,0x00,0xff,0x01,0xf3,0x01,0xff,0x01,0x7f,0x01,0xff,0x55,0xff,0xff,0x00,0x00,
        0x00,0x00,0xff,0x03,0xf3,0x03,0xff,0x03,0xff,0x01,0xff,0x57,0xff,0xff,0x00,0x00,
        0x00,0x00,0x54,0xf5,0x50,0xf5,0x40,0xfd,0x40,0xff,0xd0,0xff,0xf5,0xff,0x00,0x00,
        0x00,0x00,0x54,0xf5,0x50,0xd5,0x00,0xf4,0x00,0xfd,0x40,0xff,0xd5,0xff,0x00,0x00,
        0x00,0x00,0x54,0x55,0x50,0x55,0x00,0xd0,0x00,0xf4,0x01,0xfd,0x57,0xff,0x00,0x00,
        0x00,0x00,0x7c,0x00,0x10,0x00,0x04,0x40,0x01,0xd0,0x07,0xf4,0x5f,0xfd,0x00,0x00,
        0x00,0x00,0x7c,0x00,0x70,0x00,0x1d,0x00,0x07,0x40,0x1f,0xd0,0x7f,0xf5,0x00,0x00,
        0x00,0x00,0xfd,0x00,0xf1,0x00,0x7f,0x00,0x1f,0x00,0x7f,0x40,0xff,0xd5,0x00,0x00,
        0x00,0x00,0xff,0x01,0xf3,0x01,0xff,0x01,0x7f,0x00,0xff,0x01,0xff,0x57,0x00,0x00,
        0x00,0x00,0xff,0x03,0xf3,0x03,0xff,0x03,0xff,0x01,0xff,0x07,0xff,0x5f,0x00,0x00,
        0x00,0x00,0xfc,0xff,0x50,0xf5,0x40,0xfd,0x40,0xff,0xd0,0xff,0xf4,0xff,0x00,0x00,
        0x00,0x00,0xfc,0xff,0x00,0xd0,0x00,0xf4,0x00,0xfd,0x40,0xff,0xd1,0xff,0x00,0x00,
        0x00,0x00,0xfc,0x55,0x00,0x40,0x00,0xd0,0x00,0xf4,0x01,0xfd,0x47,0xff,0x00,0x00,
        0x00,0x00,0xfc,0x01,0x10,0x00,0x04,0x40,0x01,0xd0,0x07,0xf4,0x1f,0xfd,0x00,0x00,
        0x00,0x00,0xfc,0x01,0x70,0x00,0x1d,0x00,0x07,0x40,0x1f,0xd0,0x7f,0xf4,0x00,0x00,
        0x00,0x00,0xfd,0x01,0xf1,0x00,0x7f,0x00,0x1f,0x00,0x7f,0x40,0xff,0xd1,0x00,0x00,
        0x00,0x00,0xff,0x01,0xf3,0x01,0xff,0x01,0x7f,0x00,0xff,0x01,0xff,0x47,0x00,0x00,
        0x00,0x00,0xff,0x03,0xf3,0x03,0xff,0x03,0xff,0x01,0xff,0x07,0xff,0x1f,0x00,0x00,
        0x00,0x00,0xfc,0xff,0x50,0xf5,0x40,0xfd,0x40,0xff,0xd0,0xff,0xf0,0xff,0x00,0x00,
        0x00,0x00,0xfc,0xff,0x50,0xd5,0x00,0xf4,0x00,0xfd,0x40,0xff,0xc0,0xff,0x00,0x00,
        0x00,0x00,0xfc,0x57,0x50,0x55,0x00,0xd0,0x00,0xf4,0x01,0xfd,0x03,0xff,0x00,0x00,
        0x00,0x00,0xfc,0x07,0x50,0x01,0x04,0x40,0x01,0xd0,0x07,0xf4,0x0f,0xfc,0x00,0x00,
        0x00,0x00,0xfc,0x07,0x70,0x01,0x1d,0x00,0x07,0x40,0x1f,0xd0,0x3f,0xf0,0x00,0x00,
        0x00,0x00,0xfd,0x07,0xf1,0x01,0x7f,0x00,0x1f,0x00,0x7f,0x40,0xff,0xc0,0x00,0x00,
        0x00,0x00,0xff,0x07,0xf3,0x01,0xff,0x01,0x7f,0x00,0xff,0x01,0xff,0x03,0x00,0x00,
        0x00,0x00,0xff,0x07,0xf3,0x03,0xff,0x03,0xff,0x01,0xff,0x07,0xff,0x0f,0x00,0x00,
        0x00,0x00,0xfd,0xff,0xcf,0xff,0xff,0xff,0xff,0xff,0xff,0xff,0xff,0xff,0x00,0x00,
        0x00,0x00,0xfd,0xff,0xcf,0xff,0xff,0xff,0xff,0xff,0xff,0xff,0xff,0xff,0x00,0x00,
        0x00,0x00,0xff,0xff,0xcf,0xff,0xff,0xff,0xff,0xff,0xff,0xff,0xff,0xff,0x00,0x00,
        0x00,0x00,0xff,0xfd,0xcf,0xff,0xff,0xff,0xff,0xff,0xff,0xff,0xff,0xff,0x00,0x00,
        0x00,0x00,0xff,0xf5,0xcf,0xff,0xff,0xff,0xff,0xff,0xff,0xff,0xff,0xff,0x00,0x00,
        0x00,0x00,0xff,0xd5,0xcf,0xff,0xff,0xff,0xff,0xff,0xff,0xff,0xff,0xff,0x00,0x00,
        0x00,0x00,0xff,0x57,0xcf,0xff,0xff,0xff,0xff,0xff,0xff,0xff,0xff,0xff,0x00,0x00,
        0x00,0x00,0xff,0x5f,0xcf,0xff,0xff,0xff,0xff,0xff,0xff,0xff,0xff,0xff,0x00,0x00,
        0x00,0x00,0xfc,0xff,0xcd,0xff,0xff,0xff,0xff,0xff,0xff,0xff,0xff,0xff,0x00,0x00,
        0x00,0x00,0x00,0x00,0x00,0x00,0x00,0x00,0x00,0x00,0x00,0x00,0x00,0x00,0x00,0x00,
        0x00,0x00,0x00,0x00,0x00,0x00,0x00,0x00,0x00,0x00,0x00,0x00,0x00,0x00,0x00,0x00,
        0x00,0x00,0x00,0x00,0x00,0x00,0x00,0x00,0x00,0x00,0x00,0x00,0x00,0x00,0x00,0x00,
        0x00,0x00,0xff,0x54,0xcf,0x55,0xff,0xff,0xff,0xff,0xff,0xff,0xff,0xff,0x00,0x00,
        0x00,0x00,0xff,0x51,0xcf,0x55,0xff,0xff,0xff,0xff,0xff,0xff,0xff,0xff,0x00,0x00,
        0x00,0x00,0xff,0x47,0xcf,0x57,0xff,0xff,0xff,0xff,0xff,0xff,0xff,0xff,0x00,0x00,
        0x00,0x00,0xff,0x1f,0xcf,0x57,0xff,0xff,0xff,0xff,0xff,0xff,0xff,0xff,0x00,0x00,
        0x00,0x00,0xf8,0xff,0xcc,0xff,0xfd,0xff,0xff,0xff,0xff,0xff,0xff,0xff,0x00,0x00,
        0x00,0x00,0x00,0x00,0x00,0x00,0x00,0x00,0x00,0x00,0x00,0x00,0x00,0x00,0x00,0x00,
        0x00,0x00,0x00,0x00,0x00,0x00,0x00,0x00,0x00,0x00,0x00,0x00,0x00,0x00,0x00,0x00,
        0x00,0x00,0x00,0x00,0x00,0x00,0x00,0x00,0x00,0x00,0x00,0x00,0x00,0x00,0x00,0x00,
        0x00,0x00,0xbf,0x00,0xcf,0x00,0xff,0x55,0xff,0xff,0xff,0xff,0xff,0xff,0x00,0x00,
        0x00,0x00,0xff,0x00,0xcf,0x01,0xff,0x55,0xff,0xff,0xff,0xff,0xff,0xff,0x00,0x00,
        0x00,0x00,0xff,0x03,0xcf,0x03,0xff,0x57,0xff,0xff,0xff,0xff,0xff,0xff,0x00,0x00,
        0x00,0x00,0xff,0x07,0xcf,0x07,0xff,0x57,0xff,0xff,0xff,0xff,0xff,0xff,0x00,0x00,
        0x00,0x00,0xfc,0xff,0xc0,0xff,0x74,0xff,0xd5,0xff,0xff,0xff,0xff,0xff,0x00,0x00,
        0x00,0x00,0x00,0x00,0x00,0x00,0x00,0x00,0x00,0x00,0x00,0x00,0x00,0x00,0x00,0x00,
        0x00,0x00,0x00,0x00,0x00,0x00,0x00,0x00,0x00,0x00,0x00,0x00,0x00,0x00,0x00,0x00,
        0x00,0x00,0x00,0x00,0x00,0x00,0x00,0x00,0x00,0x00,0x00,0x00,0x00,0x00,0x00,0x00,
        0x00,0x00,0xfd,0x00,0x0d,0x00,0x75,0x00,0x5f,0x55,0xff,0xff,0xff,0xff,0x00,0x00,
        0x00,0x00,0xfd,0x01,0xcd,0x00,0xff,0x01,0x7f,0x55,0xff,0xff,0xff,0xff,0x00,0x00,
        0x00,0x00,0xff,0x03,0xcf,0x03,0xff,0x03,0xff,0x55,0xff,0xff,0xff,0xff,0x00,0x00,
        0x00,0x00,0xff,0x07,0xcf,0x07,0xff,0x07,0xff,0x57,0xff,0xff,0xff,0xff,0x00,0x00,
        0x00,0x00,0xfc,0xff,0xc4,0xff,0x50,0xff,0x50,0xff,0xd5,0xff,0xff,0xff,0x00,0x00,
        0x00,0x00,0x54,0xd5,0x40,0xd5,0x00,0xf5,0x40,0xfd,0x55,0xff,0xff,0xff,0x00,0x00,
        0x00,0x00,0xa8,0x6a,0x00,0x40,0x00,0xd0,0x00,0xf4,0x55,0xfd,0xff,0xff,0x00,0x00,
        0x00,0x00,0x54,0x15,0x04,0x00,0x00,0x40,0x05,0xd0,0x57,0xf5,0xff,0xff,0x00,0x00,
        0x00,0x00,0xfc,0x00,0x4c,0x00,0x15,0x00,0x17,0x40,0x5f,0xd5,0xff,0xff,0x00,0x00,
        0x00,0x00,0xfd,0x01,0xcd,0x01,0x7f,0x00,0x5f,0x00,0x7f,0x55,0xff,0xff,0x00,0x00,
        0x00,0x00,0xff,0x03,0xcf,0x03,0xff,0x01,0x7f,0x01,0xff,0x55,0xff,0xff,0x00,0x00,
        0x00,0x00,0xff,0x07,0xcf,0x07,0xff,0x07,0xff,0x05,0xff,0x57,0xff,0xff,0x00,0x00,
        0x00,0x00,0xfc,0xff,0xc4,0xff,0x50,0xff,0x40,0xff,0xd0,0xff,0xf5,0xff,0x00,0x00,
        0x00,0x00,0x54,0xd5,0x44,0xd5,0x00,0xf5,0x00,0xfd,0x40,0xff,0xd5,0xff,0x00,0x00,
        0x00,0x00,0x54,0x55,0x44,0x55,0x00,0xd0,0x00,0xf4,0x01,0xfd,0x57,0xff,0x00,0x00,
        0x00,0x00,0x54,0x15,0x44,0x15,0x00,0x40,0x01,0xd0,0x07,0xf4,0x5f,0xfd,0x00,0x00,
        0x00,0x00,0xfc,0x01,0x4c,0x00,0x15,0x00,0x07,0x40,0x1f,0xd0,0x7f,0xf5,0x00,0x00,
        0x00,0x00,0xfd,0x01,0xcd,0x01,0x7f,0x00,0x1f,0x00,0x7f,0x40,0xff,0xd5,0x00,0x00,
        0x00,0x00,0xff,0x03,0xcf,0x03,0xff,0x01,0x7f,0x00,0xff,0x01,0xff,0x57,0x00,0x00,
        0x00,0x00,0xff,0x07,0xcf,0x07,0xff,0x07,0xff,0x01,0xff,0x07,0xff,0x5f,0x00,0x00,
        0x00,0x00,0xfc,0xff,0xc4,0xff,0x50,0xff,0x40,0xff,0xd0,0xff,0xf4,0xff,0x00,0x00,
        0x00,0x00,0xfc,0xff,0x40,0xd5,0x00,0xf5,0x00,0xfd,0x40,0xff,0xd1,0xff,0x00,0x00,
        0x00,0x00,0xfc,0x7f,0x00,0x40,0x00,0xd0,0x00,0xf4,0x01,0xfd,0x47,0xff,0x00,0x00,
        0x00,0x00,0xfc,0x17,0x04,0x00,0x00,0x40,0x01,0xd0,0x07,0xf4,0x1f,0xfd,0x00,0x00,
        0x00,0x00,0xfc,0x07,0x4c,0x00,0x15,0x00,0x07,0x40,0x1f,0xd0,0x7f,0xf4,0x00,0x00,
        0x00,0x00,0xfd,0x07,0xcd,0x01,0x7f,0x00,0x1f,0x00,0x7f,0x40,0xff,0xd1,0x00,0x00,
        0x00,0x00,0xff,0x07,0xcf,0x03,0xff,0x01,0x7f,0x00,0xff,0x01,0xff,0x47,0x00,0x00,
        0x00,0x00,0xff,0x07,0xcf,0x07,0xff,0x07,0xff,0x01,0xff,0x07,0xff,0x1f,0x00,0x00,
        0x00,0x00,0xfc,0xff,0xc4,0xff,0x50,0xff,0x40,0xff,0xd0,0xff,0xf0,0xff,0x00,0x00,
        0x00,0x00,0xfc,0xff,0x44,0xd5,0x00,0xf5,0x00,0xfd,0x40,0xff,0xc0,0xff,0x00,0x00,
        0x00,0x00,0xfc,0x7f,0x44,0x55,0x00,0xd0,0x00,0xf4,0x01,0xfd,0x03,0xff,0x00,0x00,
        0x00,0x00,0xfc,0x1f,0x44,0x15,0x00,0x40,0x01,0xd0,0x07,0xf4,0x0f,0xfc,0x00,0x00,
        0x00,0x00,0xfc,0x1f,0x4c,0x05,0x15,0x00,0x07,0x40,0x1f,0xd0,0x3f,0xf0,0x00,0x00,
        0x00,0x00,0xfd,0x1f,0xcd,0x05,0x7f,0x00,0x1f,0x00,0x7f,0x40,0xff,0xc0,0x00,0x00,
        0x00,0x00,0xff,0x1f,0xcf,0x07,0xff,0x01,0x7f,0x00,0xff,0x01,0xff,0x03,0x00,0x00,
        0x00,0x00,0xff,0x1f,0xcf,0x07,0xff,0x07,0xff,0x01,0xff,0x07,0xff,0x0f,0x00,0x00,
        0x00,0x00,0xf5,0xff,0x3f,0xff,0xff,0xff,0xff,0xff,0xff,0xff,0xff,0xff,0x00,0x00,
        0x00,0x00,0xf5,0xff,0x3f,0xff,0xff,0xff,0xff,0xff,0xff,0xff,0xff,0xff,0x00,0x00,
        0x00,0x00,0xf7,0xff,0x3f,0xff,0xff,0xff,0xff,0xff,0xff,0xff,0xff,0xff,0x00,0x00,
        0x00,0x00,0xff,0xff,0x3f,0xff,0xff,0xff,0xff,0xff,0xff,0xff,0xff,0xff,0x00,0x00,
        0x00,0x00,0xff,0xf7,0x3f,0xff,0xff,0xff,0xff,0xff,0xff,0xff,0xff,0xff,0x00,0x00,
        0x00,0x00,0xff,0xd7,0x3f,0xff,0xff,0xff,0xff,0xff,0xff,0xff,0xff,0xff,0x00,0x00,
        0x00,0x00,0xff,0x57,0x3f,0xff,0xff,0xff,0xff,0xff,0xff,0xff,0xff,0xff,0x00,0x00,
        0x00,0x00,0xff,0x5f,0x3f,0xff,0xff,0xff,0xff,0xff,0xff,0xff,0xff,0xff,0x00,0x00,
        0x00,0x00,0xf4,0xff,0x35,0xff,0xff,0xff,0xff,0xff,0xff,0xff,0xff,0xff,0x00,0x00,
        0x00,0x00,0xf1,0xff,0x35,0xff,0xff,0xff,0xff,0xff,0xff,0xff,0xff,0xff,0x00,0x00,
        0x00,0x00,0x00,0x00,0x00,0x00,0x00,0x00,0x00,0x00,0x00,0x00,0x00,0x00,0x00,0x00,
        0x00,0x00,0x00,0x00,0x00,0x00,0x00,0x00,0x00,0x00,0x00,0x00,0x00,0x00,0x00,0x00,
        0x00,0x00,0x00,0x00,0x00,0x00,0x00,0x00,0x00,0x00,0x00,0x00,0x00,0x00,0x00,0x00,
        0x00,0x00,0xff,0x53,0x3f,0x57,0xff,0xff,0xff,0xff,0xff,0xff,0xff,0xff,0x00,0x00,
        0x00,0x00,0xff,0x47,0x3f,0x57,0xff,0xff,0xff,0xff,0xff,0xff,0xff,0xff,0x00,0x00,
        0x00,0x00,0xff,0x1f,0x3f,0x5f,0xff,0xff,0xff,0xff,0xff,0xff,0xff,0xff,0x00,0x00,
        0x00,0x00,0xf0,0xff,0x34,0xff,0xf5,0xff,0xff,0xff,0xff,0xff,0xff,0xff,0x00,0x00,
        0x00,0x00,0xe0,0xff,0x30,0xff,0xf5,0xff,0xff,0xff,0xff,0xff,0xff,0xff,0x00,0x00,
        0x00,0x00,0x00,0x00,0x00,0x00,0x00,0x00,0x00,0x00,0x00,0x00,0x00,0x00,0x00,0x00,
        0x00,0x00,0x00,0x00,0x00,0x00,0x00,0x00,0x00,0x00,0x00,0x00,0x00,0x00,0x00,0x00,
        0x00,0x00,0x00,0x00,0x00,0x00,0x00,0x00,0x00,0x00,0x00,0x00,0x00,0x00,0x00,0x00,
        0x00,0x00,0xff,0x02,0x3f,0x03,0xff,0x57,0xff,0xff,0xff,0xff,0xff,0xff,0x00,0x00,
        0x00,0x00,0xff,0x03,0x3f,0x07,0xff,0x57,0xff,0xff,0xff,0xff,0xff,0xff,0x00,0x00,
        0x00,0x00,0xff,0x0f,0x3f,0x0f,0xff,0x5f,0xff,0xff,0xff,0xff,0xff,0xff,0x00,0x00,
        0x00,0x00,0xf4,0xff,0x30,0xff,0xf4,0xff,0xd5,0xff,0xff,0xff,0xff,0xff,0x00,0x00,
        0x00,0x00,0xf0,0xff,0x00,0xff,0xd0,0xfd,0x55,0xff,0xff,0xff,0xff,0xff,0x00,0x00,
        0x00,0x00,0x00,0x00,0x00,0x00,0x00,0x00,0x00,0x00,0x00,0x00,0x00,0x00,0x00,0x00,
        0x00,0x00,0x00,0x00,0x00,0x00,0x00,0x00,0x00,0x00,0x00,0x00,0x00,0x00,0x00,0x00,
        0x00,0x00,0x00,0x00,0x00,0x00,0x00,0x00,0x00,0x00,0x00,0x00,0x00,0x00,0x00,0x00,
        0x00,0x00,0xfd,0x03,0x3d,0x00,0xdf,0x01,0x7f,0x55,0xff,0xff,0xff,0xff,0x00,0x00,
        0x00,0x00,0xff,0x07,0x3f,0x03,0xff,0x07,0xff,0x55,0xff,0xff,0xff,0xff,0x00,0x00,
        0x00,0x00,0xff,0x0f,0x3f,0x0f,0xff,0x0f,0xff,0x57,0xff,0xff,0xff,0xff,0x00,0x00,
        0x00,0x00,0xf4,0xff,0x34,0xff,0xd0,0xff,0x50,0xff,0xd5,0xff,0xff,0xff,0x00,0x00,
        0x00,0x00,0xf0,0xff,0x10,0xff,0x40,0xfd,0x40,0xfd,0x55,0xff,0xff,0xff,0x00,0x00,
        0x00,0x00,0x54,0x55,0x00,0x55,0x00,0xd4,0x00,0xf5,0x55,0xfd,0xff,0xff,0x00,0x00,
        0x00,0x00,0xa8,0x2a,0x00,0x00,0x00,0x40,0x01,0xd0,0x57,0xf5,0xff,0xff,0x00,0x00,
        0x00,0x00,0x54,0x15,0x14,0x00,0x05,0x00,0x17,0x40,0x5f,0xd5,0xff,0xff,0x00,0x00,
        0x00,0x00,0xfd,0x03,0x3d,0x01,0x5f,0x00,0x5f,0x00,0x7f,0x55,0xff,0xff,0x00,0x00,
        0x00,0x00,0xff,0x07,0x3f,0x07,0xff,0x01,0x7f,0x01,0xff,0x55,0xff,0xff,0x00,0x00,
        0x00,0x00,0xff,0x0f,0x3f,0x0f,0xff,0x07,0xff,0x05,0xff,0x57,0xff,0xff,0x00,0x00,
        0x00,0x00,0xf4,0xff,0x34,0xff,0xd0,0xff,0x40,0xff,0xd0,0xff,0xf5,0xff,0x00,0x00,
        0x00,0x00,0xf4,0xff,0x10,0xff,0x40,0xfd,0x00,0xfd,0x40,0xff,0xd5,0xff,0x00,0x00,
        0x00,0x00,0x54,0x55,0x14,0x55,0x00,0xd4,0x00,0xf4,0x01,0xfd,0x57,0xff,0x00,0x00,
        0x00,0x00,0x54,0x15,0x14,0x15,0x00,0x40,0x01,0xd0,0x07,0xf4,0x5f,0xfd,0x00,0x00,
        0x00,0x00,0x54,0x15,0x14,0x15,0x05,0x00,0x07,0x40,0x1f,0xd0,0x7f,0xf5,0x00,0x00,
        0x00,0x00,0xfd,0x07,0x3d,0x01,0x5f,0x00,0x1f,0x00,0x7f,0x40,0xff,0xd5,0x00,0x00,
        0x00,0x00,0xff,0x07,0x3f,0x07,0xff,0x01,0x7f,0x00,0xff,0x01,0xff,0x57,0x00,0x00,
        0x00,0x00,0xff,0x0f,0x3f,0x0f,0xff,0x07,0xff,0x01,0xff,0x07,0xff,0x5f,0x00,0x00,
        0x00,0x00,0xfc,0xff,0x34,0xff,0xd0,0xff,0x40,0xff,0xd0,0xff,0xf4,0xff,0x00,0x00,
        0x00,0x00,0xfc,0xff,0x10,0xff,0x40,0xfd,0x00,0xfd,0x40,0xff,0xd1,0xff,0x00,0x00,
        0x00,0x00,0xfc,0x7f,0x00,0x55,0x00,0xd4,0x00,0xf4,0x01,0xfd,0x47,0xff,0x00,0x00,
        0x00,0x00,0xfc,0x3f,0x00,0x00,0x00,0x40,0x01,0xd0,0x07,0xf4,0x1f,0xfd,0x00,0x00,
        0x00,0x00,0xfc,0x1f,0x14,0x00,0x05,0x00,0x07,0x40,0x1f,0xd0,0x7f,0xf4,0x00,0x00,
        0x00,0x00,0xfd,0x1f,0x3d,0x01,0x5f,0x00,0x1f,0x00,0x7f,0x40,0xff,0xd1,0x00,0x00,
        0x00,0x00,0xff,0x1f,0x3f,0x07,0xff,0x01,0x7f,0x00,0xff,0x01,0xff,0x47,0x00,0x00,
        0x00,0x00,0xff,0x1f,0x3f,0x0f,0xff,0x07,0xff,0x01,0xff,0x07,0xff,0x1f,0x00,0x00,
        0x00,0x00,0xfc,0xff,0x34,0xff,0xd0,0xff,0x40,0xff,0xd0,0xff,0xf0,0xff,0x00,0x00,
        0x00,0x00,0xfc,0xff,0x14,0xff,0x40,0xfd,0x00,0xfd,0x40,0xff,0xc0,0xff,0x00,0x00,
        0x00,0x00,0xfc,0x7f,0x14,0x55,0x00,0xd4,0x00,0xf4,0x01,0xfd,0x03,0xff,0x00,0x00,
        0x00,0x00,0xfc,0x3f,0x14,0x15,0x00,0x40,0x01,0xd0,0x07,0xf4,0x0f,0xfc,0x00,0x00,
        0x00,0x00,0xfc,0x3f,0x14,0x15,0x05,0x00,0x07,0x40,0x1f,0xd0,0x3f,0xf0,0x00,0x00,
        0x00,0x00,0xfd,0x3f,0x3d,0x15,0x5f,0x00,0x1f,0x00,0x7f,0x40,0xff,0xc0,0x00,0x00,
        0x00,0x00,0xff,0x3f,0x3f,0x17,0xff,0x01,0x7f,0x00,0xff,0x01,0xff,0x03,0x00,0x00,
        0x00,0x00,0xff,0x3f,0x3f,0x1f,0xff,0x07,0xff,0x01,0xff,0x07,0xff,0x0f,0x00,0x00,
        0x00,0x00,0xf5,0xff,0xff,0xfc,0xff,0xff,0xff,0xff,0xff,0xff,0xff,0xff,0x00,0x00,
        0x00,0x00,0xd5,0xff,0xff,0xfc,0xff,0xff,0xff,0xff,0xff,0xff,0xff,0xff,0x00,0x00,
        0x00,0x00,0xd7,0xff,0xff,0xfc,0xff,0xff,0xff,0xff,0xff,0xff,0xff,0xff,0x00,0x00,
        0x00,0x00,0xdf,0xff,0xff,0xfc,0xff,0xff,0xff,0xff,0xff,0xff,0xff,0xff,0x00,0x00,
        0x00,0x00,0xff,0xff,0xff,0xfc,0xff,0xff,0xff,0xff,0xff,0xff,0xff,0xff,0x00,0x00,
        0x00,0x00,0xff,0xdf,0xff,0xfc,0xff,0xff,0xff,0xff,0xff,0xff,0xff,0xff,0x00,0x00,
        0x00,0x00,0xff,0x5f,0xff,0xfc,0xff,0xff,0xff,0xff,0xff,0xff,0xff,0xff,0x00,0x00,
        0x00,0x00,0xff,0x5f,0xff,0xfc,0xff,0xff,0xff,0xff,0xff,0xff,0xff,0xff,0x00,0x00,
        0x00,0x00,0xf4,0xff,0xf5,0xfc,0xff,0xff,0xff,0xff,0xff,0xff,0xff,0xff,0x00,0x00,
        0x00,0x00,0xd1,0xff,0xd5,0xfc,0xff,0xff,0xff,0xff,0xff,0xff,0xff,0xff,0x00,0x00,
        0x00,0x00,0xc5,0xff,0xd5,0xfc,0xff,0xff,0xff,0xff,0xff,0xff,0xff,0xff,0x00,0x00,
        0x00,0x00,0x00,0x00,0x00,0x00,0x00,0x00,0x00,0x00,0x00,0x00,0x00,0x00,0x00,0x00,
        0x00,0x00,0x00,0x00,0x00,0x00,0x00,0x00,0x00,0x00,0x00,0x00,0x00,0x00,0x00,0x00,
        0x00,0x00,0x00,0x00,0x00,0x00,0x00,0x00,0x00,0x00,0x00,0x00,0x00,0x00,0x00,0x00,
        0x00,0x00,0xff,0x4f,0xff,0x5c,0xff,0xff,0xff,0xff,0xff,0xff,0xff,0xff,0x00,0x00,
        0x00,0x00,0xff,0x1f,0xff,0x5c,0xff,0xff,0xff,0xff,0xff,0xff,0xff,0xff,0x00,0x00,
        0x00,0x00,0xf0,0xff,0xf0,0xfc,0xf5,0xff,0xff,0xff,0xff,0xff,0xff,0xff,0x00,0x00,
        0x00,0x00,0xc0,0xff,0xd0,0xfc,0xd5,0xff,0xff,0xff,0xff,0xff,0xff,0xff,0x00,0x00,
        0x00,0x00,0x80,0xff,0xc0,0xfc,0xd5,0xff,0xff,0xff,0xff,0xff,0xff,0xff,0x00,0x00,
        0x00,0x00,0x00,0x00,0x00,0x00,0x00,0x00,0x00,0x00,0x00,0x00,0x00,0x00,0x00,0x00,
        0x00,0x00,0x00,0x00,0x00,0x00,0x00,0x00,0x00,0x00,0x00,0x00,0x00,0x00,0x00,0x00,
        0x00,0x00,0x00,0x00,0x00,0x00,0x00,0x00,0x00,0x00,0x00,0x00,0x00,0x00,0x00,0x00,
        0x00,0x00,0xff,0x0b,0xff,0x0c,0xff,0x5f,0xff,0xff,0xff,0xff,0xff,0xff,0x00,0x00,
        0x00,0x00,0xff,0x0f,0xff,0x1c,0xff,0x5f,0xff,0xff,0xff,0xff,0xff,0xff,0x00,0x00,
        0x00,0x00,0xf0,0xff,0xf0,0xfc,0xf0,0xff,0xd5,0xff,0xff,0xff,0xff,0xff,0x00,0x00,
        0x00,0x00,0xd0,0xff,0xc0,0xfc,0xd0,0xff,0x55,0xff,0xff,0xff,0xff,0xff,0x00,0x00,
        0x00,0x00,0xc0,0x7f,0x00,0x7c,0x40,0xf7,0x55,0xfd,0xff,0xff,0xff,0xff,0x00,0x00,
        0x00,0x00,0x00,0x00,0x00,0x00,0x00,0x00,0x00,0x00,0x00,0x00,0x00,0x00,0x00,0x00,
        0x00,0x00,0x00,0x00,0x00,0x00,0x00,0x00,0x00,0x00,0x00,0x00,0x00,0x00,0x00,0x00,
        0x00,0x00,0x00,0x00,0x00,0x00,0x00,0x00,0x00,0x00,0x00,0x00,0x00,0x00,0x00,0x00,
        0x00,0x00,0xff,0x0f,0xff,0x00,0x7f,0x07,0xff,0x55,0xff,0xff,0xff,0xff,0x00,0x00,
        0x00,0x00,0xff,0x1f,0xff,0x0c,0xff,0x1f,0xff,0x57,0xff,0xff,0xff,0xff,0x00,0x00,
        0x00,0x00,0xf0,0xff,0xf0,0xfc,0xd0,0xff,0x50,0xff,0xd5,0xff,0xff,0xff,0x00,0x00,
        0x00,0x00,0xd0,0xff,0xd0,0xfc,0x40,0xff,0x40,0xfd,0x55,0xff,0xff,0xff,0x00,0x00,
        0x00,0x00,0xc0,0x7f,0x40,0x7c,0x00,0xf5,0x00,0xf5,0x55,0xfd,0xff,0xff,0x00,0x00,
        0x00,0x00,0x54,0x15,0x00,0x14,0x00,0x50,0x01,0xd4,0x57,0xf5,0xff,0xff,0x00,0x00,
        0x00,0x00,0xa8,0x2a,0x00,0x00,0x01,0x00,0x07,0x40,0x5f,0xd5,0xff,0xff,0x00,0x00,
        0x00,0x00,0x55,0x15,0x55,0x00,0x17,0x00,0x5f,0x00,0x7f,0x55,0xff,0xff,0x00,0x00,
        0x00,0x00,0xff,0x0f,0xff,0x04,0x7f,0x01,0x7f,0x01,0xff,0x55,0xff,0xff,0x00,0x00,
        0x00,0x00,0xff,0x1f,0xff,0x1c,0xff,0x07,0xff,0x05,0xff,0x57,0xff,0xff,0x00,0x00,
        0x00,0x00,0xf0,0xff,0xf0,0xfc,0xd0,0xff,0x40,0xff,0xd0,0xff,0xf5,0xff,0x00,0x00,
        0x00,0x00,0xd0,0xff,0xd0,0xfc,0x40,0xff,0x00,0xfd,0x40,0xff,0xd5,0xff,0x00,0x00,
        0x00,0x00,0xd0,0x7f,0x40,0x7c,0x00,0xf5,0x00,0xf4,0x01,0xfd,0x57,0xff,0x00,0x00,
        0x00,0x00,0x54,0x15,0x54,0x14,0x00,0x50,0x01,0xd0,0x07,0xf4,0x5f,0xfd,0x00,0x00,
        0x00,0x00,0x54,0x15,0x54,0x14,0x01,0x00,0x07,0x40,0x1f,0xd0,0x7f,0xf5,0x00,0x00,
        0x00,0x00,0x55,0x15,0x55,0x14,0x17,0x00,0x1f,0x00,0x7f,0x40,0xff,0xd5,0x00,0x00,
        0x00,0x00,0xff,0x1f,0xff,0x04,0x7f,0x01,0x7f,0x00,0xff,0x01,0xff,0x57,0x00,0x00,
        0x00,0x00,0xff,0x1f,0xff,0x1c,0xff,0x07,0xff,0x01,0xff,0x07,0xff,0x5f,0x00,0x00,
        0x00,0x00,0xf4,0xff,0xf0,0xfc,0xd0,0xff,0x40,0xff,0xd0,0xff,0xf4,0xff,0x00,0x00,
        0x00,0x00,0xf4,0xff,0xd0,0xfc,0x40,0xff,0x00,0xfd,0x40,0xff,0xd1,0xff,0x00,0x00,
        0x00,0x00,0xf4,0x7f,0x40,0x7c,0x00,0xf5,0x00,0xf4,0x01,0xfd,0x47,0xff,0x00,0x00,
        0x00,0x00,0xf4,0x3f,0x00,0x14,0x00,0x50,0x01,0xd0,0x07,0xf4,0x1f,0xfd,0x00,0x00,
        0x00,0x00,0xfc,0x3f,0x00,0x00,0x01,0x00,0x07,0x40,0x1f,0xd0,0x7f,0xf4,0x00,0x00,
        0x00,0x00,0xfd,0x3f,0x55,0x00,0x17,0x00,0x1f,0x00,0x7f,0x40,0xff,0xd1,0x00,0x00,
        0x00,0x00,0xff,0x3f,0xff,0x04,0x7f,0x01,0x7f,0x00,0xff,0x01,0xff,0x47,0x00,0x00,
        0x00,0x00,0xff,0x3f,0xff,0x1c,0xff,0x07,0xff,0x01,0xff,0x07,0xff,0x1f,0x00,0x00,
        0x00,0x00,0xfc,0xff,0xf4,0xfc,0xd0,0xff,0x40,0xff,0xd0,0xff,0xf0,0xff,0x00,0x00,
        0x00,0x00,0xfc,0xff,0xd4,0xfc,0x40,0xff,0x00,0xfd,0x40,0xff,0xc0,0xff,0x00,0x00,
        0x00,0x00,0xfc,0x7f,0x54,0x7c,0x00,0xf5,0x00,0xf4,0x01,0xfd,0x03,0xff,0x00,0x00,
        0x00,0x00,0xfc,0x3f,0x54,0x14,0x00,0x50,0x01,0xd0,0x07,0xf4,0x0f,0xfc,0x00,0x00,
        0x00,0x00,0xfc,0x3f,0x54,0x14,0x01,0x00,0x07,0x40,0x1f,0xd0,0x3f,0xf0,0x00,0x00,
        0x00,0x00,0xfd,0x3f,0x55,0x14,0x17,0x00,0x1f,0x00,0x7f,0x40,0xff,0xc0,0x00,0x00,
        0x00,0x00,0xff,0x3f,0xff,0x14,0x7f,0x01,0x7f,0x00,0xff,0x01,0xff,0x03,0x00,0x00,
        0x00,0x00,0xff,0x3f,0xff,0x1c,0xff,0x07,0xff,0x01,0xff,0x07,0xff,0x0f,0x00,0x00,
        0x00,0x00,0xf5,0xff,0xff,0xf3,0xff,0xff,0xff,0xff,0xff,0xff,0xff,0xff,0x00,0x00,
        0x00,0x00,0xd5,0xff,0xff,0xf3,0xff,0xff,0xff,0xff,0xff,0xff,0xff,0xff,0x00,0x00,
        0x00,0x00,0x57,0xff,0xff,0xf3,0xff,0xff,0xff,0xff,0xff,0xff,0xff,0xff,0x00,0x00,
        0x00,0x00,0x5f,0xff,0xff,0xf3,0xff,0xff,0xff,0xff,0xff,0xff,0xff,0xff,0x00,0x00,
        0x00,0x00,0x7f,0xff,0xff,0xf3,0xff,0xff,0xff,0xff,0xff,0xff,0xff,0xff,0x00,0x00,
        0x00,0x00,0xff,0xff,0xff,0xf3,0xff,0xff,0xff,0xff,0xff,0xff,0xff,0xff,0x00,0x00,
        0x00,0x00,0xff,0x7f,0xff,0xf3,0xff,0xff,0xff,0xff,0xff,0xff,0xff,0xff,0x00,0x00,
        0x00,0x00,0xff,0x7f,0xff,0xf3,0xff,0xff,0xff,0xff,0xff,0xff,0xff,0xff,0x00,0x00,
        0x00,0x00,0xf4,0xff,0xd5,0xf3,0xff,0xff,0xff,0xff,0xff,0xff,0xff,0xff,0x00,0x00,
        0x00,0x00,0xd1,0xff,0xd5,0xf3,0xff,0xff,0xff,0xff,0xff,0xff,0xff,0xff,0x00,0x00,
        0x00,0x00,0x45,0xff,0x55,0xf3,0xff,0xff,0xff,0xff,0xff,0xff,0xff,0xff,0x00,0x00,
        0x00,0x00,0x15,0xff,0x55,0xf3,0xff,0xff,0xff,0xff,0xff,0xff,0xff,0xff,0x00,0x00,
        0x00,0x00,0x00,0x00,0x00,0x00,0x00,0x00,0x00,0x00,0x00,0x00,0x00,0x00,0x00,0x00,
        0x00,0x00,0x00,0x00,0x00,0x00,0x00,0x00,0x00,0x00,0x00,0x00,0x00,0x00,0x00,0x00,
        0x00,0x00,0x00,0x00,0x00,0x00,0x00,0x00,0x00,0x00,0x00,0x00,0x00,0x00,0x00,0x00,
        0x00,0x00,0xff,0x3f,0xff,0x73,0xff,0xff,0xff,0xff,0xff,0xff,0xff,0xff,0x00,0x00,
        0x00,0x00,0xd0,0xff,0xd0,0xf3,0xd5,0xff,0xff,0xff,0xff,0xff,0xff,0xff,0x00,0x00,
        0x00,0x00,0xc0,0xff,0xc0,0xf3,0xd5,0xff,0xff,0xff,0xff,0xff,0xff,0xff,0x00,0x00,
        0x00,0x00,0x00,0xff,0x40,0xf3,0x55,0xff,0xff,0xff,0xff,0xff,0xff,0xff,0x00,0x00,
        0x00,0x00,0x00,0xfe,0x00,0xf3,0x55,0xff,0xff,0xff,0xff,0xff,0xff,0xff,0x00,0x00,
        0x00,0x00,0x00,0x00,0x00,0x00,0x00,0x00,0x00,0x00,0x00,0x00,0x00,0x00,0x00,0x00,
        0x00,0x00,0x00,0x00,0x00,0x00,0x00,0x00,0x00,0x00,0x00,0x00,0x00,0x00,0x00,0x00,
        0x00,0x00,0x00,0x00,0x00,0x00,0x00,0x00,0x00,0x00,0x00,0x00,0x00,0x00,0x00,0x00,
        0x00,0x00,0xff,0x2f,0xff,0x33,0xff,0x7f,0xff,0xff,0xff,0xff,0xff,0xff,0x00,0x00,
        0x00,0x00,0xd0,0xff,0xd0,0xf3,0xd0,0xff,0xd5,0xff,0xff,0xff,0xff,0xff,0x00,0x00,
        0x00,0x00,0xc0,0xff,0xc0,0xf3,0xc0,0xff,0x55,0xff,0xff,0xff,0xff,0xff,0x00,0x00,
        0x00,0x00,0x40,0x7f,0x00,0x73,0x40,0xff,0x55,0xfd,0xff,0xff,0xff,0xff,0x00,0x00,
        0x00,0x00,0x00,0x7f,0x00,0x70,0x00,0x5d,0x55,0xf5,0xff,0xff,0xff,0xff,0x00,0x00,
        0x00,0x00,0x00,0x00,0x00,0x00,0x00,0x00,0x00,0x00,0x00,0x00,0x00,0x00,0x00,0x00,
        0x00,0x00,0x00,0x00,0x00,0x00,0x00,0x00,0x00,0x00,0x00,0x00,0x00,0x00,0x00,0x00,
        0x00,0x00,0x00,0x00,0x00,0x00,0x00,0x00,0x00,0x00,0x00,0x00,0x00,0x00,0x00,0x00,
        0x00,0x00,0xff,0x3f,0xff,0x03,0xff,0x1d,0xff,0x57,0xff,0xff,0xff,0xff,0x00,0x00,
        0x00,0x00,0xd0,0xff,0xd0,0xf3,0xd0,0xff,0x50,0xff,0xd5,0xff,0xff,0xff,0x00,0x00,
        0x00,0x00,0xc0,0xff,0xc0,0xf3,0x40,0xff,0x40,0xfd,0x55,0xff,0xff,0xff,0x00,0x00,
        0x00,0x00,0x40,0x7f,0x40,0x73,0x00,0xfd,0x00,0xf5,0x55,0xfd,0xff,0xff,0x00,0x00,
        0x00,0x00,0x00,0x3f,0x00,0x31,0x00,0x54,0x01,0xd4,0x57,0xf5,0xff,0xff,0x00,0x00,
        0x00,0x00,0x54,0x15,0x00,0x10,0x01,0x00,0x07,0x50,0x5f,0xd5,0xff,0xff,0x00,0x00,
        0x00,0x00,0xa9,0x2a,0x01,0x00,0x07,0x00,0x1f,0x00,0x7f,0x55,0xff,0xff,0x00,0x00,
        0x00,0x00,0x57,0x15,0x57,0x01,0x5f,0x00,0x7f,0x01,0xff,0x55,0xff,0xff,0x00,0x00,
        0x00,0x00,0xff,0x3f,0xff,0x13,0xff,0x05,0xff,0x05,0xff,0x57,0xff,0xff,0x00,0x00,
        0x00,0x00,0xd0,0xff,0xd0,0xf3,0xd0,0xff,0x40,0xff,0xd0,0xff,0xf5,0xff,0x00,0x00,
        0x00,0x00,0xc0,0xff,0xc0,0xf3,0x40,0xff,0x00,0xfd,0x40,0xff,0xd5,0xff,0x00,0x00,
        0x00,0x00,0x40,0x7f,0x40,0x73,0x00,0xfd,0x00,0xf4,0x01,0xfd,0x57,0xff,0x00,0x00,
        0x00,0x00,0x40,0x3f,0x00,0x31,0x00,0x54,0x01,0xd0,0x07,0xf4,0x5f,0xfd,0x00,0x00,
        0x00,0x00,0x54,0x15,0x54,0x11,0x01,0x00,0x07,0x40,0x1f,0xd0,0x7f,0xf5,0x00,0x00,
        0x00,0x00,0x55,0x15,0x55,0x11,0x07,0x00,0x1f,0x00,0x7f,0x40,0xff,0xd5,0x00,0x00,
        0x00,0x00,0x57,0x15,0x57,0x11,0x5f,0x00,0x7f,0x00,0xff,0x01,0xff,0x57,0x00,0x00,
        0x00,0x00,0xff,0x3f,0xff,0x13,0xff,0x05,0xff,0x01,0xff,0x07,0xff,0x5f,0x00,0x00,
        0x00,0x00,0xd0,0xff,0xd0,0xf3,0xd0,0xff,0x40,0xff,0xd0,0xff,0xf4,0xff,0x00,0x00,
        0x00,0x00,0xd0,0xff,0xc0,0xf3,0x40,0xff,0x00,0xfd,0x40,0xff,0xd1,0xff,0x00,0x00,
        0x00,0x00,0xd0,0x7f,0x40,0x73,0x00,0xfd,0x00,0xf4,0x01,0xfd,0x47,0xff,0x00,0x00,
        0x00,0x00,0xd0,0x3f,0x00,0x31,0x00,0x54,0x01,0xd0,0x07,0xf4,0x1f,0xfd,0x00,0x00,
        0x00,0x00,0xd4,0x3f,0x00,0x10,0x01,0x00,0x07,0x40,0x1f,0xd0,0x7f,0xf4,0x00,0x00,
        0x00,0x00,0xfd,0x3f,0x01,0x00,0x07,0x00,0x1f,0x00,0x7f,0x40,0xff,0xd1,0x00,0x00,
        0x00,0x00,0xff,0x3f,0x57,0x01,0x5f,0x00,0x7f,0x00,0xff,0x01,0xff,0x47,0x00,0x00,
        0x00,0x00,0xff,0x3f,0xff,0x13,0xff,0x05,0xff,0x01,0xff,0x07,0xff,0x1f,0x00,0x00,
        0x00,0x00,0xf4,0xff,0xd0,0xf3,0xd0,0xff,0x40,0xff,0xd0,0xff,0xf0,0xff,0x00,0x00,
        0x00,0x00,0xf4,0xff,0xd0,0xf3,0x40,0xff,0x00,0xfd,0x40,0xff,0xc0,0xff,0x00,0x00,
        0x00,0x00,0xf4,0x7f,0x50,0x73,0x00,0xfd,0x00,0xf4,0x01,0xfd,0x03,0xff,0x00,0x00,
        0x00,0x00,0xf4,0x3f,0x50,0x31,0x00,0x54,0x01,0xd0,0x07,0xf4,0x0f,0xfc,0x00,0x00,
        0x00,0x00,0xf4,0x3f,0x54,0x11,0x01,0x00,0x07,0x40,0x1f,0xd0,0x3f,0xf0,0x00,0x00,
        0x00,0x00,0xfd,0x3f,0x55,0x11,0x07,0x00,0x1f,0x00,0x7f,0x40,0xff,0xc0,0x00,0x00,
        0x00,0x00,0xff,0x3f,0x57,0x11,0x5f,0x00,0x7f,0x00,0xff,0x01,0xff,0x03,0x00,0x00,
        0x00,0x00,0xff,0x3f,0xff,0x13,0xff,0x05,0xff,0x01,0xff,0x07,0xff,0x0f,0x00,0x00,
        0x00,0x00,0xf5,0xff,0xff,0xcf,0xff,0xff,0xff,0xff,0xff,0xff,0xff,0xff,0x00,0x00,
        0x00,0x00,0xd5,0xff,0xff,0xcf,0xff,0xff,0xff,0xff,0xff,0xff,0xff,0xff,0x00,0x00,
        0x00,0x00,0x57,0xff,0xff,0xcf,0xff,0xff,0xff,0xff,0xff,0xff,0xff,0xff,0x00,0x00,
        0x00,0x00,0x5f,0xfd,0xff,0xcf,0xff,0xff,0xff,0xff,0xff,0xff,0xff,0xff,0x00,0x00,
        0x00,0x00,0x7f,0xfd,0xff,0xcf,0xff,0xff,0xff,0xff,0xff,0xff,0xff,0xff,0x00,0x00,
        0x00,0x00,0xff,0xfd,0xff,0xcf,0xff,0xff,0xff,0xff,0xff,0xff,0xff,0xff,0x00,0x00,
        0x00,0x00,0xff,0xff,0xff,0xcf,0xff,0xff,0xff,0xff,0xff,0xff,0xff,0xff,0x00,0x00,
        0x00,0x00,0xff,0xff,0xff,0xcf,0xff,0xff,0xff,0xff,0xff,0xff,0xff,0xff,0x00,0x00,
        0x00,0x00,0xd4,0xff,0xd5,0xcf,0xff,0xff,0xff,0xff,0xff,0xff,0xff,0xff,0x00,0x00,
        0x00,0x00,0xd1,0xff,0x55,0xcf,0xff,0xff,0xff,0xff,0xff,0xff,0xff,0xff,0x00,0x00,
        0x00,0x00,0x45,0xff,0x55,0xcf,0xff,0xff,0xff,0xff,0xff,0xff,0xff,0xff,0x00,0x00,
        0x00,0x00,0x15,0xfd,0x55,0xcd,0xff,0xff,0xff,0xff,0xff,0xff,0xff,0xff,0x00,0x00,
        0x00,0x00,0x55,0xfc,0x55,0xcd,0xff,0xff,0xff,0xff,0xff,0xff,0xff,0xff,0x00,0x00,
        0x00,0x00,0x00,0x00,0x00,0x00,0x00,0x00,0x00,0x00,0x00,0x00,0x00,0x00,0x00,0x00,
        0x00,0x00,0x00,0x00,0x00,0x00,0x00,0x00,0x00,0x00,0x00,0x00,0x00,0x00,0x00,0x00,
        0x00,0x00,0x00,0x00,0x00,0x00,0x00,0x00,0x00,0x00,0x00,0x00,0x00,0x00,0x00,0x00,
        0x00,0x00,0xc0,0xff,0xc0,0xcf,0xd5,0xff,0xff,0xff,0xff,0xff,0xff,0xff,0x00,0x00,
        0x00,0x00,0x40,0xff,0x40,0xcf,0x55,0xff,0xff,0xff,0xff,0xff,0xff,0xff,0x00,0x00,
        0x00,0x00,0x00,0xff,0x00,0xcf,0x55,0xff,0xff,0xff,0xff,0xff,0xff,0xff,0x00,0x00,
        0x00,0x00,0x00,0xfc,0x00,0xcd,0x55,0xfd,0xff,0xff,0xff,0xff,0xff,0xff,0x00,0x00,
        0x00,0x00,0x00,0xf8,0x00,0xcc,0x55,0xfd,0xff,0xff,0xff,0xff,0xff,0xff,0x00,0x00,
        0x00,0x00,0x00,0x00,0x00,0x00,0x00,0x00,0x00,0x00,0x00,0x00,0x00,0x00,0x00,0x00,
        0x00,0x00,0x00,0x00,0x00,0x00,0x00,0x00,0x00,0x00,0x00,0x00,0x00,0x00,0x00,0x00,
        0x00,0x00,0x00,0x00,0x00,0x00,0x00,0x00,0x00,0x00,0x00,0x00,0x00,0x00,0x00,0x00,
        0x00,0x00,0xc0,0xff,0xc0,0xcf,0xc0,0xff,0xd5,0xff,0xff,0xff,0xff,0xff,0x00,0x00,
        0x00,0x00,0x40,0xff,0x40,0xcf,0x40,0xff,0x55,0xff,0xff,0xff,0xff,0xff,0x00,0x00,
        0x00,0x00,0x00,0x7f,0x00,0x4f,0x00,0xff,0x55,0xfd,0xff,0xff,0xff,0xff,0x00,0x00,
        0x00,0x00,0x00,0x7d,0x00,0x4c,0x00,0x7d,0x55,0xf5,0xff,0xff,0xff,0xff,0x00,0x00,
        0x00,0x00,0x00,0x7c,0x00,0x40,0x01,0x74,0x57,0x55,0xff,0xff,0xff,0xff,0x00,0x00,
        0x00,0x00,0x00,0x00,0x00,0x00,0x00,0x00,0x00,0x00,0x00,0x00,0x00,0x00,0x00,0x00,
        0x00,0x00,0x00,0x00,0x00,0x00,0x00,0x00,0x00,0x00,0x00,0x00,0x00,0x00,0x00,0x00,
        0x00,0x00,0x00,0x00,0x00,0x00,0x00,0x00,0x00,0x00,0x00,0x00,0x00,0x00,0x00,0x00,
        0x00,0x00,0xc0,0xff,0xc0,0xcf,0xc0,0xff,0x40,0xff,0xd5,0xff,0xff,0xff,0x00,0x00,
        0x00,0x00,0x40,0xff,0x40,0xcf,0x40,0xff,0x40,0xfd,0x55,0xff,0xff,0xff,0x00,0x00,
        0x00,0x00,0x00,0x7f,0x00,0x4f,0x00,0xfd,0x00,0xf5,0x55,0xfd,0xff,0xff,0x00,0x00,
        0x00,0x00,0x00,0x3d,0x00,0x0d,0x00,0x74,0x01,0xd4,0x57,0xf5,0xff,0xff,0x00,0x00,
        0x00,0x00,0x00,0x3c,0x00,0x04,0x01,0x10,0x07,0x50,0x5f,0xd5,0xff,0xff,0x00,0x00,
        0x00,0x00,0x55,0x15,0x01,0x00,0x07,0x00,0x1f,0x00,0x7f,0x55,0xff,0xff,0x00,0x00,
        0x00,0x00,0xaf,0x2a,0x07,0x00,0x1f,0x00,0x7f,0x00,0xff,0x55,0xff,0xff,0x00,0x00,
        0x00,0x00,0x5f,0x15,0x5f,0x05,0x7f,0x01,0xff,0x05,0xff,0x57,0xff,0xff,0x00,0x00,
        0x00,0x00,0xc0,0xff,0xc0,0xcf,0xc0,0xff,0x40,0xff,0xd0,0xff,0xf5,0xff,0x00,0x00,
        0x00,0x00,0x40,0xff,0x40,0xcf,0x40,0xff,0x00,0xfd,0x40,0xff,0xd5,0xff,0x00,0x00,
        0x00,0x00,0x00,0x7f,0x00,0x4f,0x00,0xfd,0x00,0xf4,0x01,0xfd,0x57,0xff,0x00,0x00,
        0x00,0x00,0x00,0x3d,0x00,0x0d,0x00,0x74,0x01,0xd0,0x07,0xf4,0x5f,0xfd,0x00,0x00,
        0x00,0x00,0x00,0x3d,0x00,0x04,0x01,0x10,0x07,0x40,0x1f,0xd0,0x7f,0xf5,0x00,0x00,
        0x00,0x00,0x55,0x15,0x55,0x05,0x07,0x00,0x1f,0x00,0x7f,0x40,0xff,0xd5,0x00,0x00,
        0x00,0x00,0x5f,0x15,0x57,0x05,0x1f,0x00,0x7f,0x00,0xff,0x01,0xff,0x57,0x00,0x00,
        0x00,0x00,0x5f,0x15,0x5f,0x05,0x7f,0x01,0xff,0x01,0xff,0x07,0xff,0x5f,0x00,0x00,
        0x00,0x00,0xc0,0xff,0xc0,0xcf,0xc0,0xff,0x40,0xff,0xd0,0xff,0xf4,0xff,0x00,0x00,
        0x00,0x00,0x40,0xff,0x40,0xcf,0x40,0xff,0x00,0xfd,0x40,0xff,0xd1,0xff,0x00,0x00,
        0x00,0x00,0x40,0x7f,0x00,0x4f,0x00,0xfd,0x00,0xf4,0x01,0xfd,0x47,0xff,0x00,0x00,
        0x00,0x00,0x40,0x3f,0x00,0x0d,0x00,0x74,0x01,0xd0,0x07,0xf4,0x1f,0xfd,0x00,0x00,
        0x00,0x00,0x40,0x3f,0x00,0x04,0x01,0x10,0x07,0x40,0x1f,0xd0,0x7f,0xf4,0x00,0x00,
        0x00,0x00,0x55,0x3f,0x01,0x00,0x07,0x00,0x1f,0x00,0x7f,0x40,0xff,0xd1,0x00,0x00,
        0x00,0x00,0xff,0x3f,0x07,0x00,0x1f,0x00,0x7f,0x00,0xff,0x01,0xff,0x47,0x00,0x00,
        0x00,0x00,0xff,0x3f,0x5f,0x05,0x7f,0x01,0xff,0x01,0xff,0x07,0xff,0x1f,0x00,0x00,
        0x00,0x00,0xd0,0xff,0xc0,0xcf,0xc0,0xff,0x40,0xff,0xd0,0xff,0xf0,0xff,0x00,0x00,
        0x00,0x00,0xd0,0xff,0x40,0xcf,0x40,0xff,0x00,0xfd,0x40,0xff,0xc0,0xff,0x00,0x00,
        0x00,0x00,0xd0,0x7f,0x40,0x4f,0x00,0xfd,0x00,0xf4,0x01,0xfd,0x03,0xff,0x00,0x00,
        0x00,0x00,0xd0,0x3f,0x40,0x0d,0x00,0x74,0x01,0xd0,0x07,0xf4,0x0f,0xfc,0x00,0x00,
        0x00,0x00,0xd0,0x3f,0x40,0x05,0x01,0x10,0x07,0x40,0x1f,0xd0,0x3f,0xf0,0x00,0x00,
        0x00,0x00,0xd5,0x3f,0x55,0x05,0x07,0x00,0x1f,0x00,0x7f,0x40,0xff,0xc0,0x00,0x00,
        0x00,0x00,0xff,0x3f,0x57,0x05,0x1f,0x00,0x7f,0x00,0xff,0x01,0xff,0x03,0x00,0x00,
        0x00,0x00,0xff,0x3f,0x5f,0x05,0x7f,0x01,0xff,0x01,0xff,0x07,0xff,0x0f,0x00,0x00,
        0x00,0x00,0xf5,0xff,0xff,0x3f,0xff,0xff,0xff,0xff,0xff,0xff,0xff,0xff,0x00,0x00,
        0x00,0x00,0xd5,0xff,0xff,0x3f,0xff,0xff,0xff,0xff,0xff,0xff,0xff,0xff,0x00,0x00,
        0x00,0x00,0x57,0xff,0xff,0x3f,0xff,0xff,0xff,0xff,0xff,0xff,0xff,0xff,0x00,0x00,
        0x00,0x00,0x5f,0xfd,0xff,0x3f,0xff,0xff,0xff,0xff,0xff,0xff,0xff,0xff,0x00,0x00,
        0x00,0x00,0x7f,0xf5,0xff,0x3f,0xff,0xff,0xff,0xff,0xff,0xff,0xff,0xff,0x00,0x00,
        0x00,0x00,0xff,0xf5,0xff,0x3f,0xff,0xff,0xff,0xff,0xff,0xff,0xff,0xff,0x00,0x00,
        0x00,0x00,0xff,0xf7,0xff,0x3f,0xff,0xff,0xff,0xff,0xff,0xff,0xff,0xff,0x00,0x00,
        0x00,0x00,0xff,0xff,0xff,0x3f,0xff,0xff,0xff,0xff,0xff,0xff,0xff,0xff,0x00,0x00,
        0x00,0x00,0x54,0xff,0x55,0x3f,0xff,0xff,0xff,0xff,0xff,0xff,0xff,0xff,0x00,0x00,
        0x00,0x00,0x51,0xff,0x55,0x3f,0xff,0xff,0xff,0xff,0xff,0xff,0xff,0xff,0x00,0x00,
        0x00,0x00,0x45,0xff,0x55,0x3d,0xff,0xff,0xff,0xff,0xff,0xff,0xff,0xff,0x00,0x00,
        0x00,0x00,0x15,0xfd,0x55,0x3d,0xff,0xff,0xff,0xff,0xff,0xff,0xff,0xff,0x00,0x00,
        0x00,0x00,0x55,0x74,0x55,0x35,0xff,0xff,0xff,0xff,0xff,0xff,0xff,0xff,0x00,0x00,
        0x00,0x00,0x55,0x71,0x55,0x35,0xff,0xff,0xff,0xff,0xff,0xff,0xff,0xff,0x00,0x00,
        0x00,0x00,0x00,0x00,0x00,0x00,0x00,0x00,0x00,0x00,0x00,0x00,0x00,0x00,0x00,0x00,
        0x00,0x00,0x00,0x00,0x00,0x00,0x00,0x00,0x00,0x00,0x00,0x00,0x00,0x00,0x00,0x00,
        0x00,0x00,0x40,0xff,0x40,0x3f,0x55,0xff,0xff,0xff,0xff,0xff,0xff,0xff,0x00,0x00,
        0x00,0x00,0x00,0xff,0x00,0x3f,0x55,0xff,0xff,0xff,0xff,0xff,0xff,0xff,0x00,0x00,
        0x00,0x00,0x00,0xfd,0x00,0x3d,0x55,0xfd,0xff,0xff,0xff,0xff,0xff,0xff,0x00,0x00,
        0x00,0x00,0x00,0xfc,0x00,0x3c,0x55,0xfd,0xff,0xff,0xff,0xff,0xff,0xff,0x00,0x00,
        0x00,0x00,0x00,0x70,0x00,0x34,0x55,0x75,0xff,0xff,0xff,0xff,0xff,0xff,0x00,0x00,
        0x00,0x00,0x01,0x20,0x01,0x30,0x57,0x75,0xff,0xff,0xff,0xff,0xff,0xff,0x00,0x00,
        0x00,0x00,0x00,0x00,0x00,0x00,0x00,0x00,0x00,0x00,0x00,0x00,0x00,0x00,0x00,0x00,
        0x00,0x00,0x00,0x00,0x00,0x00,0x00,0x00,0x00,0x00,0x00,0x00,0x00,0x00,0x00,0x00,
        0x00,0x00,0x40,0xff,0x40,0x3f,0x40,0xff,0x55,0xff,0xff,0xff,0xff,0xff,0x00,0x00,
        0x00,0x00,0x00,0x7f,0x00,0x3f,0x00,0xff,0x55,0xff,0xff,0xff,0xff,0xff,0x00,0x00,
        0x00,0x00,0x00,0x7d,0x00,0x3d,0x00,0xfd,0x55,0xfd,0xff,0xff,0xff,0xff,0x00,0x00,
        0x00,0x00,0x00,0x7c,0x00,0x3c,0x00,0x7c,0x55,0xf5,0xff,0xff,0xff,0xff,0x00,0x00,
        0x00,0x00,0x00,0x74,0x00,0x30,0x01,0x74,0x57,0x55,0xff,0xff,0xff,0xff,0x00,0x00,
        0x00,0x00,0x01,0x30,0x01,0x00,0x07,0x10,0x5f,0x55,0xff,0xff,0xff,0xff,0x00,0x00,
        0x00,0x00,0x00,0x00,0x00,0x00,0x00,0x00,0x00,0x00,0x00,0x00,0x00,0x00,0x00,0x00,
        0x00,0x00,0x00,0x00,0x00,0x00,0x00,0x00,0x00,0x00,0x00,0x00,0x00,0x00,0x00,0x00,
        0x00,0x00,0x40,0xff,0x40,0x3f,0x40,0xff,0x40,0xff,0xd5,0xff,0xff,0xff,0x00,0x00,
        0x00,0x00,0x00,0x7f,0x00,0x3f,0x00,0xff,0x00,0xfd,0x55,0xff,0xff,0xff,0x00,0x00,
        0x00,0x00,0x00,0x3d,0x00,0x3d,0x00,0xfd,0x00,0xf5,0x55,0xfd,0xff,0xff,0x00,0x00,
        0x00,0x00,0x00,0x3c,0x00,0x3c,0x00,0x74,0x01,0xd4,0x57,0xf5,0xff,0xff,0x00,0x00,
        0x00,0x00,0x00,0x34,0x00,0x34,0x01,0x10,0x07,0x50,0x5f,0xd5,0xff,0xff,0x00,0x00,
        0x00,0x00,0x01,0x30,0x01,0x10,0x07,0x00,0x1f,0x00,0x7f,0x55,0xff,0xff,0x00,0x00,
        0x00,0x00,0x57,0x15,0x07,0x00,0x1f,0x00,0x7f,0x00,0xff,0x55,0xff,0xff,0x00,0x00,
        0x00,0x00,0xbf,0x2a,0x1f,0x00,0x7f,0x00,0xff,0x01,0xff,0x57,0xff,0xff,0x00,0x00,
        0x00,0x00,0x40,0xff,0x40,0x3f,0x40,0xff,0x40,0xff,0xd0,0xff,0xf5,0xff,0x00,0x00,
        0x00,0x00,0x00,0x7f,0x00,0x3f,0x00,0xff,0x00,0xfd,0x40,0xff,0xd5,0xff,0x00,0x00,
        0x00,0x00,0x00,0x3d,0x00,0x3d,0x00,0xfd,0x00,0xf4,0x01,0xfd,0x57,0xff,0x00,0x00,
        0x00,0x00,0x00,0x3c,0x00,0x3c,0x00,0x74,0x01,0xd0,0x07,0xf4,0x5f,0xfd,0x00,0x00,
        0x00,0x00,0x00,0x34,0x00,0x34,0x01,0x10,0x07,0x40,0x1f,0xd0,0x7f,0xf5,0x00,0x00,
        0x00,0x00,0x01,0x34,0x01,0x10,0x07,0x00,0x1f,0x00,0x7f,0x40,0xff,0xd5,0x00,0x00,
        0x00,0x00,0x57,0x15,0x57,0x15,0x1f,0x00,0x7f,0x00,0xff,0x01,0xff,0x57,0x00,0x00,
        0x00,0x00,0x7f,0x15,0x5f,0x15,0x7f,0x00,0xff,0x01,0xff,0x07,0xff,0x5f,0x00,0x00,
        0x00,0x00,0x40,0xff,0x40,0x3f,0x40,0xff,0x40,0xff,0xd0,0xff,0xf4,0xff,0x00,0x00,
        0x00,0x00,0x00,0x7f,0x00,0x3f,0x00,0xff,0x00,0xfd,0x40,0xff,0xd1,0xff,0x00,0x00,
        0x00,0x00,0x00,0x3d,0x00,0x3d,0x00,0xfd,0x00,0xf4,0x01,0xfd,0x47,0xff,0x00,0x00,
        0x00,0x00,0x00,0x3d,0x00,0x3c,0x00,0x74,0x01,0xd0,0x07,0xf4,0x1f,0xfd,0x00,0x00,
        0x00,0x00,0x00,0x3d,0x00,0x34,0x01,0x10,0x07,0x40,0x1f,0xd0,0x7f,0xf4,0x00,0x00,
        0x00,0x00,0x01,0x3d,0x01,0x10,0x07,0x00,0x1f,0x00,0x7f,0x40,0xff,0xd1,0x00,0x00,
        0x00,0x00,0x57,0x3d,0x07,0x00,0x1f,0x00,0x7f,0x00,0xff,0x01,0xff,0x47,0x00,0x00,
        0x00,0x00,0xff,0x3f,0x1f,0x00,0x7f,0x00,0xff,0x01,0xff,0x07,0xff,0x1f,0x00,0x00,
        0x00,0x00,0x40,0xff,0x40,0x3f,0x40,0xff,0x40,0xff,0xd0,0xff,0xf0,0xff,0x00,0x00,
        0x00,0x00,0x40,0x7f,0x00,0x3f,0x00,0xff,0x00,0xfd,0x40,0xff,0xc0,0xff,0x00,0x00,
        0x00,0x00,0x40,0x3f,0x00,0x3d,0x00,0xfd,0x00,0xf4,0x01,0xfd,0x03,0xff,0x00,0x00,
        0x00,0x00,0x40,0x3f,0x00,0x3d,0x00,0x74,0x01,0xd0,0x07,0xf4,0x0f,0xfc,0x00,0x00,
        0x00,0x00,0x40,0x3f,0x00,0x35,0x01,0x10,0x07,0x40,0x1f,0xd0,0x3f,0xf0,0x00,0x00,
        0x00,0x00,0x41,0x3f,0x01,0x15,0x07,0x00,0x1f,0x00,0x7f,0x40,0xff,0xc0,0x00,0x00,
        0x00,0x00,0x57,0x3f,0x57,0x15,0x1f,0x00,0x7f,0x00,0xff,0x01,0xff,0x03,0x00,0x00,
        0x00,0x00,0xff,0x3f,0x5f,0x15,0x7f,0x00,0xff,0x01,0xff,0x07,0xff,0x0f,0x00,0x00,
        0x00,0x00,0xf5,0xff,0xff,0xff,0xfc,0xff,0xff,0xff,0xff,0xff,0xff,0xff,0x00,0x00,
        0x00,0x00,0xd5,0xff,0xff,0xff,0xfc,0xff,0xff,0xff,0xff,0xff,0xff,0xff,0x00,0x00,
        0x00,0x00,0x57,0xff,0xff,0xff,0xfc,0xff,0xff,0xff,0xff,0xff,0xff,0xff,0x00,0x00,
        0x00,0x00,0x5f,0xfd,0xff,0xff,0xfc,0xff,0xff,0xff,0xff,0xff,0xff,0xff,0x00,0x00,
        0x00,0x00,0x7f,0xf5,0xff,0xff,0xfc,0xff,0xff,0xff,0xff,0xff,0xff,0xff,0x00,0x00,
        0x00,0x00,0xff,0xd5,0xff,0xff,0xfc,0xff,0xff,0xff,0xff,0xff,0xff,0xff,0x00,0x00,
        0x00,0x00,0xff,0x57,0xff,0xff,0xfc,0xff,0xff,0xff,0xff,0xff,0xff,0xff,0x00,0x00,
        0x00,0x00,0xff,0x5f,0xff,0xff,0xfc,0xff,0xff,0xff,0xff,0xff,0xff,0xff,0x00,0x00,
        0x00,0x00,0xf4,0xff,0xff,0xff,0xfc,0xff,0xff,0xff,0xff,0xff,0xff,0xff,0x00,0x00,
        0x00,0x00,0xd1,0xd5,0x5f,0xd5,0xfc,0xff,0xff,0xff,0xff,0xff,0xff,0xff,0x00,0x00,
        0x00,0x00,0x47,0x55,0x5f,0x55,0xfc,0xff,0xff,0xff,0xff,0xff,0xff,0xff,0x00,0x00,
        0x00,0x00,0x1f,0x55,0x5f,0x55,0xfc,0xff,0xff,0xff,0xff,0xff,0xff,0xff,0x00,0x00,
        0x00,0x00,0x7f,0x54,0x7f,0x55,0xfc,0xff,0xff,0xff,0xff,0xff,0xff,0xff,0x00,0x00,
        0x00,0x00,0xff,0x51,0x7f,0x55,0xfc,0xff,0xff,0xff,0xff,0xff,0xff,0xff,0x00,0x00,
        0x00,0x00,0xff,0x45,0xff,0x55,0xfc,0xff,0xff,0xff,0xff,0xff,0xff,0xff,0x00,0x00,
        0x00,0x00,0xff,0x15,0xff,0x55,0xfc,0xff,0xff,0xff,0xff,0xff,0xff,0xff,0x00,0x00,
        0x00,0x00,0x00,0x00,0x00,0x00,0x00,0x00,0x00,0x00,0x00,0x00,0x00,0x00,0x00,0x00,
        0x00,0x00,0x00,0x00,0x00,0x00,0x00,0x00,0x00,0x00,0x00,0x00,0x00,0x00,0x00,0x00,
        0x00,0x00,0x01,0x40,0x0d,0x40,0x5c,0xd5,0xff,0xff,0xff,0xff,0xff,0xff,0x00,0x00,
        0x00,0x00,0x0d,0x00,0x1d,0x00,0x5c,0x55,0xff,0xff,0xff,0xff,0xff,0xff,0x00,0x00,
        0x00,0x00,0x3f,0x00,0x3f,0x00,0x7c,0x55,0xff,0xff,0xff,0xff,0xff,0xff,0x00,0x00,
        0x00,0x00,0x7f,0x00,0x7f,0x00,0x7c,0x55,0xff,0xff,0xff,0xff,0xff,0xff,0x00,0x00,
        0x00,0x00,0xff,0x00,0xff,0x00,0xfc,0x55,0xff,0xff,0xff,0xff,0xff,0xff,0x00,0x00,
        0x00,0x00,0xff,0x01,0xff,0x01,0xfc,0x55,0xff,0xff,0xff,0xff,0xff,0xff,0x00,0x00,
        0x00,0x00,0x00,0x00,0x00,0x00,0x00,0x00,0x00,0x00,0x00,0x00,0x00,0x00,0x00,0x00,
        0x00,0x00,0x00,0x00,0x00,0x00,0x00,0x00,0x00,0x00,0x00,0x00,0x00,0x00,0x00,0x00,
        0x00,0x00,0x0c,0x40,0x08,0x40,0x0c,0xd0,0x5d,0xf5,0xff,0xff,0xff,0xff,0x00,0x00,
        0x00,0x00,0x1d,0x00,0x0d,0x00,0x1c,0x40,0x5d,0xd5,0xff,0xff,0xff,0xff,0x00,0x00,
        0x00,0x00,0x3f,0x00,0x3f,0x00,0x3c,0x00,0x7f,0x55,0xff,0xff,0xff,0xff,0x00,0x00,
        0x00,0x00,0x7f,0x00,0x7f,0x00,0x7c,0x00,0x7f,0x55,0xff,0xff,0xff,0xff,0x00,0x00,
        0x00,0x00,0xff,0x00,0xff,0x00,0xfc,0x00,0xff,0x55,0xff,0xff,0xff,0xff,0x00,0x00,
        0x00,0x00,0xff,0x01,0xff,0x01,0xfc,0x01,0xff,0x55,0xff,0xff,0xff,0xff,0x00,0x00,
        0x00,0x00,0x00,0x00,0x00,0x00,0x00,0x00,0x00,0x00,0x00,0x00,0x00,0x00,0x00,0x00,
        0x00,0x00,0x00,0x00,0x00,0x00,0x00,0x00,0x00,0x00,0x00,0x00,0x00,0x00,0x00,0x00,
        0x00,0x00,0x0c,0x40,0x0c,0x40,0x00,0xd0,0x04,0xf4,0x55,0xfd,0xff,0xff,0x00,0x00,
        0x00,0x00,0x1d,0x00,0x1d,0x00,0x0c,0x40,0x1d,0xd0,0x57,0xf5,0xff,0xff,0x00,0x00,
        0x00,0x00,0x3d,0x00,0x3d,0x00,0x3c,0x00,0x3f,0x40,0x5f,0xd5,0xff,0xff,0x00,0x00,
        0x00,0x00,0x7d,0x00,0x7d,0x00,0x7c,0x00,0x7f,0x00,0x7f,0x55,0xff,0xff,0x00,0x00,
        0x00,0x00,0xff,0x00,0xff,0x00,0xfc,0x00,0xff,0x00,0xff,0x55,0xff,0xff,0x00,0x00,
        0x00,0x00,0xff,0x01,0xff,0x01,0xfc,0x01,0xff,0x01,0xff,0x57,0xff,0xff,0x00,0x00,
        0x00,0x00,0xfc,0xff,0xa8,0xfe,0x00,0xfd,0x40,0xff,0xd0,0xff,0xf5,0xff,0x00,0x00,
        0x00,0x00,0x5c,0xd5,0x54,0xd5,0x00,0xf4,0x00,0xfd,0x40,0xff,0xd5,0xff,0x00,0x00,
        0x00,0x00,0x1c,0x40,0x0c,0x40,0x04,0xd0,0x00,0xf4,0x01,0xfd,0x57,0xff,0x00,0x00,
        0x00,0x00,0x1c,0x00,0x1c,0x00,0x1c,0x40,0x05,0xd0,0x07,0xf4,0x5f,0xfd,0x00,0x00,
        0x00,0x00,0x3c,0x00,0x3c,0x00,0x3c,0x00,0x1f,0x40,0x1f,0xd0,0x7f,0xf5,0x00,0x00,
        0x00,0x00,0x7d,0x00,0x7d,0x00,0x7c,0x00,0x7f,0x00,0x7f,0x40,0xff,0xd5,0x00,0x00,
        0x00,0x00,0xff,0x00,0xff,0x00,0xfc,0x00,0xff,0x00,0xff,0x01,0xff,0x57,0x00,0x00,
        0x00,0x00,0xff,0x01,0xff,0x01,0xfc,0x01,0xff,0x01,0xff,0x07,0xff,0x5f,0x00,0x00,
        0x00,0x00,0xfc,0xff,0x54,0xfd,0x54,0xfd,0x40,0xff,0xd0,0xff,0xf4,0xff,0x00,0x00,
        0x00,0x00,0x7c,0xd5,0x54,0xd5,0x54,0xf5,0x00,0xfd,0x40,0xff,0xd1,0xff,0x00,0x00,
        0x00,0x00,0x7c,0x40,0x1c,0x40,0x04,0xd0,0x00,0xf4,0x01,0xfd,0x47,0xff,0x00,0x00,
        0x00,0x00,0x7c,0x00,0x1c,0x00,0x1c,0x40,0x05,0xd0,0x07,0xf4,0x1f,0xfd,0x00,0x00,
        0x00,0x00,0x7c,0x00,0x3c,0x00,0x3c,0x00,0x1f,0x40,0x1f,0xd0,0x7f,0xf4,0x00,0x00,
        0x00,0x00,0x7d,0x00,0x7d,0x00,0x7c,0x00,0x7f,0x00,0x7f,0x40,0xff,0xd1,0x00,0x00,
        0x00,0x00,0xff,0x00,0xff,0x00,0xfc,0x00,0xff,0x00,0xff,0x01,0xff,0x47,0x00,0x00,
        0x00,0x00,0xff,0x01,0xff,0x01,0xfc,0x01,0xff,0x01,0xff,0x07,0xff,0x1f,0x00,0x00,
        0x00,0x00,0xfc,0xff,0xfc,0xff,0x00,0xfd,0x40,0xff,0xd0,0xff,0xf0,0xff,0x00,0x00,
        0x00,0x00,0xfc,0xd5,0x7c,0xd5,0x00,0xf4,0x00,0xfd,0x40,0xff,0xc0,0xff,0x00,0x00,
        0x00,0x00,0xfc,0x41,0x7c,0x40,0x04,0xd0,0x00,0xf4,0x01,0xfd,0x03,0xff,0x00,0x00,
        0x00,0x00,0xfc,0x01,0x7c,0x00,0x1c,0x40,0x05,0xd0,0x07,0xf4,0x0f,0xfc,0x00,0x00,
        0x00,0x00,0xfc,0x01,0x7c,0x00,0x3c,0x00,0x1f,0x40,0x1f,0xd0,0x3f,0xf0,0x00,0x00,
        0x00,0x00,0xfd,0x01,0x7d,0x00,0x7c,0x00,0x7f,0x00,0x7f,0x40,0xff,0xc0,0x00,0x00,
        0x00,0x00,0xff,0x01,0xff,0x00,0xfc,0x00,0xff,0x00,0xff,0x01,0xff,0x03,0x00,0x00,
        0x00,0x00,0xff,0x01,0xff,0x01,0xfc,0x01,0xff,0x01,0xff,0x07,0xff,0x0f,0x00,0x00,
        0x00,0x00,0xf5,0xff,0xff,0xff,0xf3,0xff,0xff,0xff,0xff,0xff,0xff,0xff,0x00,0x00,
        0x00,0x00,0xd5,0xff,0xff,0xff,0xf3,0xff,0xff,0xff,0xff,0xff,0xff,0xff,0x00,0x00,
        0x00,0x00,0x57,0xff,0xff,0xff,0xf3,0xff,0xff,0xff,0xff,0xff,0xff,0xff,0x00,0x00,
        0x00,0x00,0x5f,0xfd,0xff,0xff,0xf3,0xff,0xff,0xff,0xff,0xff,0xff,0xff,0x00,0x00,
        0x00,0x00,0x7f,0xf5,0xff,0xff,0xf3,0xff,0xff,0xff,0xff,0xff,0xff,0xff,0x00,0x00,
        0x00,0x00,0xff,0xd5,0xff,0xff,0xf3,0xff,0xff,0xff,0xff,0xff,0xff,0xff,0x00,0x00,
        0x00,0x00,0xff,0x57,0xff,0xff,0xf3,0xff,0xff,0xff,0xff,0xff,0xff,0xff,0x00,0x00,
        0x00,0x00,0xff,0x5f,0xff,0xff,0xf3,0xff,0xff,0xff,0xff,0xff,0xff,0xff,0x00,0x00,
        0x00,0x00,0xf4,0xff,0xff,0xff,0xf3,0xff,0xff,0xff,0xff,0xff,0xff,0xff,0x00,0x00,
        0x00,0x00,0xd1,0xff,0xff,0xff,0xf3,0xff,0xff,0xff,0xff,0xff,0xff,0xff,0x00,0x00,
        0x00,0x00,0x47,0x57,0x7f,0x55,0xf3,0xff,0xff,0xff,0xff,0xff,0xff,0xff,0x00,0x00,
        0x00,0x00,0x1f,0x55,0x7f,0x55,0xf3,0xff,0xff,0xff,0xff,0xff,0xff,0xff,0x00,0x00,
        0x00,0x00,0x7f,0x54,0x7f,0x55,0xf3,0xff,0xff,0xff,0xff,0xff,0xff,0xff,0x00,0x00,
        0x00,0x00,0xff,0x51,0xff,0x55,0xf3,0xff,0xff,0xff,0xff,0xff,0xff,0xff,0x00,0x00,
        0x00,0x00,0xff,0x47,0xff,0x55,0xf3,0xff,0xff,0xff,0xff,0xff,0xff,0xff,0x00,0x00,
        0x00,0x00,0xff,0x17,0xff,0x57,0xf3,0xff,0xff,0xff,0xff,0xff,0xff,0xff,0x00,0x00,
        0x00,0x00,0x00,0x00,0x00,0x00,0x00,0x00,0x00,0x00,0x00,0x00,0x00,0x00,0x00,0x00,
        0x00,0x00,0x00,0x00,0x00,0x00,0x00,0x00,0x00,0x00,0x00,0x00,0x00,0x00,0x00,0x00,
        0x00,0x00,0x00,0x00,0x00,0x00,0x00,0x00,0x00,0x00,0x00,0x00,0x00,0x00,0x00,0x00,
        0x00,0x00,0x0f,0x00,0x3f,0x00,0x73,0x55,0xff,0xff,0xff,0xff,0xff,0xff,0x00,0x00,
        0x00,0x00,0x3f,0x00,0x7f,0x00,0x73,0x55,0xff,0xff,0xff,0xff,0xff,0xff,0x00,0x00,
        0x00,0x00,0xff,0x00,0xff,0x00,0xf3,0x55,0xff,0xff,0xff,0xff,0xff,0xff,0x00,0x00,
        0x00,0x00,0xff,0x01,0xff,0x01,0xf3,0x55,0xff,0xff,0xff,0xff,0xff,0xff,0x00,0x00,
        0x00,0x00,0xff,0x03,0xff,0x03,0xf3,0x57,0xff,0xff,0xff,0xff,0xff,0xff,0x00,0x00,
        0x00,0x00,0x00,0x00,0x00,0x00,0x00,0x00,0x00,0x00,0x00,0x00,0x00,0x00,0x00,0x00,
        0x00,0x00,0x00,0x00,0x00,0x00,0x00,0x00,0x00,0x00,0x00,0x00,0x00,0x00,0x00,0x00,
        0x00,0x00,0x00,0x00,0x00,0x00,0x00,0x00,0x00,0x00,0x00,0x00,0x00,0x00,0x00,0x00,
        0x00,0x00,0x3f,0x00,0x2f,0x00,0x33,0x40,0x7f,0xd5,0xff,0xff,0xff,0xff,0x00,0x00,
        0x00,0x00,0x7f,0x00,0x3f,0x00,0x73,0x00,0x7f,0x55,0xff,0xff,0xff,0xff,0x00,0x00,
        0x00,0x00,0xff,0x00,0xff,0x00,0xf3,0x00,0xff,0x55,0xff,0xff,0xff,0xff,0x00,0x00,
        0x00,0x00,0xff,0x01,0xff,0x01,0xf3,0x01,0xff,0x55,0xff,0xff,0xff,0xff,0x00,0x00,
        0x00,0x00,0xff,0x03,0xff,0x03,0xf3,0x03,0xff,0x57,0xff,0xff,0xff,0xff,0x00,0x00,
        0x00,0x00,0x00,0x00,0x00,0x00,0x00,0x00,0x00,0x00,0x00,0x00,0x00,0x00,0x00,0x00,
        0x00,0x00,0x00,0x00,0x00,0x00,0x00,0x00,0x00,0x00,0x00,0x00,0x00,0x00,0x00,0x00,
        0x00,0x00,0x00,0x00,0x00,0x00,0x00,0x00,0x00,0x00,0x00,0x00,0x00,0x00,0x00,0x00,
        0x00,0x00,0x3d,0x00,0x3d,0x00,0x01,0x40,0x1d,0xd0,0x57,0xf5,0xff,0xff,0x00,0x00,
        0x00,0x00,0x7d,0x00,0x7d,0x00,0x31,0x00,0x7f,0x40,0x5f,0xd5,0xff,0xff,0x00,0x00,
        0x00,0x00,0xfd,0x00,0xfd,0x00,0xf3,0x00,0xff,0x00,0x7f,0x55,0xff,0xff,0x00,0x00,
        0x00,0x00,0xff,0x01,0xff,0x01,0xf3,0x01,0xff,0x01,0xff,0x55,0xff,0xff,0x00,0x00,
        0x00,0x00,0xff,0x03,0xff,0x03,0xf3,0x03,0xff,0x03,0xff,0x57,0xff,0xff,0x00,0x00,
        0x00,0x00,0xfc,0xff,0x54,0xf5,0x50,0xfd,0x40,0xff,0xd0,0xff,0xf5,0xff,0x00,0x00,
        0x00,0x00,0xfc,0xff,0xa8,0xfa,0x00,0xf4,0x00,0xfd,0x40,0xff,0xd5,0xff,0x00,0x00,
        0x00,0x00,0x7c,0x55,0x54,0x55,0x00,0xd0,0x00,0xf4,0x01,0xfd,0x57,0xff,0x00,0x00,
        0x00,0x00,0x7c,0x00,0x3c,0x00,0x10,0x40,0x05,0xd0,0x07,0xf4,0x5f,0xfd,0x00,0x00,
        0x00,0x00,0x7c,0x00,0x7c,0x00,0x71,0x00,0x1f,0x40,0x1f,0xd0,0x7f,0xf5,0x00,0x00,
        0x00,0x00,0xfd,0x00,0xfd,0x00,0xf3,0x00,0x7f,0x00,0x7f,0x40,0xff,0xd5,0x00,0x00,
        0x00,0x00,0xff,0x01,0xff,0x01,0xf3,0x01,0xff,0x01,0xff,0x01,0xff,0x57,0x00,0x00,
        0x00,0x00,0xff,0x03,0xff,0x03,0xf3,0x03,0xff,0x03,0xff,0x07,0xff,0x5f,0x00,0x00,
        0x00,0x00,0xfc,0xff,0x54,0xf5,0x50,0xfd,0x40,0xff,0xd0,0xff,0xf4,0xff,0x00,0x00,
        0x00,0x00,0xfc,0xff,0x54,0xf5,0x50,0xf5,0x00,0xfd,0x40,0xff,0xd1,0xff,0x00,0x00,
        0x00,0x00,0xfc,0x55,0x54,0x55,0x50,0xd5,0x00,0xf4,0x01,0xfd,0x47,0xff,0x00,0x00,
        0x00,0x00,0xfc,0x01,0x7c,0x00,0x10,0x40,0x05,0xd0,0x07,0xf4,0x1f,0xfd,0x00,0x00,
        0x00,0x00,0xfc,0x01,0x7c,0x00,0x71,0x00,0x1f,0x40,0x1f,0xd0,0x7f,0xf4,0x00,0x00,
        0x00,0x00,0xfd,0x01,0xfd,0x00,0xf3,0x00,0x7f,0x00,0x7f,0x40,0xff,0xd1,0x00,0x00,
        0x00,0x00,0xff,0x01,0xff,0x01,0xf3,0x01,0xff,0x01,0xff,0x01,0xff,0x47,0x00,0x00,
        0x00,0x00,0xff,0x03,0xff,0x03,0xf3,0x03,0xff,0x03,0xff,0x07,0xff,0x1f,0x00,0x00,
        0x00,0x00,0xfc,0xff,0xfc,0xff,0x50,0xfd,0x40,0xff,0xd0,0xff,0xf0,0xff,0x00,0x00,
        0x00,0x00,0xfc,0xff,0xfc,0xff,0x00,0xf4,0x00,0xfd,0x40,0xff,0xc0,0xff,0x00,0x00,
        0x00,0x00,0xfc,0x57,0xfc,0x55,0x00,0xd0,0x00,0xf4,0x01,0xfd,0x03,0xff,0x00,0x00,
        0x00,0x00,0xfc,0x07,0xfc,0x01,0x10,0x40,0x05,0xd0,0x07,0xf4,0x0f,0xfc,0x00,0x00,
        0x00,0x00,0xfc,0x07,0xfc,0x01,0x71,0x00,0x1f,0x40,0x1f,0xd0,0x3f,0xf0,0x00,0x00,
        0x00,0x00,0xfd,0x07,0xfd,0x01,0xf3,0x00,0x7f,0x00,0x7f,0x40,0xff,0xc0,0x00,0x00,
        0x00,0x00,0xff,0x07,0xff,0x01,0xf3,0x01,0xff,0x01,0xff,0x01,0xff,0x03,0x00,0x00,
        0x00,0x00,0xff,0x07,0xff,0x03,0xf3,0x03,0xff,0x03,0xff,0x07,0xff,0x0f,0x00,0x00,
        0x00,0x00,0xf5,0xff,0xff,0xff,0xcf,0xff,0xff,0xff,0xff,0xff,0xff,0xff,0x00,0x00,
        0x00,0x00,0xd5,0xff,0xff,0xff,0xcf,0xff,0xff,0xff,0xff,0xff,0xff,0xff,0x00,0x00,
        0x00,0x00,0x57,0xff,0xff,0xff,0xcf,0xff,0xff,0xff,0xff,0xff,0xff,0xff,0x00,0x00,
        0x00,0x00,0x5f,0xfd,0xff,0xff,0xcf,0xff,0xff,0xff,0xff,0xff,0xff,0xff,0x00,0x00,
        0x00,0x00,0x7f,0xf5,0xff,0xff,0xcf,0xff,0xff,0xff,0xff,0xff,0xff,0xff,0x00,0x00,
        0x00,0x00,0xff,0xd5,0xff,0xff,0xcf,0xff,0xff,0xff,0xff,0xff,0xff,0xff,0x00,0x00,
        0x00,0x00,0xff,0x57,0xff,0xff,0xcf,0xff,0xff,0xff,0xff,0xff,0xff,0xff,0x00,0x00,
        0x00,0x00,0xff,0x5f,0xff,0xff,0xcf,0xff,0xff,0xff,0xff,0xff,0xff,0xff,0x00,0x00,
        0x00,0x00,0xf4,0xff,0xfd,0xff,0xcf,0xff,0xff,0xff,0xff,0xff,0xff,0xff,0x00,0x00,
        0x00,0x00,0xd1,0xff,0xfd,0xff,0xcf,0xff,0xff,0xff,0xff,0xff,0xff,0xff,0x00,0x00,
        0x00,0x00,0x47,0xff,0xff,0xff,0xcf,0xff,0xff,0xff,0xff,0xff,0xff,0xff,0x00,0x00,
        0x00,0x00,0x1f,0x5d,0xff,0x55,0xcf,0xff,0xff,0xff,0xff,0xff,0xff,0xff,0x00,0x00,
        0x00,0x00,0x7f,0x54,0xff,0x55,0xcf,0xff,0xff,0xff,0xff,0xff,0xff,0xff,0x00,0x00,
        0x00,0x00,0xff,0x51,0xff,0x55,0xcf,0xff,0xff,0xff,0xff,0xff,0xff,0xff,0x00,0x00,
        0x00,0x00,0xff,0x47,0xff,0x57,0xcf,0xff,0xff,0xff,0xff,0xff,0xff,0xff,0x00,0x00,
        0x00,0x00,0xff,0x1f,0xff,0x57,0xcf,0xff,0xff,0xff,0xff,0xff,0xff,0xff,0x00,0x00,
        0x00,0x00,0xf0,0xff,0xfc,0xff,0xcd,0xff,0xff,0xff,0xff,0xff,0xff,0xff,0x00,0x00,
        0x00,0x00,0x00,0x00,0x00,0x00,0x00,0x00,0x00,0x00,0x00,0x00,0x00,0x00,0x00,0x00,
        0x00,0x00,0x00,0x00,0x00,0x00,0x00,0x00,0x00,0x00,0x00,0x00,0x00,0x00,0x00,0x00,
        0x00,0x00,0x00,0x00,0x00,0x00,0x00,0x00,0x00,0x00,0x00,0x00,0x00,0x00,0x00,0x00,
        0x00,0x00,0x3f,0x00,0xff,0x00,0xcf,0x55,0xff,0xff,0xff,0xff,0xff,0xff,0x00,0x00,
        0x00,0x00,0xff,0x00,0xff,0x01,0xcf,0x55,0xff,0xff,0xff,0xff,0xff,0xff,0x00,0x00,
        0x00,0x00,0xff,0x03,0xff,0x03,0xcf,0x57,0xff,0xff,0xff,0xff,0xff,0xff,0x00,0x00,
        0x00,0x00,0xff,0x07,0xff,0x07,0xcf,0x57,0xff,0xff,0xff,0xff,0xff,0xff,0x00,0x00,
        0x00,0x00,0xfc,0xff,0xf8,0xff,0xcc,0xff,0xfd,0xff,0xff,0xff,0xff,0xff,0x00,0x00,
        0x00,0x00,0x00,0x00,0x00,0x00,0x00,0x00,0x00,0x00,0x00,0x00,0x00,0x00,0x00,0x00,
        0x00,0x00,0x00,0x00,0x00,0x00,0x00,0x00,0x00,0x00,0x00,0x00,0x00,0x00,0x00,0x00,
        0x00,0x00,0x00,0x00,0x00,0x00,0x00,0x00,0x00,0x00,0x00,0x00,0x00,0x00,0x00,0x00,
        0x00,0x00,0xff,0x00,0xbf,0x00,0xcf,0x00,0xff,0x55,0xff,0xff,0xff,0xff,0x00,0x00,
        0x00,0x00,0xff,0x01,0xff,0x00,0xcf,0x01,0xff,0x55,0xff,0xff,0xff,0xff,0x00,0x00,
        0x00,0x00,0xff,0x03,0xff,0x03,0xcf,0x03,0xff,0x57,0xff,0xff,0xff,0xff,0x00,0x00,
        0x00,0x00,0xff,0x07,0xff,0x07,0xcf,0x07,0xff,0x57,0xff,0xff,0xff,0xff,0x00,0x00,
        0x00,0x00,0xfc,0xff,0xfc,0xff,0xc0,0xff,0x74,0xff,0xd5,0xff,0xff,0xff,0x00,0x00,
        0x00,0x00,0x00,0x00,0x00,0x00,0x00,0x00,0x00,0x00,0x00,0x00,0x00,0x00,0x00,0x00,
        0x00,0x00,0x00,0x00,0x00,0x00,0x00,0x00,0x00,0x00,0x00,0x00,0x00,0x00,0x00,0x00,
        0x00,0x00,0x00,0x00,0x00,0x00,0x00,0x00,0x00,0x00,0x00,0x00,0x00,0x00,0x00,0x00,
        0x00,0x00,0xfd,0x00,0xfd,0x00,0x0d,0x00,0x77,0x40,0x5f,0xd5,0xff,0xff,0x00,0x00,
        0x00,0x00,0xfd,0x01,0xfd,0x01,0xcf,0x00,0xff,0x01,0x7f,0x55,0xff,0xff,0x00,0x00,
        0x00,0x00,0xff,0x03,0xff,0x03,0xcf,0x03,0xff,0x03,0xff,0x55,0xff,0xff,0x00,0x00,
        0x00,0x00,0xff,0x07,0xff,0x07,0xcf,0x07,0xff,0x07,0xff,0x57,0xff,0xff,0x00,0x00,
        0x00,0x00,0xfc,0xff,0xfc,0xff,0xc4,0xff,0x50,0xff,0xd0,0xff,0xf5,0xff,0x00,0x00,
        0x00,0x00,0xfc,0xff,0x54,0xd5,0x40,0xf5,0x00,0xfd,0x40,0xff,0xd5,0xff,0x00,0x00,
        0x00,0x00,0xfc,0x7f,0xa8,0x6a,0x00,0xd0,0x00,0xf4,0x01,0xfd,0x57,0xff,0x00,0x00,
        0x00,0x00,0xfc,0x15,0x54,0x15,0x04,0x40,0x01,0xd0,0x07,0xf4,0x5f,0xfd,0x00,0x00,
        0x00,0x00,0xfc,0x01,0xfc,0x00,0x4d,0x00,0x17,0x40,0x1f,0xd0,0x7f,0xf5,0x00,0x00,
        0x00,0x00,0xfd,0x01,0xfd,0x01,0xcf,0x01,0x7f,0x00,0x7f,0x40,0xff,0xd5,0x00,0x00,
        0x00,0x00,0xff,0x03,0xff,0x03,0xcf,0x03,0xff,0x01,0xff,0x01,0xff,0x57,0x00,0x00,
        0x00,0x00,0xff,0x07,0xff,0x07,0xcf,0x07,0xff,0x07,0xff,0x07,0xff,0x5f,0x00,0x00,
        0x00,0x00,0xfc,0xff,0xfc,0xff,0xc4,0xff,0x50,0xff,0xd0,0xff,0xf4,0xff,0x00,0x00,
        0x00,0x00,0xfc,0xff,0x54,0xd5,0x44,0xf5,0x00,0xfd,0x40,0xff,0xd1,0xff,0x00,0x00,
        0x00,0x00,0xfc,0x7f,0x54,0x55,0x44,0xd5,0x00,0xf4,0x01,0xfd,0x47,0xff,0x00,0x00,
        0x00,0x00,0xfc,0x17,0x54,0x15,0x44,0x55,0x01,0xd0,0x07,0xf4,0x1f,0xfd,0x00,0x00,
        0x00,0x00,0xfc,0x07,0xfc,0x01,0x4d,0x00,0x17,0x40,0x1f,0xd0,0x7f,0xf4,0x00,0x00,
        0x00,0x00,0xfd,0x07,0xfd,0x01,0xcf,0x01,0x7f,0x00,0x7f,0x40,0xff,0xd1,0x00,0x00,
        0x00,0x00,0xff,0x07,0xff,0x03,0xcf,0x03,0xff,0x01,0xff,0x01,0xff,0x47,0x00,0x00,
        0x00,0x00,0xff,0x07,0xff,0x07,0xcf,0x07,0xff,0x07,0xff,0x07,0xff,0x1f,0x00,0x00,
        0x00,0x00,0xfc,0xff,0xfc,0xff,0xc4,0xff,0x50,0xff,0xd0,0xff,0xf0,0xff,0x00,0x00,
        0x00,0x00,0xfc,0xff,0xfc,0xff,0x40,0xf5,0x00,0xfd,0x40,0xff,0xc0,0xff,0x00,0x00,
        0x00,0x00,0xfc,0x7f,0xfc,0x7f,0x00,0xd0,0x00,0xf4,0x01,0xfd,0x03,0xff,0x00,0x00,
        0x00,0x00,0xfc,0x1f,0xfc,0x17,0x04,0x40,0x01,0xd0,0x07,0xf4,0x0f,0xfc,0x00,0x00,
        0x00,0x00,0xfc,0x1f,0xfc,0x07,0x4d,0x00,0x17,0x40,0x1f,0xd0,0x3f,0xf0,0x00,0x00,
        0x00,0x00,0xfd,0x1f,0xfd,0x07,0xcf,0x01,0x7f,0x00,0x7f,0x40,0xff,0xc0,0x00,0x00,
        0x00,0x00,0xff,0x1f,0xff,0x07,0xcf,0x03,0xff,0x01,0xff,0x01,0xff,0x03,0x00,0x00,
        0x00,0x00,0xff,0x1f,0xff,0x07,0xcf,0x07,0xff,0x07,0xff,0x07,0xff,0x0f,0x00,0x00,
        0x00,0x00,0xf5,0xff,0xff,0xff,0x3f,0xff,0xff,0xff,0xff,0xff,0xff,0xff,0x00,0x00,
        0x00,0x00,0xd5,0xff,0xff,0xff,0x3f,0xff,0xff,0xff,0xff,0xff,0xff,0xff,0x00,0x00,
        0x00,0x00,0x57,0xff,0xff,0xff,0x3f,0xff,0xff,0xff,0xff,0xff,0xff,0xff,0x00,0x00,
        0x00,0x00,0x5f,0xfd,0xff,0xff,0x3f,0xff,0xff,0xff,0xff,0xff,0xff,0xff,0x00,0x00,
        0x00,0x00,0x7f,0xf5,0xff,0xff,0x3f,0xff,0xff,0xff,0xff,0xff,0xff,0xff,0x00,0x00,
        0x00,0x00,0xff,0xd5,0xff,0xff,0x3f,0xff,0xff,0xff,0xff,0xff,0xff,0xff,0x00,0x00,
        0x00,0x00,0xff,0x57,0xff,0xff,0x3f,0xff,0xff,0xff,0xff,0xff,0xff,0xff,0x00,0x00,
        0x00,0x00,0xff,0x5f,0xff,0xff,0x3f,0xff,0xff,0xff,0xff,0xff,0xff,0xff,0x00,0x00,
        0x00,0x00,0xf4,0xff,0xf5,0xff,0x3f,0xff,0xff,0xff,0xff,0xff,0xff,0xff,0x00,0x00,
        0x00,0x00,0xd1,0xff,0xf5,0xff,0x3f,0xff,0xff,0xff,0xff,0xff,0xff,0xff,0x00,0x00,
        0x00,0x00,0x47,0xff,0xf5,0xff,0x3f,0xff,0xff,0xff,0xff,0xff,0xff,0xff,0x00,0x00,
        0x00,0x00,0x1f,0xfd,0xff,0xff,0x3f,0xff,0xff,0xff,0xff,0xff,0xff,0xff,0x00,0x00,
        0x00,0x00,0x7f,0x74,0xff,0x57,0x3f,0xff,0xff,0xff,0xff,0xff,0xff,0xff,0x00,0x00,
        0x00,0x00,0xff,0x51,0xff,0x57,0x3f,0xff,0xff,0xff,0xff,0xff,0xff,0xff,0x00,0x00,
        0x00,0x00,0xff,0x47,0xff,0x57,0x3f,0xff,0xff,0xff,0xff,0xff,0xff,0xff,0x00,0x00,
        0x00,0x00,0xff,0x1f,0xff,0x5f,0x3f,0xff,0xff,0xff,0xff,0xff,0xff,0xff,0x00,0x00,
        0x00,0x00,0xf0,0xff,0xf4,0xff,0x35,0xff,0xff,0xff,0xff,0xff,0xff,0xff,0x00,0x00,
        0x00,0x00,0xc0,0xff,0xf0,0xff,0x35,0xff,0xff,0xff,0xff,0xff,0xff,0xff,0x00,0x00,
        0x00,0x00,0x00,0x00,0x00,0x00,0x00,0x00,0x00,0x00,0x00,0x00,0x00,0x00,0x00,0x00,
        0x00,0x00,0x00,0x00,0x00,0x00,0x00,0x00,0x00,0x00,0x00,0x00,0x00,0x00,0x00,0x00,
        0x00,0x00,0x00,0x00,0x00,0x00,0x00,0x00,0x00,0x00,0x00,0x00,0x00,0x00,0x00,0x00,
        0x00,0x00,0xff,0x00,0xff,0x03,0x3f,0x57,0xff,0xff,0xff,0xff,0xff,0xff,0x00,0x00,
        0x00,0x00,0xff,0x03,0xff,0x07,0x3f,0x57,0xff,0xff,0xff,0xff,0xff,0xff,0x00,0x00,
        0x00,0x00,0xff,0x0f,0xff,0x0f,0x3f,0x5f,0xff,0xff,0xff,0xff,0xff,0xff,0x00,0x00,
        0x00,0x00,0xf4,0xff,0xf0,0xff,0x34,0xff,0xf5,0xff,0xff,0xff,0xff,0xff,0x00,0x00,
        0x00,0x00,0xf0,0xff,0xe0,0xff,0x30,0xff,0xf5,0xff,0xff,0xff,0xff,0xff,0x00,0x00,
        0x00,0x00,0x00,0x00,0x00,0x00,0x00,0x00,0x00,0x00,0x00,0x00,0x00,0x00,0x00,0x00,
        0x00,0x00,0x00,0x00,0x00,0x00,0x00,0x00,0x00,0x00,0x00,0x00,0x00,0x00,0x00,0x00,
        0x00,0x00,0x00,0x00,0x00,0x00,0x00,0x00,0x00,0x00,0x00,0x00,0x00,0x00,0x00,0x00,
        0x00,0x00,0xff,0x03,0xff,0x02,0x3f,0x03,0xff,0x57,0xff,0xff,0xff,0xff,0x00,0x00,
        0x00,0x00,0xff,0x07,0xff,0x03,0x3f,0x07,0xff,0x57,0xff,0xff,0xff,0xff,0x00,0x00,
        0x00,0x00,0xff,0x0f,0xff,0x0f,0x3f,0x0f,0xff,0x5f,0xff,0xff,0xff,0xff,0x00,0x00,
        0x00,0x00,0xf4,0xff,0xf4,0xff,0x30,0xff,0xf4,0xff,0xd5,0xff,0xff,0xff,0x00,0x00,
        0x00,0x00,0xf0,0xff,0xf0,0xff,0x00,0xff,0xd0,0xfd,0x55,0xff,0xff,0xff,0x00,0x00,
        0x00,0x00,0x00,0x00,0x00,0x00,0x00,0x00,0x00,0x00,0x00,0x00,0x00,0x00,0x00,0x00,
        0x00,0x00,0x00,0x00,0x00,0x00,0x00,0x00,0x00,0x00,0x00,0x00,0x00,0x00,0x00,0x00,
        0x00,0x00,0x00,0x00,0x00,0x00,0x00,0x00,0x00,0x00,0x00,0x00,0x00,0x00,0x00,0x00,
        0x00,0x00,0xfd,0x03,0xfd,0x03,0x3f,0x00,0xdf,0x01,0x7f,0x55,0xff,0xff,0x00,0x00,
        0x00,0x00,0xff,0x07,0xff,0x07,0x3f,0x03,0xff,0x07,0xff,0x55,0xff,0xff,0x00,0x00,
        0x00,0x00,0xff,0x0f,0xff,0x0f,0x3f,0x0f,0xff,0x0f,0xff,0x57,0xff,0xff,0x00,0x00,
        0x00,0x00,0xf4,0xff,0xf4,0xff,0x34,0xff,0xd0,0xff,0xd0,0xff,0xf5,0xff,0x00,0x00,
        0x00,0x00,0xf4,0xff,0xf0,0xff,0x10,0xff,0x40,0xfd,0x40,0xff,0xd5,0xff,0x00,0x00,
        0x00,0x00,0xf4,0x7f,0x54,0x55,0x00,0xd5,0x00,0xf4,0x01,0xfd,0x57,0xff,0x00,0x00,
        0x00,0x00,0xfc,0x3f,0xa8,0x2a,0x00,0x40,0x01,0xd0,0x07,0xf4,0x5f,0xfd,0x00,0x00,
        0x00,0x00,0xfc,0x17,0x54,0x15,0x15,0x00,0x07,0x40,0x1f,0xd0,0x7f,0xf5,0x00,0x00,
        0x00,0x00,0xfd,0x07,0xfd,0x03,0x3f,0x01,0x5f,0x00,0x7f,0x40,0xff,0xd5,0x00,0x00,
        0x00,0x00,0xff,0x07,0xff,0x07,0x3f,0x07,0xff,0x01,0xff,0x01,0xff,0x57,0x00,0x00,
        0x00,0x00,0xff,0x0f,0xff,0x0f,0x3f,0x0f,0xff,0x07,0xff,0x07,0xff,0x5f,0x00,0x00,
        0x00,0x00,0xfc,0xff,0xf4,0xff,0x34,0xff,0xd0,0xff,0xd0,0xff,0xf4,0xff,0x00,0x00,
        0x00,0x00,0xfc,0xff,0xf4,0xff,0x10,0xff,0x40,0xfd,0x40,0xff,0xd1,0xff,0x00,0x00,
        0x00,0x00,0xfc,0x7f,0x54,0x55,0x14,0xd5,0x00,0xf4,0x01,0xfd,0x47,0xff,0x00,0x00,
        0x00,0x00,0xfc,0x3f,0x54,0x15,0x14,0x55,0x01,0xd0,0x07,0xf4,0x1f,0xfd,0x00,0x00,
        0x00,0x00,0xfc,0x1f,0x54,0x15,0x15,0x15,0x07,0x40,0x1f,0xd0,0x7f,0xf4,0x00,0x00,
        0x00,0x00,0xfd,0x1f,0xfd,0x07,0x3f,0x01,0x5f,0x00,0x7f,0x40,0xff,0xd1,0x00,0x00,
        0x00,0x00,0xff,0x1f,0xff,0x07,0x3f,0x07,0xff,0x01,0xff,0x01,0xff,0x47,0x00,0x00,
        0x00,0x00,0xff,0x1f,0xff,0x0f,0x3f,0x0f,0xff,0x07,0xff,0x07,0xff,0x1f,0x00,0x00,
        0x00,0x00,0xfc,0xff,0xfc,0xff,0x34,0xff,0xd0,0xff,0xd0,0xff,0xf0,0xff,0x00,0x00,
        0x00,0x00,0xfc,0xff,0xfc,0xff,0x10,0xff,0x40,0xfd,0x40,0xff,0xc0,0xff,0x00,0x00,
        0x00,0x00,0xfc,0x7f,0xfc,0x7f,0x00,0xd5,0x00,0xf4,0x01,0xfd,0x03,0xff,0x00,0x00,
        0x00,0x00,0xfc,0x3f,0xfc,0x3f,0x00,0x40,0x01,0xd0,0x07,0xf4,0x0f,0xfc,0x00,0x00,
        0x00,0x00,0xfc,0x3f,0xfc,0x1f,0x15,0x00,0x07,0x40,0x1f,0xd0,0x3f,0xf0,0x00,0x00,
        0x00,0x00,0xfd,0x3f,0xfd,0x1f,0x3f,0x01,0x5f,0x00,0x7f,0x40,0xff,0xc0,0x00,0x00,
        0x00,0x00,0xff,0x3f,0xff,0x1f,0x3f,0x07,0xff,0x01,0xff,0x01,0xff,0x03,0x00,0x00,
        0x00,0x00,0xff,0x3f,0xff,0x1f,0x3f,0x0f,0xff,0x07,0xff,0x07,0xff,0x0f,0x00,0x00,
        0x00,0x00,0xf5,0xff,0xff,0xff,0xff,0xfc,0xff,0xff,0xff,0xff,0xff,0xff,0x00,0x00,
        0x00,0x00,0xd5,0xff,0xff,0xff,0xff,0xfc,0xff,0xff,0xff,0xff,0xff,0xff,0x00,0x00,
        0x00,0x00,0x57,0xff,0xff,0xff,0xff,0xfc,0xff,0xff,0xff,0xff,0xff,0xff,0x00,0x00,
        0x00,0x00,0x5f,0xfd,0xff,0xff,0xff,0xfc,0xff,0xff,0xff,0xff,0xff,0xff,0x00,0x00,
        0x00,0x00,0x7f,0xf5,0xff,0xff,0xff,0xfc,0xff,0xff,0xff,0xff,0xff,0xff,0x00,0x00,
        0x00,0x00,0xff,0xd5,0xff,0xff,0xff,0xfc,0xff,0xff,0xff,0xff,0xff,0xff,0x00,0x00,
        0x00,0x00,0xff,0x57,0xff,0xff,0xff,0xfc,0xff,0xff,0xff,0xff,0xff,0xff,0x00,0x00,
        0x00,0x00,0xff,0x5f,0xff,0xff,0xff,0xfc,0xff,0xff,0xff,0xff,0xff,0xff,0x00,0x00,
        0x00,0x00,0xf4,0xff,0xf5,0xff,0xff,0xfc,0xff,0xff,0xff,0xff,0xff,0xff,0x00,0x00,
        0x00,0x00,0xd1,0xff,0xd5,0xff,0xff,0xfc,0xff,0xff,0xff,0xff,0xff,0xff,0x00,0x00,
        0x00,0x00,0x45,0xff,0xd5,0xff,0xff,0xfc,0xff,0xff,0xff,0xff,0xff,0xff,0x00,0x00,
        0x00,0x00,0x1d,0xfd,0xd5,0xff,0xff,0xfc,0xff,0xff,0xff,0xff,0xff,0xff,0x00,0x00,
        0x00,0x00,0x7f,0xf4,0xff,0xff,0xff,0xfc,0xff,0xff,0xff,0xff,0xff,0xff,0x00,0x00,
        0x00,0x00,0xff,0xd1,0xff,0x5f,0xff,0xfc,0xff,0xff,0xff,0xff,0xff,0xff,0x00,0x00,
        0x00,0x00,0xff,0x47,0xff,0x5f,0xff,0xfc,0xff,0xff,0xff,0xff,0xff,0xff,0x00,0x00,
        0x00,0x00,0xff,0x1f,0xff,0x5f,0xff,0xfc,0xff,0xff,0xff,0xff,0xff,0xff,0x00,0x00,
        0x00,0x00,0xf0,0xff,0xf0,0xff,0xf5,0xfc,0xff,0xff,0xff,0xff,0xff,0xff,0x00,0x00,
        0x00,0x00,0xc0,0xff,0xd0,0xff,0xd5,0xfc,0xff,0xff,0xff,0xff,0xff,0xff,0x00,0x00,
        0x00,0x00,0x00,0xff,0xc0,0xff,0xd5,0xfc,0xff,0xff,0xff,0xff,0xff,0xff,0x00,0x00,
        0x00,0x00,0x00,0x00,0x00,0x00,0x00,0x00,0x00,0x00,0x00,0x00,0x00,0x00,0x00,0x00,
        0x00,0x00,0x00,0x00,0x00,0x00,0x00,0x00,0x00,0x00,0x00,0x00,0x00,0x00,0x00,0x00,
        0x00,0x00,0x00,0x00,0x00,0x00,0x00,0x00,0x00,0x00,0x00,0x00,0x00,0x00,0x00,0x00,
        0x00,0x00,0xff,0x03,0xff,0x0f,0xff,0x5c,0xff,0xff,0xff,0xff,0xff,0xff,0x00,0x00,
        0x00,0x00,0xff,0x0f,0xff,0x1f,0xff,0x5c,0xff,0xff,0xff,0xff,0xff,0xff,0x00,0x00,
        0x00,0x00,0xf0,0xff,0xf0,0xff,0xf0,0xfc,0xf5,0xff,0xff,0xff,0xff,0xff,0x00,0x00,
        0x00,0x00,0xd0,0xff,0xc0,0xff,0xd0,0xfc,0xd5,0xff,0xff,0xff,0xff,0xff,0x00,0x00,
        0x00,0x00,0xc0,0xff,0x80,0xff,0xc0,0xfc,0xd5,0xff,0xff,0xff,0xff,0xff,0x00,0x00,
        0x00,0x00,0x00,0x00,0x00,0x00,0x00,0x00,0x00,0x00,0x00,0x00,0x00,0x00,0x00,0x00,
        0x00,0x00,0x00,0x00,0x00,0x00,0x00,0x00,0x00,0x00,0x00,0x00,0x00,0x00,0x00,0x00,
        0x00,0x00,0x00,0x00,0x00,0x00,0x00,0x00,0x00,0x00,0x00,0x00,0x00,0x00,0x00,0x00,
        0x00,0x00,0xff,0x0f,0xff,0x0b,0xff,0x0c,0xff,0x5f,0xff,0xff,0xff,0xff,0x00,0x00,
        0x00,0x00,0xff,0x1f,0xff,0x0f,0xff,0x1c,0xff,0x5f,0xff,0xff,0xff,0xff,0x00,0x00,
        0x00,0x00,0xf0,0xff,0xf0,0xff,0xf0,0xfc,0xf0,0xff,0xd5,0xff,0xff,0xff,0x00,0x00,
        0x00,0x00,0xd0,0xff,0xd0,0xff,0xc0,0xfc,0xd0,0xff,0x55,0xff,0xff,0xff,0x00,0x00,
        0x00,0x00,0xc0,0x7f,0xc0,0x7f,0x00,0xfc,0x40,0xf7,0x55,0xfd,0xff,0xff,0x00,0x00,
        0x00,0x00,0x00,0x00,0x00,0x00,0x00,0x00,0x00,0x00,0x00,0x00,0x00,0x00,0x00,0x00,
        0x00,0x00,0x00,0x00,0x00,0x00,0x00,0x00,0x00,0x00,0x00,0x00,0x00,0x00,0x00,0x00,
        0x00,0x00,0x00,0x00,0x00,0x00,0x00,0x00,0x00,0x00,0x00,0x00,0x00,0x00,0x00,0x00,
        0x00,0x00,0xff,0x0f,0xff,0x0f,0xff,0x00,0x7f,0x07,0xff,0x55,0xff,0xff,0x00,0x00,
        0x00,0x00,0xff,0x1f,0xff,0x1f,0xff,0x0c,0xff,0x1f,0xff,0x57,0xff,0xff,0x00,0x00,
        0x00,0x00,0xf0,0xff,0xf0,0xff,0xf0,0xfc,0xd0,0xff,0xd0,0xff,0xf5,0xff,0x00,0x00,
        0x00,0x00,0xd0,0xff,0xd0,0xff,0xd0,0xfc,0x40,0xff,0x40,0xff,0xd5,0xff,0x00,0x00,
        0x00,0x00,0xd0,0x7f,0xc0,0x7f,0x40,0xfc,0x00,0xf5,0x01,0xfd,0x57,0xff,0x00,0x00,
        0x00,0x00,0xd4,0x3f,0x54,0x15,0x00,0x54,0x01,0xd0,0x07,0xf4,0x5f,0xfd,0x00,0x00,
        0x00,0x00,0xfc,0x3f,0xa8,0x2a,0x01,0x00,0x07,0x40,0x1f,0xd0,0x7f,0xf5,0x00,0x00,
        0x00,0x00,0xfd,0x1f,0x55,0x15,0x57,0x00,0x1f,0x00,0x7f,0x40,0xff,0xd5,0x00,0x00,
        0x00,0x00,0xff,0x1f,0xff,0x0f,0xff,0x04,0x7f,0x01,0xff,0x01,0xff,0x57,0x00,0x00,
        0x00,0x00,0xff,0x1f,0xff,0x1f,0xff,0x1c,0xff,0x07,0xff,0x07,0xff,0x5f,0x00,0x00,
        0x00,0x00,0xf4,0xff,0xf0,0xff,0xf0,0xfc,0xd0,0xff,0xd0,0xff,0xf4,0xff,0x00,0x00,
        0x00,0x00,0xf4,0xff,0xd0,0xff,0xd0,0xfc,0x40,0xff,0x40,0xff,0xd1,0xff,0x00,0x00,
        0x00,0x00,0xf4,0x7f,0xd0,0x7f,0x40,0xfc,0x00,0xf5,0x01,0xfd,0x47,0xff,0x00,0x00,
        0x00,0x00,0xf4,0x3f,0x54,0x15,0x54,0x54,0x01,0xd0,0x07,0xf4,0x1f,0xfd,0x00,0x00,
        0x00,0x00,0xfc,0x3f,0x54,0x15,0x55,0x14,0x07,0x40,0x1f,0xd0,0x7f,0xf4,0x00,0x00,
        0x00,0x00,0xfd,0x3f,0x55,0x15,0x57,0x14,0x1f,0x00,0x7f,0x40,0xff,0xd1,0x00,0x00,
        0x00,0x00,0xff,0x3f,0xff,0x1f,0xff,0x04,0x7f,0x01,0xff,0x01,0xff,0x47,0x00,0x00,
        0x00,0x00,0xff,0x3f,0xff,0x1f,0xff,0x1c,0xff,0x07,0xff,0x07,0xff,0x1f,0x00,0x00,
        0x00,0x00,0xfc,0xff,0xf4,0xff,0xf0,0xfc,0xd0,0xff,0xd0,0xff,0xf0,0xff,0x00,0x00,
        0x00,0x00,0xfc,0xff,0xf4,0xff,0xd0,0xfc,0x40,0xff,0x40,0xff,0xc0,0xff,0x00,0x00,
        0x00,0x00,0xfc,0x7f,0xf4,0x7f,0x40,0xfc,0x00,0xf5,0x01,0xfd,0x03,0xff,0x00,0x00,
        0x00,0x00,0xfc,0x3f,0xf4,0x3f,0x00,0x54,0x01,0xd0,0x07,0xf4,0x0f,0xfc,0x00,0x00,
        0x00,0x00,0xfc,0x3f,0xfc,0x3f,0x01,0x00,0x07,0x40,0x1f,0xd0,0x3f,0xf0,0x00,0x00,
        0x00,0x00,0xfd,0x3f,0xfd,0x3f,0x57,0x00,0x1f,0x00,0x7f,0x40,0xff,0xc0,0x00,0x00,
        0x00,0x00,0xff,0x3f,0xff,0x3f,0xff,0x04,0x7f,0x01,0xff,0x01,0xff,0x03,0x00,0x00,
        0x00,0x00,0xff,0x3f,0xff,0x3f,0xff,0x1c,0xff,0x07,0xff,0x07,0xff,0x0f,0x00,0x00,
        0x00,0x00,0xf5,0xff,0xff,0xff,0xff,0xf3,0xff,0xff,0xff,0xff,0xff,0xff,0x00,0x00,
        0x00,0x00,0xd5,0xff,0xff,0xff,0xff,0xf3,0xff,0xff,0xff,0xff,0xff,0xff,0x00,0x00,
        0x00,0x00,0x57,0xff,0xff,0xff,0xff,0xf3,0xff,0xff,0xff,0xff,0xff,0xff,0x00,0x00,
        0x00,0x00,0x5f,0xfd,0xff,0xff,0xff,0xf3,0xff,0xff,0xff,0xff,0xff,0xff,0x00,0x00,
        0x00,0x00,0x7f,0xf5,0xff,0xff,0xff,0xf3,0xff,0xff,0xff,0xff,0xff,0xff,0x00,0x00,
        0x00,0x00,0xff,0xd5,0xff,0xff,0xff,0xf3,0xff,0xff,0xff,0xff,0xff,0xff,0x00,0x00,
        0x00,0x00,0xff,0x57,0xff,0xff,0xff,0xf3,0xff,0xff,0xff,0xff,0xff,0xff,0x00,0x00,
        0x00,0x00,0xff,0x5f,0xff,0xff,0xff,0xf3,0xff,0xff,0xff,0xff,0xff,0xff,0x00,0x00,
        0x00,0x00,0xf4,0xff,0xd5,0xff,0xff,0xf3,0xff,0xff,0xff,0xff,0xff,0xff,0x00,0x00,
        0x00,0x00,0xd1,0xff,0xd5,0xff,0xff,0xf3,0xff,0xff,0xff,0xff,0xff,0xff,0x00,0x00,
        0x00,0x00,0x45,0xff,0x55,0xff,0xff,0xf3,0xff,0xff,0xff,0xff,0xff,0xff,0x00,0x00,
        0x00,0x00,0x15,0xfd,0x55,0xff,0xff,0xf3,0xff,0xff,0xff,0xff,0xff,0xff,0x00,0x00,
        0x00,0x00,0x75,0xf4,0x55,0xff,0xff,0xf3,0xff,0xff,0xff,0xff,0xff,0xff,0x00,0x00,
        0x00,0x00,0xff,0xd1,0xff,0xff,0xff,0xf3,0xff,0xff,0xff,0xff,0xff,0xff,0x00,0x00,
        0x00,0x00,0xff,0x47,0xff,0x7f,0xff,0xf3,0xff,0xff,0xff,0xff,0xff,0xff,0x00,0x00,
        0x00,0x00,0xff,0x1f,0xff,0x7f,0xff,0xf3,0xff,0xff,0xff,0xff,0xff,0xff,0x00,0x00,
        0x00,0x00,0xd0,0xff,0xd0,0xff,0xd5,0xf3,0xff,0xff,0xff,0xff,0xff,0xff,0x00,0x00,
        0x00,0x00,0xc0,0xff,0xc0,0xff,0xd5,0xf3,0xff,0xff,0xff,0xff,0xff,0xff,0x00,0x00,
        0x00,0x00,0x00,0xff,0x40,0xff,0x55,0xf3,0xff,0xff,0xff,0xff,0xff,0xff,0x00,0x00,
        0x00,0x00,0x00,0xfc,0x00,0xff,0x55,0xf3,0xff,0xff,0xff,0xff,0xff,0xff,0x00,0x00,
        0x00,0x00,0x00,0x00,0x00,0x00,0x00,0x00,0x00,0x00,0x00,0x00,0x00,0x00,0x00,0x00,
        0x00,0x00,0x00,0x00,0x00,0x00,0x00,0x00,0x00,0x00,0x00,0x00,0x00,0x00,0x00,0x00,
        0x00,0x00,0x00,0x00,0x00,0x00,0x00,0x00,0x00,0x00,0x00,0x00,0x00,0x00,0x00,0x00,
        0x00,0x00,0xff,0x0f,0xff,0x3f,0xff,0x73,0xff,0xff,0xff,0xff,0xff,0xff,0x00,0x00,
        0x00,0x00,0xd0,0xff,0xd0,0xff,0xd0,0xf3,0xd5,0xff,0xff,0xff,0xff,0xff,0x00,0x00,
        0x00,0x00,0xc0,0xff,0xc0,0xff,0xc0,0xf3,0xd5,0xff,0xff,0xff,0xff,0xff,0x00,0x00,
        0x00,0x00,0x40,0xff,0x00,0xff,0x40,0xf3,0x55,0xff,0xff,0xff,0xff,0xff,0x00,0x00,
        0x00,0x00,0x00,0xff,0x00,0xfe,0x00,0xf3,0x55,0xff,0xff,0xff,0xff,0xff,0x00,0x00,
        0x00,0x00,0x00,0x00,0x00,0x00,0x00,0x00,0x00,0x00,0x00,0x00,0x00,0x00,0x00,0x00,
        0x00,0x00,0x00,0x00,0x00,0x00,0x00,0x00,0x00,0x00,0x00,0x00,0x00,0x00,0x00,0x00,
        0x00,0x00,0x00,0x00,0x00,0x00,0x00,0x00,0x00,0x00,0x00,0x00,0x00,0x00,0x00,0x00,
        0x00,0x00,0xff,0x3f,0xff,0x2f,0xff,0x33,0xff,0x7f,0xff,0xff,0xff,0xff,0x00,0x00,
        0x00,0x00,0xd0,0xff,0xd0,0xff,0xd0,0xf3,0xd0,0xff,0xd5,0xff,0xff,0xff,0x00,0x00,
        0x00,0x00,0xc0,0xff,0xc0,0xff,0xc0,0xf3,0xc0,0xff,0x55,0xff,0xff,0xff,0x00,0x00,
        0x00,0x00,0x40,0x7f,0x40,0x7f,0x00,0xf3,0x40,0xff,0x55,0xfd,0xff,0xff,0x00,0x00,
        0x00,0x00,0x00,0x7f,0x00,0x7f,0x00,0x70,0x01,0xdd,0x57,0xf5,0xff,0xff,0x00,0x00,
        0x00,0x00,0x00,0x00,0x00,0x00,0x00,0x00,0x00,0x00,0x00,0x00,0x00,0x00,0x00,0x00,
        0x00,0x00,0x00,0x00,0x00,0x00,0x00,0x00,0x00,0x00,0x00,0x00,0x00,0x00,0x00,0x00,
        0x00,0x00,0x00,0x00,0x00,0x00,0x00,0x00,0x00,0x00,0x00,0x00,0x00,0x00,0x00,0x00,
        0x00,0x00,0xff,0x3f,0xff,0x3f,0xff,0x03,0xff,0x1d,0xff,0x57,0xff,0xff,0x00,0x00,
        0x00,0x00,0xd0,0xff,0xd0,0xff,0xd0,0xf3,0xd0,0xff,0xd0,0xff,0xf5,0xff,0x00,0x00,
        0x00,0x00,0xc0,0xff,0xc0,0xff,0xc0,0xf3,0x40,0xff,0x40,0xff,0xd5,0xff,0x00,0x00,
        0x00,0x00,0x40,0x7f,0x40,0x7f,0x40,0xf3,0x00,0xfd,0x01,0xfd,0x57,0xff,0x00,0x00,
        0x00,0x00,0x40,0x3f,0x00,0x3f,0x00,0x71,0x01,0xd4,0x07,0xf4,0x5f,0xfd,0x00,0x00,
        0x00,0x00,0x54,0x3f,0x54,0x15,0x01,0x10,0x07,0x40,0x1f,0xd0,0x7f,0xf5,0x00,0x00,
        0x00,0x00,0xfd,0x3f,0xa9,0x2a,0x07,0x00,0x1f,0x00,0x7f,0x40,0xff,0xd5,0x00,0x00,
        0x00,0x00,0xff,0x3f,0x57,0x15,0x5f,0x01,0x7f,0x00,0xff,0x01,0xff,0x57,0x00,0x00,
        0x00,0x00,0xff,0x3f,0xff,0x3f,0xff,0x13,0xff,0x05,0xff,0x07,0xff,0x5f,0x00,0x00,
        0x00,0x00,0xd0,0xff,0xd0,0xff,0xd0,0xf3,0xd0,0xff,0xd0,0xff,0xf4,0xff,0x00,0x00,
        0x00,0x00,0xd0,0xff,0xc0,0xff,0xc0,0xf3,0x40,0xff,0x40,0xff,0xd1,0xff,0x00,0x00,
        0x00,0x00,0xd0,0x7f,0x40,0x7f,0x40,0xf3,0x00,0xfd,0x01,0xfd,0x47,0xff,0x00,0x00,
        0x00,0x00,0xd0,0x3f,0x40,0x3f,0x00,0x71,0x01,0xd4,0x07,0xf4,0x1f,0xfd,0x00,0x00,
        0x00,0x00,0xd4,0x3f,0x54,0x15,0x55,0x11,0x07,0x40,0x1f,0xd0,0x7f,0xf4,0x00,0x00,
        0x00,0x00,0xfd,0x3f,0x55,0x15,0x57,0x11,0x1f,0x00,0x7f,0x40,0xff,0xd1,0x00,0x00,
        0x00,0x00,0xff,0x3f,0x57,0x15,0x5f,0x11,0x7f,0x00,0xff,0x01,0xff,0x47,0x00,0x00,
        0x00,0x00,0xff,0x3f,0xff,0x3f,0xff,0x13,0xff,0x05,0xff,0x07,0xff,0x1f,0x00,0x00,
        0x00,0x00,0xf4,0xff,0xd0,0xff,0xd0,0xf3,0xd0,0xff,0xd0,0xff,0xf0,0xff,0x00,0x00,
        0x00,0x00,0xf4,0xff,0xd0,0xff,0xc0,0xf3,0x40,0xff,0x40,0xff,0xc0,0xff,0x00,0x00,
        0x00,0x00,0xf4,0x7f,0xd0,0x7f,0x40,0xf3,0x00,0xfd,0x01,0xfd,0x03,0xff,0x00,0x00,
        0x00,0x00,0xf4,0x3f,0xd0,0x3f,0x00,0x71,0x01,0xd4,0x07,0xf4,0x0f,0xfc,0x00,0x00,
        0x00,0x00,0xf4,0x3f,0xd4,0x3f,0x01,0x10,0x07,0x40,0x1f,0xd0,0x3f,0xf0,0x00,0x00,
        0x00,0x00,0xfd,0x3f,0xfd,0x3f,0x07,0x00,0x1f,0x00,0x7f,0x40,0xff,0xc0,0x00,0x00,
        0x00,0x00,0xff,0x3f,0xff,0x3f,0x5f,0x01,0x7f,0x00,0xff,0x01,0xff,0x03,0x00,0x00,
        0x00,0x00,0xff,0x3f,0xff,0x3f,0xff,0x13,0xff,0x05,0xff,0x07,0xff,0x0f,0x00,0x00,
        0x00,0x00,0xf5,0xff,0xff,0xff,0xff,0xcf,0xff,0xff,0xff,0xff,0xff,0xff,0x00,0x00,
        0x00,0x00,0xd5,0xff,0xff,0xff,0xff,0xcf,0xff,0xff,0xff,0xff,0xff,0xff,0x00,0x00,
        0x00,0x00,0x57,0xff,0xff,0xff,0xff,0xcf,0xff,0xff,0xff,0xff,0xff,0xff,0x00,0x00,
        0x00,0x00,0x5f,0xfd,0xff,0xff,0xff,0xcf,0xff,0xff,0xff,0xff,0xff,0xff,0x00,0x00,
        0x00,0x00,0x7f,0xf5,0xff,0xff,0xff,0xcf,0xff,0xff,0xff,0xff,0xff,0xff,0x00,0x00,
        0x00,0x00,0xff,0xd5,0xff,0xff,0xff,0xcf,0xff,0xff,0xff,0xff,0xff,0xff,0x00,0x00,
        0x00,0x00,0xff,0x57,0xff,0xff,0xff,0xcf,0xff,0xff,0xff,0xff,0xff,0xff,0x00,0x00,
        0x00,0x00,0xff,0x5f,0xff,0xff,0xff,0xcf,0xff,0xff,0xff,0xff,0xff,0xff,0x00,0x00,
        0x00,0x00,0xd4,0xff,0xd5,0xff,0xff,0xcf,0xff,0xff,0xff,0xff,0xff,0xff,0x00,0x00,
        0x00,0x00,0xd1,0xff,0x55,0xff,0xff,0xcf,0xff,0xff,0xff,0xff,0xff,0xff,0x00,0x00,
        0x00,0x00,0x45,0xff,0x55,0xff,0xff,0xcf,0xff,0xff,0xff,0xff,0xff,0xff,0x00,0x00,
        0x00,0x00,0x15,0xfd,0x55,0xfd,0xff,0xcf,0xff,0xff,0xff,0xff,0xff,0xff,0x00,0x00,
        0x00,0x00,0x55,0xf4,0x55,0xfd,0xff,0xcf,0xff,0xff,0xff,0xff,0xff,0xff,0x00,0x00,
        0x00,0x00,0xd5,0xd1,0x55,0xfd,0xff,0xcf,0xff,0xff,0xff,0xff,0xff,0xff,0x00,0x00,
        0x00,0x00,0xff,0x47,0xff,0xff,0xff,0xcf,0xff,0xff,0xff,0xff,0xff,0xff,0x00,0x00,
        0x00,0x00,0xff,0x1f,0xff,0xff,0xff,0xcf,0xff,0xff,0xff,0xff,0xff,0xff,0x00,0x00,
        0x00,0x00,0xc0,0xff,0xc0,0xff,0xd5,0xcf,0xff,0xff,0xff,0xff,0xff,0xff,0x00,0x00,
        0x00,0x00,0x40,0xff,0x40,0xff,0x55,0xcf,0xff,0xff,0xff,0xff,0xff,0xff,0x00,0x00,
        0x00,0x00,0x00,0xff,0x00,0xff,0x55,0xcf,0xff,0xff,0xff,0xff,0xff,0xff,0x00,0x00,
        0x00,0x00,0x00,0xfc,0x00,0xfd,0x55,0xcd,0xff,0xff,0xff,0xff,0xff,0xff,0x00,0x00,
        0x00,0x00,0x00,0xf0,0x00,0xfc,0x55,0xcd,0xff,0xff,0xff,0xff,0xff,0xff,0x00,0x00,
        0x00,0x00,0x00,0x00,0x00,0x00,0x00,0x00,0x00,0x00,0x00,0x00,0x00,0x00,0x00,0x00,
        0x00,0x00,0x00,0x00,0x00,0x00,0x00,0x00,0x00,0x00,0x00,0x00,0x00,0x00,0x00,0x00,
        0x00,0x00,0x00,0x00,0x00,0x00,0x00,0x00,0x00,0x00,0x00,0x00,0x00,0x00,0x00,0x00,
        0x00,0x00,0xc0,0xff,0xc0,0xff,0xc0,0xcf,0xd5,0xff,0xff,0xff,0xff,0xff,0x00,0x00,
        0x00,0x00,0x40,0xff,0x40,0xff,0x40,0xcf,0x55,0xff,0xff,0xff,0xff,0xff,0x00,0x00,
        0x00,0x00,0x00,0xff,0x00,0xff,0x00,0xcf,0x55,0xff,0xff,0xff,0xff,0xff,0x00,0x00,
        0x00,0x00,0x00,0xfd,0x00,0xfc,0x00,0xcd,0x55,0xfd,0xff,0xff,0xff,0xff,0x00,0x00,
        0x00,0x00,0x00,0xfc,0x00,0xf8,0x01,0xcc,0x57,0xfd,0xff,0xff,0xff,0xff,0x00,0x00,
        0x00,0x00,0x00,0x00,0x00,0x00,0x00,0x00,0x00,0x00,0x00,0x00,0x00,0x00,0x00,0x00,
        0x00,0x00,0x00,0x00,0x00,0x00,0x00,0x00,0x00,0x00,0x00,0x00,0x00,0x00,0x00,0x00,
        0x00,0x00,0x00,0x00,0x00,0x00,0x00,0x00,0x00,0x00,0x00,0x00,0x00,0x00,0x00,0x00,
        0x00,0x00,0xc0,0xff,0xc0,0xff,0xc0,0xcf,0xc0,0xff,0xd5,0xff,0xff,0xff,0x00,0x00,
        0x00,0x00,0x40,0xff,0x40,0xff,0x40,0xcf,0x40,0xff,0x55,0xff,0xff,0xff,0x00,0x00,
        0x00,0x00,0x00,0x7f,0x00,0x7f,0x00,0xcf,0x00,0xff,0x55,0xfd,0xff,0xff,0x00,0x00,
        0x00,0x00,0x00,0x7d,0x00,0x7d,0x00,0x4c,0x01,0xfd,0x57,0xf5,0xff,0xff,0x00,0x00,
        0x00,0x00,0x00,0x7c,0x00,0x7c,0x01,0x40,0x07,0x74,0x5f,0xd5,0xff,0xff,0x00,0x00,
        0x00,0x00,0x00,0x00,0x00,0x00,0x00,0x00,0x00,0x00,0x00,0x00,0x00,0x00,0x00,0x00,
        0x00,0x00,0x00,0x00,0x00,0x00,0x00,0x00,0x00,0x00,0x00,0x00,0x00,0x00,0x00,0x00,
        0x00,0x00,0x00,0x00,0x00,0x00,0x00,0x00,0x00,0x00,0x00,0x00,0x00,0x00,0x00,0x00,
        0x00,0x00,0xc0,0xff,0xc0,0xff,0xc0,0xcf,0xc0,0xff,0xd0,0xff,0xf5,0xff,0x00,0x00,
        0x00,0x00,0x40,0xff,0x40,0xff,0x40,0xcf,0x40,0xff,0x40,0xff,0xd5,0xff,0x00,0x00,
        0x00,0x00,0x00,0x7f,0x00,0x7f,0x00,0xcf,0x00,0xfd,0x01,0xfd,0x57,0xff,0x00,0x00,
        0x00,0x00,0x00,0x3d,0x00,0x3d,0x00,0x4d,0x01,0xf4,0x07,0xf4,0x5f,0xfd,0x00,0x00,
        0x00,0x00,0x00,0x3d,0x00,0x3c,0x01,0x04,0x07,0x50,0x1f,0xd0,0x7f,0xf5,0x00,0x00,
        0x00,0x00,0x55,0x3d,0x55,0x15,0x07,0x00,0x1f,0x00,0x7f,0x40,0xff,0xd5,0x00,0x00,
        0x00,0x00,0xff,0x3f,0xaf,0x2a,0x1f,0x00,0x7f,0x00,0xff,0x01,0xff,0x57,0x00,0x00,
        0x00,0x00,0xff,0x3f,0x5f,0x15,0x7f,0x05,0xff,0x01,0xff,0x07,0xff,0x5f,0x00,0x00,
        0x00,0x00,0xc0,0xff,0xc0,0xff,0xc0,0xcf,0xc0,0xff,0xd0,0xff,0xf4,0xff,0x00,0x00,
        0x00,0x00,0x40,0xff,0x40,0xff,0x40,0xcf,0x40,0xff,0x40,0xff,0xd1,0xff,0x00,0x00,
        0x00,0x00,0x40,0x7f,0x00,0x7f,0x00,0xcf,0x00,0xfd,0x01,0xfd,0x47,0xff,0x00,0x00,
        0x00,0x00,0x40,0x3f,0x00,0x3d,0x00,0x4d,0x01,0xf4,0x07,0xf4,0x1f,0xfd,0x00,0x00,
        0x00,0x00,0x40,0x3f,0x00,0x3d,0x01,0x04,0x07,0x50,0x1f,0xd0,0x7f,0xf4,0x00,0x00,
        0x00,0x00,0x55,0x3f,0x55,0x15,0x57,0x05,0x1f,0x00,0x7f,0x40,0xff,0xd1,0x00,0x00,
        0x00,0x00,0xff,0x3f,0x5f,0x15,0x5f,0x05,0x7f,0x00,0xff,0x01,0xff,0x47,0x00,0x00,
        0x00,0x00,0xff,0x3f,0x5f,0x15,0x7f,0x05,0xff,0x01,0xff,0x07,0xff,0x1f,0x00,0x00,
        0x00,0x00,0xd0,0xff,0xc0,0xff,0xc0,0xcf,0xc0,0xff,0xd0,0xff,0xf0,0xff,0x00,0x00,
        0x00,0x00,0xd0,0xff,0x40,0xff,0x40,0xcf,0x40,0xff,0x40,0xff,0xc0,0xff,0x00,0x00,
        0x00,0x00,0xd0,0x7f,0x40,0x7f,0x00,0xcf,0x00,0xfd,0x01,0xfd,0x03,0xff,0x00,0x00,
        0x00,0x00,0xd0,0x3f,0x40,0x3f,0x00,0x4d,0x01,0xf4,0x07,0xf4,0x0f,0xfc,0x00,0x00,
        0x00,0x00,0xd0,0x3f,0x40,0x3f,0x01,0x04,0x07,0x50,0x1f,0xd0,0x3f,0xf0,0x00,0x00,
        0x00,0x00,0xd5,0x3f,0x55,0x3f,0x07,0x00,0x1f,0x00,0x7f,0x40,0xff,0xc0,0x00,0x00,
        0x00,0x00,0xff,0x3f,0xff,0x3f,0x1f,0x00,0x7f,0x00,0xff,0x01,0xff,0x03,0x00,0x00,
        0x00,0x00,0xff,0x3f,0xff,0x3f,0x7f,0x05,0xff,0x01,0xff,0x07,0xff,0x0f,0x00,0x00,
        0x00,0x00,0xf5,0xff,0xff,0xff,0xff,0x3f,0xff,0xff,0xff,0xff,0xff,0xff,0x00,0x00,
        0x00,0x00,0xd5,0xff,0xff,0xff,0xff,0x3f,0xff,0xff,0xff,0xff,0xff,0xff,0x00,0x00,
        0x00,0x00,0x57,0xff,0xff,0xff,0xff,0x3f,0xff,0xff,0xff,0xff,0xff,0xff,0x00,0x00,
        0x00,0x00,0x5f,0xfd,0xff,0xff,0xff,0x3f,0xff,0xff,0xff,0xff,0xff,0xff,0x00,0x00,
        0x00,0x00,0x7f,0xf5,0xff,0xff,0xff,0x3f,0xff,0xff,0xff,0xff,0xff,0xff,0x00,0x00,
        0x00,0x00,0xff,0xd5,0xff,0xff,0xff,0x3f,0xff,0xff,0xff,0xff,0xff,0xff,0x00,0x00,
        0x00,0x00,0xff,0x57,0xff,0xff,0xff,0x3f,0xff,0xff,0xff,0xff,0xff,0xff,0x00,0x00,
        0x00,0x00,0xff,0x5f,0xff,0xff,0xff,0x3f,0xff,0xff,0xff,0xff,0xff,0xff,0x00,0x00,
        0x00,0x00,0x54,0xff,0x55,0xff,0xff,0x3f,0xff,0xff,0xff,0xff,0xff,0xff,0x00,0x00,
        0x00,0x00,0x51,0xff,0x55,0xff,0xff,0x3f,0xff,0xff,0xff,0xff,0xff,0xff,0x00,0x00,
        0x00,0x00,0x45,0xff,0x55,0xfd,0xff,0x3f,0xff,0xff,0xff,0xff,0xff,0xff,0x00,0x00,
        0x00,0x00,0x15,0xfd,0x55,0xfd,0xff,0x3f,0xff,0xff,0xff,0xff,0xff,0xff,0x00,0x00,
        0x00,0x00,0x55,0xf4,0x55,0xf5,0xff,0x3f,0xff,0xff,0xff,0xff,0xff,0xff,0x00,0x00,
        0x00,0x00,0x55,0xd1,0x55,0xf5,0xff,0x3f,0xff,0xff,0xff,0xff,0xff,0xff,0x00,0x00,
        0x00,0x00,0x57,0x47,0x57,0xf5,0xff,0x3f,0xff,0xff,0xff,0xff,0xff,0xff,0x00,0x00,
        0x00,0x00,0xff,0x1f,0xff,0xff,0xff,0x3f,0xff,0xff,0xff,0xff,0xff,0xff,0x00,0x00,
        0x00,0x00,0x40,0xff,0x40,0xff,0x55,0x3f,0xff,0xff,0xff,0xff,0xff,0xff,0x00,0x00,
        0x00,0x00,0x00,0xff,0x00,0xff,0x55,0x3f,0xff,0xff,0xff,0xff,0xff,0xff,0x00,0x00,
        0x00,0x00,0x00,0xfd,0x00,0xfd,0x55,0x3d,0xff,0xff,0xff,0xff,0xff,0xff,0x00,0x00,
        0x00,0x00,0x00,0xfc,0x00,0xfc,0x55,0x3d,0xff,0xff,0xff,0xff,0xff,0xff,0x00,0x00,
        0x00,0x00,0x00,0x70,0x00,0x74,0x55,0x35,0xff,0xff,0xff,0xff,0xff,0xff,0x00,0x00,
        0x00,0x00,0x01,0x40,0x01,0x70,0x57,0x35,0xff,0xff,0xff,0xff,0xff,0xff,0x00,0x00,
        0x00,0x00,0x00,0x00,0x00,0x00,0x00,0x00,0x00,0x00,0x00,0x00,0x00,0x00,0x00,0x00,
        0x00,0x00,0x00,0x00,0x00,0x00,0x00,0x00,0x00,0x00,0x00,0x00,0x00,0x00,0x00,0x00,
        0x00,0x00,0x40,0xff,0x40,0xff,0x40,0x3f,0x55,0xff,0xff,0xff,0xff,0xff,0x00,0x00,
        0x00,0x00,0x00,0xff,0x00,0xff,0x00,0x3f,0x55,0xff,0xff,0xff,0xff,0xff,0x00,0x00,
        0x00,0x00,0x00,0xfd,0x00,0xfd,0x00,0x3d,0x55,0xfd,0xff,0xff,0xff,0xff,0x00,0x00,
        0x00,0x00,0x00,0xfc,0x00,0xfc,0x00,0x3c,0x55,0xfd,0xff,0xff,0xff,0xff,0x00,0x00,
        0x00,0x00,0x00,0x74,0x00,0x70,0x01,0x34,0x57,0x75,0xff,0xff,0xff,0xff,0x00,0x00,
        0x00,0x00,0x01,0x30,0x01,0x20,0x07,0x30,0x5f,0x75,0xff,0xff,0xff,0xff,0x00,0x00,
        0x00,0x00,0x00,0x00,0x00,0x00,0x00,0x00,0x00,0x00,0x00,0x00,0x00,0x00,0x00,0x00,
        0x00,0x00,0x00,0x00,0x00,0x00,0x00,0x00,0x00,0x00,0x00,0x00,0x00,0x00,0x00,0x00,
        0x00,0x00,0x40,0xff,0x40,0xff,0x40,0x3f,0x40,0xff,0xd5,0xff,0xff,0xff,0x00,0x00,
        0x00,0x00,0x00,0xff,0x00,0xff,0x00,0x3f,0x00,0xff,0x55,0xff,0xff,0xff,0x00,0x00,
        0x00,0x00,0x00,0x7d,0x00,0x7d,0x00,0x3d,0x00,0xfd,0x55,0xfd,0xff,0xff,0x00,0x00,
        0x00,0x00,0x00,0x7c,0x00,0x7c,0x00,0x3c,0x01,0xfc,0x57,0xf5,0xff,0xff,0x00,0x00,
        0x00,0x00,0x00,0x74,0x00,0x74,0x01,0x30,0x07,0x74,0x5f,0xd5,0xff,0xff,0x00,0x00,
        0x00,0x00,0x01,0x30,0x01,0x30,0x07,0x00,0x1f,0x10,0x7f,0x55,0xff,0xff,0x00,0x00,
        0x00,0x00,0x00,0x00,0x00,0x00,0x00,0x00,0x00,0x00,0x00,0x00,0x00,0x00,0x00,0x00,
        0x00,0x00,0x00,0x00,0x00,0x00,0x00,0x00,0x00,0x00,0x00,0x00,0x00,0x00,0x00,0x00,
        0x00,0x00,0x40,0xff,0x40,0xff,0x40,0x3f,0x40,0xff,0xd0,0xff,0xf5,0xff,0x00,0x00,
        0x00,0x00,0x00,0xff,0x00,0xff,0x00,0x3f,0x00,0xff,0x40,0xff,0xd5,0xff,0x00,0x00,
        0x00,0x00,0x00,0x7d,0x00,0x7d,0x00,0x3d,0x00,0xfd,0x01,0xfd,0x57,0xff,0x00,0x00,
        0x00,0x00,0x00,0x3c,0x00,0x3c,0x00,0x3c,0x01,0xf4,0x07,0xf4,0x5f,0xfd,0x00,0x00,
        0x00,0x00,0x00,0x34,0x00,0x34,0x01,0x34,0x07,0x50,0x1f,0xd0,0x7f,0xf5,0x00,0x00,
        0x00,0x00,0x01,0x34,0x01,0x30,0x07,0x10,0x1f,0x00,0x7f,0x40,0xff,0xd5,0x00,0x00,
        0x00,0x00,0x57,0x35,0x57,0x15,0x1f,0x00,0x7f,0x00,0xff,0x01,0xff,0x57,0x00,0x00,
        0x00,0x00,0xff,0x3f,0xbf,0x2a,0x7f,0x00,0xff,0x01,0xff,0x07,0xff,0x5f,0x00,0x00,
        0x00,0x00,0x40,0xff,0x40,0xff,0x40,0x3f,0x40,0xff,0xd0,0xff,0xf4,0xff,0x00,0x00,
        0x00,0x00,0x00,0xff,0x00,0xff,0x00,0x3f,0x00,0xff,0x40,0xff,0xd1,0xff,0x00,0x00,
        0x00,0x00,0x00,0x7d,0x00,0x7d,0x00,0x3d,0x00,0xfd,0x01,0xfd,0x47,0xff,0x00,0x00,
        0x00,0x00,0x00,0x3d,0x00,0x3c,0x00,0x3c,0x01,0xf4,0x07,0xf4,0x1f,0xfd,0x00,0x00,
        0x00,0x00,0x00,0x3d,0x00,0x34,0x01,0x34,0x07,0x50,0x1f,0xd0,0x7f,0xf4,0x00,0x00,
        0x00,0x00,0x01,0x3d,0x01,0x34,0x07,0x10,0x1f,0x00,0x7f,0x40,0xff,0xd1,0x00,0x00,
        0x00,0x00,0x57,0x3d,0x57,0x15,0x5f,0x15,0x7f,0x00,0xff,0x01,0xff,0x47,0x00,0x00,
        0x00,0x00,0xff,0x3f,0x7f,0x15,0x7f,0x15,0xff,0x01,0xff,0x07,0xff,0x1f,0x00,0x00,
        0x00,0x00,0x40,0xff,0x40,0xff,0x40,0x3f,0x40,0xff,0xd0,0xff,0xf0,0xff,0x00,0x00,
        0x00,0x00,0x40,0xff,0x00,0xff,0x00,0x3f,0x00,0xff,0x40,0xff,0xc0,0xff,0x00,0x00,
        0x00,0x00,0x40,0x7f,0x00,0x7d,0x00,0x3d,0x00,0xfd,0x01,0xfd,0x03,0xff,0x00,0x00,
        0x00,0x00,0x40,0x3f,0x00,0x3d,0x00,0x3c,0x01,0xf4,0x07,0xf4,0x0f,0xfc,0x00,0x00,
        0x00,0x00,0x40,0x3f,0x00,0x3d,0x01,0x34,0x07,0x50,0x1f,0xd0,0x3f,0xf0,0x00,0x00,
        0x00,0x00,0x41,0x3f,0x01,0x3d,0x07,0x10,0x1f,0x00,0x7f,0x40,0xff,0xc0,0x00,0x00,
        0x00,0x00,0x57,0x3f,0x57,0x3d,0x1f,0x00,0x7f,0x00,0xff,0x01,0xff,0x03,0x00,0x00,
        0x00,0x00,0xff,0x3f,0xff,0x3f,0x7f,0x00,0xff,0x01,0xff,0x07,0xff,0x0f,0x00,0x00,
        0x00,0x00,0xf5,0xff,0xff,0xff,0xff,0xff,0xfc,0xff,0xff,0xff,0xff,0xff,0x00,0x00,
        0x00,0x00,0xd5,0xff,0xff,0xff,0xff,0xff,0xfc,0xff,0xff,0xff,0xff,0xff,0x00,0x00,
        0x00,0x00,0x57,0xff,0xff,0xff,0xff,0xff,0xfc,0xff,0xff,0xff,0xff,0xff,0x00,0x00,
        0x00,0x00,0x5f,0xfd,0xff,0xff,0xff,0xff,0xfc,0xff,0xff,0xff,0xff,0xff,0x00,0x00,
        0x00,0x00,0x7f,0xf5,0xff,0xff,0xff,0xff,0xfc,0xff,0xff,0xff,0xff,0xff,0x00,0x00,
        0x00,0x00,0xff,0xd5,0xff,0xff,0xff,0xff,0xfc,0xff,0xff,0xff,0xff,0xff,0x00,0x00,
        0x00,0x00,0xff,0x57,0xff,0xff,0xff,0xff,0xfc,0xff,0xff,0xff,0xff,0xff,0x00,0x00,
        0x00,0x00,0xff,0x5f,0xff,0xff,0xff,0xff,0xfc,0xff,0xff,0xff,0xff,0xff,0x00,0x00,
        0x00,0x00,0xf4,0xff,0x55,0xf5,0xff,0xff,0xfc,0xff,0xff,0xff,0xff,0xff,0x00,0x00,
        0x00,0x00,0xd1,0xd5,0x55,0xd5,0xff,0xff,0xfc,0xff,0xff,0xff,0xff,0xff,0x00,0x00,
        0x00,0x00,0x47,0x55,0x57,0x55,0xff,0xff,0xfc,0xff,0xff,0xff,0xff,0xff,0x00,0x00,
        0x00,0x00,0x1f,0x55,0x5f,0x55,0xff,0xff,0xfc,0xff,0xff,0xff,0xff,0xff,0x00,0x00,
        0x00,0x00,0x7f,0x54,0x7f,0x55,0xff,0xff,0xfc,0xff,0xff,0xff,0xff,0xff,0x00,0x00,
        0x00,0x00,0xff,0x51,0x7f,0x55,0xff,0xff,0xfc,0xff,0xff,0xff,0xff,0xff,0x00,0x00,
        0x00,0x00,0xff,0x45,0xff,0x55,0xff,0xff,0xfc,0xff,0xff,0xff,0xff,0xff,0x00,0x00,
        0x00,0x00,0xff,0x15,0xff,0x55,0xff,0xff,0xfc,0xff,0xff,0xff,0xff,0xff,0x00,0x00,
        0x00,0x00,0xf0,0xff,0x54,0xf5,0xff,0xff,0xfc,0xff,0xff,0xff,0xff,0xff,0x00,0x00,
        0x00,0x00,0x40,0xd5,0x01,0xd0,0x5f,0xf5,0xfc,0xff,0xff,0xff,0xff,0xff,0x00,0x00,
        0x00,0x00,0x01,0x40,0x05,0x40,0x5f,0xd5,0xfc,0xff,0xff,0xff,0xff,0xff,0x00,0x00,
        0x00,0x00,0x0d,0x00,0x1d,0x00,0x5f,0x55,0xfc,0xff,0xff,0xff,0xff,0xff,0x00,0x00,
        0x00,0x00,0x3f,0x00,0x3f,0x00,0x7f,0x55,0xfc,0xff,0xff,0xff,0xff,0xff,0x00,0x00,
        0x00,0x00,0x7f,0x00,0x7f,0x00,0x7f,0x55,0xfc,0xff,0xff,0xff,0xff,0xff,0x00,0x00,
        0x00,0x00,0xff,0x00,0xff,0x00,0xff,0x55,0xfc,0xff,0xff,0xff,0xff,0xff,0x00,0x00,
        0x00,0x00,0xff,0x01,0xff,0x01,0xff,0x55,0xfc,0xff,0xff,0xff,0xff,0xff,0x00,0x00,
        0x00,0x00,0x00,0x00,0x00,0x00,0x00,0x00,0x00,0x00,0x00,0x00,0x00,0x00,0x00,0x00,
        0x00,0x00,0x00,0x00,0x00,0x00,0x00,0x00,0x00,0x00,0x00,0x00,0x00,0x00,0x00,0x00,
        0x00,0x00,0x04,0x40,0x00,0x40,0x0d,0xd0,0x5c,0xf5,0xff,0xff,0xff,0xff,0x00,0x00,
        0x00,0x00,0x1d,0x00,0x0d,0x00,0x1d,0x40,0x5c,0xd5,0xff,0xff,0xff,0xff,0x00,0x00,
        0x00,0x00,0x3f,0x00,0x3f,0x00,0x3f,0x00,0x7c,0x55,0xff,0xff,0xff,0xff,0x00,0x00,
        0x00,0x00,0x7f,0x00,0x7f,0x00,0x7f,0x00,0x7c,0x55,0xff,0xff,0xff,0xff,0x00,0x00,
        0x00,0x00,0xff,0x00,0xff,0x00,0xff,0x00,0xfc,0x55,0xff,0xff,0xff,0xff,0x00,0x00,
        0x00,0x00,0xff,0x01,0xff,0x01,0xff,0x01,0xfc,0x55,0xff,0xff,0xff,0xff,0x00,0x00,
        0x00,0x00,0x00,0x00,0x00,0x00,0x00,0x00,0x00,0x00,0x00,0x00,0x00,0x00,0x00,0x00,
        0x00,0x00,0x00,0x00,0x00,0x00,0x00,0x00,0x00,0x00,0x00,0x00,0x00,0x00,0x00,0x00,
        0x00,0x00,0x0c,0x40,0x0c,0x40,0x08,0xd0,0x0c,0xf4,0x5f,0xfd,0xff,0xff,0x00,0x00,
        0x00,0x00,0x1d,0x00,0x1d,0x00,0x0d,0x40,0x1c,0xd0,0x5f,0xf5,0xff,0xff,0x00,0x00,
        0x00,0x00,0x3f,0x00,0x3f,0x00,0x3f,0x00,0x3c,0x40,0x7f,0xd5,0xff,0xff,0x00,0x00,
        0x00,0x00,0x7f,0x00,0x7f,0x00,0x7f,0x00,0x7c,0x00,0x7f,0x55,0xff,0xff,0x00,0x00,
        0x00,0x00,0xff,0x00,0xff,0x00,0xff,0x00,0xfc,0x00,0xff,0x55,0xff,0xff,0x00,0x00,
        0x00,0x00,0xff,0x01,0xff,0x01,0xff,0x01,0xfc,0x01,0xff,0x57,0xff,0xff,0x00,0x00,
        0x00,0x00,0x00,0x00,0x00,0x00,0x00,0x00,0x00,0x00,0x00,0x00,0x00,0x00,0x00,0x00,
        0x00,0x00,0x00,0x00,0x00,0x00,0x00,0x00,0x00,0x00,0x00,0x00,0x00,0x00,0x00,0x00,
        0x00,0x00,0x1c,0x40,0x0c,0x40,0x0c,0xd0,0x00,0xf4,0x07,0xfd,0x57,0xff,0x00,0x00,
        0x00,0x00,0x1d,0x00,0x1d,0x00,0x1d,0x40,0x0c,0xd0,0x1f,0xf4,0x5f,0xfd,0x00,0x00,
        0x00,0x00,0x3d,0x00,0x3d,0x00,0x3d,0x00,0x3c,0x40,0x3f,0xd0,0x7f,0xf5,0x00,0x00,
        0x00,0x00,0x7f,0x00,0x7f,0x00,0x7f,0x00,0x7c,0x00,0x7f,0x40,0xff,0xd5,0x00,0x00,
        0x00,0x00,0xff,0x00,0xff,0x00,0xff,0x00,0xfc,0x00,0xff,0x01,0xff,0x57,0x00,0x00,
        0x00,0x00,0xff,0x01,0xff,0x01,0xff,0x01,0xfc,0x01,0xff,0x07,0xff,0x5f,0x00,0x00,
        0x00,0x00,0xfc,0xff,0xfc,0xff,0xa8,0xff,0x50,0xff,0xf0,0xff,0xf4,0xff,0x00,0x00,
        0x00,0x00,0x7c,0xd5,0x5c,0xd5,0x54,0xf5,0x00,0xfd,0x40,0xff,0xd1,0xff,0x00,0x00,
        0x00,0x00,0x7c,0x40,0x1c,0x40,0x0c,0xd0,0x04,0xf4,0x01,0xfd,0x47,0xff,0x00,0x00,
        0x00,0x00,0x7c,0x00,0x1c,0x00,0x1c,0x40,0x1c,0xd0,0x0f,0xf4,0x1f,0xfd,0x00,0x00,
        0x00,0x00,0x7d,0x00,0x3d,0x00,0x3d,0x00,0x3c,0x40,0x3f,0xd0,0x7f,0xf4,0x00,0x00,
        0x00,0x00,0x7f,0x00,0x7f,0x00,0x7f,0x00,0x7c,0x00,0x7f,0x40,0xff,0xd1,0x00,0x00,
        0x00,0x00,0xff,0x00,0xff,0x00,0xff,0x00,0xfc,0x00,0xff,0x01,0xff,0x47,0x00,0x00,
        0x00,0x00,0xff,0x01,0xff,0x01,0xff,0x01,0xfc,0x01,0xff,0x07,0xff,0x1f,0x00,0x00,
        0x00,0x00,0xfc,0xff,0xfc,0xff,0x54,0xff,0x54,0xff,0xf4,0xff,0xf0,0xff,0x00,0x00,
        0x00,0x00,0xfc,0xd5,0x7c,0xd5,0x54,0xf5,0x54,0xfd,0x50,0xff,0xc4,0xff,0x00,0x00,
        0x00,0x00,0xfc,0x41,0x7c,0x40,0x1c,0xd0,0x14,0xf4,0x05,0xfd,0x13,0xff,0x00,0x00,
        0x00,0x00,0xfc,0x01,0x7c,0x00,0x1c,0x40,0x1c,0xd0,0x1f,0xf4,0x0f,0xfc,0x00,0x00,
        0x00,0x00,0xfd,0x01,0x7d,0x00,0x3d,0x00,0x3c,0x40,0x3f,0xd0,0x3f,0xf0,0x00,0x00,
        0x00,0x00,0xff,0x01,0x7f,0x00,0x7f,0x00,0x7c,0x00,0x7f,0x40,0xff,0xc0,0x00,0x00,
        0x00,0x00,0xff,0x01,0xff,0x00,0xff,0x00,0xfc,0x00,0xff,0x01,0xff,0x03,0x00,0x00,
        0x00,0x00,0xff,0x01,0xff,0x01,0xff,0x01,0xfc,0x01,0xff,0x07,0xff,0x0f,0x00,0x00,
        0x00,0x00,0xf5,0xff,0xff,0xff,0xff,0xff,0xf3,0xff,0xff,0xff,0xff,0xff,0x00,0x00,
        0x00,0x00,0xd5,0xff,0xff,0xff,0xff,0xff,0xf3,0xff,0xff,0xff,0xff,0xff,0x00,0x00,
        0x00,0x00,0x57,0xff,0xff,0xff,0xff,0xff,0xf3,0xff,0xff,0xff,0xff,0xff,0x00,0x00,
        0x00,0x00,0x5f,0xfd,0xff,0xff,0xff,0xff,0xf3,0xff,0xff,0xff,0xff,0xff,0x00,0x00,
        0x00,0x00,0x7f,0xf5,0xff,0xff,0xff,0xff,0xf3,0xff,0xff,0xff,0xff,0xff,0x00,0x00,
        0x00,0x00,0xff,0xd5,0xff,0xff,0xff,0xff,0xf3,0xff,0xff,0xff,0xff,0xff,0x00,0x00,
        0x00,0x00,0xff,0x57,0xff,0xff,0xff,0xff,0xf3,0xff,0xff,0xff,0xff,0xff,0x00,0x00,
        0x00,0x00,0xff,0x5f,0xff,0xff,0xff,0xff,0xf3,0xff,0xff,0xff,0xff,0xff,0x00,0x00,
        0x00,0x00,0xf4,0xff,0xf5,0xff,0xff,0xff,0xf3,0xff,0xff,0xff,0xff,0xff,0x00,0x00,
        0x00,0x00,0xd1,0xff,0x55,0xd5,0xff,0xff,0xf3,0xff,0xff,0xff,0xff,0xff,0x00,0x00,
        0x00,0x00,0x47,0x57,0x57,0x55,0xff,0xff,0xf3,0xff,0xff,0xff,0xff,0xff,0x00,0x00,
        0x00,0x00,0x1f,0x55,0x5f,0x55,0xff,0xff,0xf3,0xff,0xff,0xff,0xff,0xff,0x00,0x00,
        0x00,0x00,0x7f,0x54,0x7f,0x55,0xff,0xff,0xf3,0xff,0xff,0xff,0xff,0xff,0x00,0x00,
        0x00,0x00,0xff,0x51,0xff,0x55,0xff,0xff,0xf3,0xff,0xff,0xff,0xff,0xff,0x00,0x00,
        0x00,0x00,0xff,0x47,0xff,0x55,0xff,0xff,0xf3,0xff,0xff,0xff,0xff,0xff,0x00,0x00,
        0x00,0x00,0xff,0x17,0xff,0x57,0xff,0xff,0xf3,0xff,0xff,0xff,0xff,0xff,0x00,0x00,
        0x00,0x00,0xf0,0xff,0xf4,0xff,0xff,0xff,0xf3,0xff,0xff,0xff,0xff,0xff,0x00,0x00,
        0x00,0x00,0xc0,0xff,0x51,0xd5,0xff,0xff,0xf3,0xff,0xff,0xff,0xff,0xff,0x00,0x00,
        0x00,0x00,0x03,0x55,0x07,0x40,0x7f,0xd5,0xf3,0xff,0xff,0xff,0xff,0xff,0x00,0x00,
        0x00,0x00,0x0f,0x00,0x1f,0x00,0x7f,0x55,0xf3,0xff,0xff,0xff,0xff,0xff,0x00,0x00,
        0x00,0x00,0x3f,0x00,0x7f,0x00,0x7f,0x55,0xf3,0xff,0xff,0xff,0xff,0xff,0x00,0x00,
        0x00,0x00,0xff,0x00,0xff,0x00,0xff,0x55,0xf3,0xff,0xff,0xff,0xff,0xff,0x00,0x00,
        0x00,0x00,0xff,0x01,0xff,0x01,0xff,0x55,0xf3,0xff,0xff,0xff,0xff,0xff,0x00,0x00,
        0x00,0x00,0xff,0x03,0xff,0x03,0xff,0x57,0xf3,0xff,0xff,0xff,0xff,0xff,0x00,0x00,
        0x00,0x00,0x00,0x00,0x00,0x00,0x00,0x00,0x00,0x00,0x00,0x00,0x00,0x00,0x00,0x00,
        0x00,0x00,0x00,0x00,0x00,0x00,0x00,0x00,0x00,0x00,0x00,0x00,0x00,0x00,0x00,0x00,
        0x00,0x00,0x00,0x00,0x00,0x00,0x00,0x00,0x00,0x00,0x00,0x00,0x00,0x00,0x00,0x00,
        0x00,0x00,0x1f,0x00,0x0f,0x00,0x3f,0x40,0x73,0xd5,0xff,0xff,0xff,0xff,0x00,0x00,
        0x00,0x00,0x7f,0x00,0x3f,0x00,0x7f,0x00,0x73,0x55,0xff,0xff,0xff,0xff,0x00,0x00,
        0x00,0x00,0xff,0x00,0xff,0x00,0xff,0x00,0xf3,0x55,0xff,0xff,0xff,0xff,0x00,0x00,
        0x00,0x00,0xff,0x01,0xff,0x01,0xff,0x01,0xf3,0x55,0xff,0xff,0xff,0xff,0x00,0x00,
        0x00,0x00,0xff,0x03,0xff,0x03,0xff,0x03,0xf3,0x57,0xff,0xff,0xff,0xff,0x00,0x00,
        0x00,0x00,0x00,0x00,0x00,0x00,0x00,0x00,0x00,0x00,0x00,0x00,0x00,0x00,0x00,0x00,
        0x00,0x00,0x00,0x00,0x00,0x00,0x00,0x00,0x00,0x00,0x00,0x00,0x00,0x00,0x00,0x00,
        0x00,0x00,0x00,0x00,0x00,0x00,0x00,0x00,0x00,0x00,0x00,0x00,0x00,0x00,0x00,0x00,
        0x00,0x00,0x3f,0x00,0x3f,0x00,0x2f,0x40,0x33,0xd0,0x7f,0xf5,0xff,0xff,0x00,0x00,
        0x00,0x00,0x7f,0x00,0x7f,0x00,0x3f,0x00,0x73,0x40,0x7f,0xd5,0xff,0xff,0x00,0x00,
        0x00,0x00,0xff,0x00,0xff,0x00,0xff,0x00,0xf3,0x00,0xff,0x55,0xff,0xff,0x00,0x00,
        0x00,0x00,0xff,0x01,0xff,0x01,0xff,0x01,0xf3,0x01,0xff,0x55,0xff,0xff,0x00,0x00,
        0x00,0x00,0xff,0x03,0xff,0x03,0xff,0x03,0xf3,0x03,0xff,0x57,0xff,0xff,0x00,0x00,
        0x00,0x00,0x00,0x00,0x00,0x00,0x00,0x00,0x00,0x00,0x00,0x00,0x00,0x00,0x00,0x00,
        0x00,0x00,0x00,0x00,0x00,0x00,0x00,0x00,0x00,0x00,0x00,0x00,0x00,0x00,0x00,0x00,
        0x00,0x00,0x00,0x00,0x00,0x00,0x00,0x00,0x00,0x00,0x00,0x00,0x00,0x00,0x00,0x00,
        0x00,0x00,0x7d,0x00,0x3d,0x00,0x3d,0x40,0x01,0xd0,0x1f,0xf4,0x5f,0xfd,0x00,0x00,
        0x00,0x00,0x7d,0x00,0x7d,0x00,0x7d,0x00,0x33,0x40,0x7f,0xd0,0x7f,0xf5,0x00,0x00,
        0x00,0x00,0xff,0x00,0xff,0x00,0xff,0x00,0xf3,0x00,0xff,0x40,0xff,0xd5,0x00,0x00,
        0x00,0x00,0xff,0x01,0xff,0x01,0xff,0x01,0xf3,0x01,0xff,0x01,0xff,0x57,0x00,0x00,
        0x00,0x00,0xff,0x03,0xff,0x03,0xff,0x03,0xf3,0x03,0xff,0x07,0xff,0x5f,0x00,0x00,
        0x00,0x00,0xfc,0xff,0xfc,0xff,0x54,0xfd,0xd0,0xff,0xf0,0xff,0xf4,0xff,0x00,0x00,
        0x00,0x00,0xfc,0xff,0xfc,0xff,0xa8,0xfe,0x40,0xfd,0xc0,0xff,0xd1,0xff,0x00,0x00,
        0x00,0x00,0xfc,0x55,0x7c,0x55,0x54,0xd5,0x00,0xf4,0x01,0xfd,0x47,0xff,0x00,0x00,
        0x00,0x00,0xfc,0x01,0x7c,0x00,0x3c,0x40,0x11,0xd0,0x0f,0xf4,0x1f,0xfd,0x00,0x00,
        0x00,0x00,0xfd,0x01,0x7d,0x00,0x7d,0x00,0x73,0x40,0x3f,0xd0,0x7f,0xf4,0x00,0x00,
        0x00,0x00,0xff,0x01,0xff,0x00,0xff,0x00,0xf3,0x00,0xff,0x40,0xff,0xd1,0x00,0x00,
        0x00,0x00,0xff,0x01,0xff,0x01,0xff,0x01,0xf3,0x01,0xff,0x01,0xff,0x47,0x00,0x00,
        0x00,0x00,0xff,0x03,0xff,0x03,0xff,0x03,0xf3,0x03,0xff,0x07,0xff,0x1f,0x00,0x00,
        0x00,0x00,0xfc,0xff,0xfc,0xff,0x54,0xfd,0xd0,0xff,0xf4,0xff,0xf0,0xff,0x00,0x00,
        0x00,0x00,0xfc,0xff,0xfc,0xff,0x54,0xfd,0x50,0xfd,0xd0,0xff,0xc4,0xff,0x00,0x00,
        0x00,0x00,0xfc,0x57,0xfc,0x55,0x54,0xd5,0x50,0xf5,0x45,0xfd,0x13,0xff,0x00,0x00,
        0x00,0x00,0xfc,0x07,0xfc,0x01,0x7c,0x40,0x51,0xd0,0x1f,0xf4,0x4f,0xfc,0x00,0x00,
        0x00,0x00,0xfd,0x07,0xfd,0x01,0x7d,0x00,0x73,0x40,0x7f,0xd0,0x3f,0xf0,0x00,0x00,
        0x00,0x00,0xff,0x07,0xff,0x01,0xff,0x00,0xf3,0x00,0xff,0x40,0xff,0xc0,0x00,0x00,
        0x00,0x00,0xff,0x07,0xff,0x01,0xff,0x01,0xf3,0x01,0xff,0x01,0xff,0x03,0x00,0x00,
        0x00,0x00,0xff,0x07,0xff,0x03,0xff,0x03,0xf3,0x03,0xff,0x07,0xff,0x0f,0x00,0x00,
        0x00,0x00,0xf5,0xff,0xff,0xff,0xff,0xff,0xcf,0xff,0xff,0xff,0xff,0xff,0x00,0x00,
        0x00,0x00,0xd5,0xff,0xff,0xff,0xff,0xff,0xcf,0xff,0xff,0xff,0xff,0xff,0x00,0x00,
        0x00,0x00,0x57,0xff,0xff,0xff,0xff,0xff,0xcf,0xff,0xff,0xff,0xff,0xff,0x00,0x00,
        0x00,0x00,0x5f,0xfd,0xff,0xff,0xff,0xff,0xcf,0xff,0xff,0xff,0xff,0xff,0x00,0x00,
        0x00,0x00,0x7f,0xf5,0xff,0xff,0xff,0xff,0xcf,0xff,0xff,0xff,0xff,0xff,0x00,0x00,
        0x00,0x00,0xff,0xd5,0xff,0xff,0xff,0xff,0xcf,0xff,0xff,0xff,0xff,0xff,0x00,0x00,
        0x00,0x00,0xff,0x57,0xff,0xff,0xff,0xff,0xcf,0xff,0xff,0xff,0xff,0xff,0x00,0x00,
        0x00,0x00,0xff,0x5f,0xff,0xff,0xff,0xff,0xcf,0xff,0xff,0xff,0xff,0xff,0x00,0x00,
        0x00,0x00,0xf4,0xff,0xf5,0xff,0xff,0xff,0xcf,0xff,0xff,0xff,0xff,0xff,0x00,0x00,
        0x00,0x00,0xd1,0xff,0xd5,0xff,0xff,0xff,0xcf,0xff,0xff,0xff,0xff,0xff,0x00,0x00,
        0x00,0x00,0x47,0xff,0x55,0x55,0xff,0xff,0xcf,0xff,0xff,0xff,0xff,0xff,0x00,0x00,
        0x00,0x00,0x1f,0x5d,0x5f,0x55,0xff,0xff,0xcf,0xff,0xff,0xff,0xff,0xff,0x00,0x00,
        0x00,0x00,0x7f,0x54,0x7f,0x55,0xff,0xff,0xcf,0xff,0xff,0xff,0xff,0xff,0x00,0x00,
        0x00,0x00,0xff,0x51,0xff,0x55,0xff,0xff,0xcf,0xff,0xff,0xff,0xff,0xff,0x00,0x00,
        0x00,0x00,0xff,0x47,0xff,0x57,0xff,0xff,0xcf,0xff,0xff,0xff,0xff,0xff,0x00,0x00,
        0x00,0x00,0xff,0x1f,0xff,0x57,0xff,0xff,0xcf,0xff,0xff,0xff,0xff,0xff,0x00,0x00,
        0x00,0x00,0xf0,0xff,0xf4,0xff,0xfd,0xff,0xcf,0xff,0xff,0xff,0xff,0xff,0x00,0x00,
        0x00,0x00,0xc0,0xff,0xd0,0xff,0xfd,0xff,0xcf,0xff,0xff,0xff,0xff,0xff,0x00,0x00,
        0x00,0x00,0x03,0xff,0x45,0x55,0xff,0xff,0xcf,0xff,0xff,0xff,0xff,0xff,0x00,0x00,
        0x00,0x00,0x0f,0x54,0x1f,0x00,0xff,0x55,0xcf,0xff,0xff,0xff,0xff,0xff,0x00,0x00,
        0x00,0x00,0x3f,0x00,0x7f,0x00,0xff,0x55,0xcf,0xff,0xff,0xff,0xff,0xff,0x00,0x00,
        0x00,0x00,0xff,0x00,0xff,0x01,0xff,0x55,0xcf,0xff,0xff,0xff,0xff,0xff,0x00,0x00,
        0x00,0x00,0xff,0x03,0xff,0x03,0xff,0x57,0xcf,0xff,0xff,0xff,0xff,0xff,0x00,0x00,
        0x00,0x00,0xff,0x07,0xff,0x07,0xff,0x57,0xcf,0xff,0xff,0xff,0xff,0xff,0x00,0x00,
        0x00,0x00,0xf4,0xff,0xf0,0xff,0xfc,0xff,0xcd,0xff,0xff,0xff,0xff,0xff,0x00,0x00,
        0x00,0x00,0x00,0x00,0x00,0x00,0x00,0x00,0x00,0x00,0x00,0x00,0x00,0x00,0x00,0x00,
        0x00,0x00,0x00,0x00,0x00,0x00,0x00,0x00,0x00,0x00,0x00,0x00,0x00,0x00,0x00,0x00,
        0x00,0x00,0x00,0x00,0x00,0x00,0x00,0x00,0x00,0x00,0x00,0x00,0x00,0x00,0x00,0x00,
        0x00,0x00,0x7f,0x00,0x3f,0x00,0xff,0x00,0xcf,0x55,0xff,0xff,0xff,0xff,0x00,0x00,
        0x00,0x00,0xff,0x01,0xff,0x00,0xff,0x01,0xcf,0x55,0xff,0xff,0xff,0xff,0x00,0x00,
        0x00,0x00,0xff,0x03,0xff,0x03,0xff,0x03,0xcf,0x57,0xff,0xff,0xff,0xff,0x00,0x00,
        0x00,0x00,0xff,0x07,0xff,0x07,0xff,0x07,0xcf,0x57,0xff,0xff,0xff,0xff,0x00,0x00,
        0x00,0x00,0xfc,0xff,0xfc,0xff,0xf8,0xff,0xcc,0xff,0xfd,0xff,0xff,0xff,0x00,0x00,
        0x00,0x00,0x00,0x00,0x00,0x00,0x00,0x00,0x00,0x00,0x00,0x00,0x00,0x00,0x00,0x00,
        0x00,0x00,0x00,0x00,0x00,0x00,0x00,0x00,0x00,0x00,0x00,0x00,0x00,0x00,0x00,0x00,
        0x00,0x00,0x00,0x00,0x00,0x00,0x00,0x00,0x00,0x00,0x00,0x00,0x00,0x00,0x00,0x00,
        0x00,0x00,0xff,0x00,0xff,0x00,0xbf,0x00,0xcf,0x40,0xff,0xd5,0xff,0xff,0x00,0x00,
        0x00,0x00,0xff,0x01,0xff,0x01,0xff,0x00,0xcf,0x01,0xff,0x55,0xff,0xff,0x00,0x00,
        0x00,0x00,0xff,0x03,0xff,0x03,0xff,0x03,0xcf,0x03,0xff,0x57,0xff,0xff,0x00,0x00,
        0x00,0x00,0xff,0x07,0xff,0x07,0xff,0x07,0xcf,0x07,0xff,0x57,0xff,0xff,0x00,0x00,
        0x00,0x00,0xfc,0xff,0xfc,0xff,0xfc,0xff,0xc0,0xff,0xf4,0xff,0xf5,0xff,0x00,0x00,
        0x00,0x00,0x00,0x00,0x00,0x00,0x00,0x00,0x00,0x00,0x00,0x00,0x00,0x00,0x00,0x00,
        0x00,0x00,0x00,0x00,0x00,0x00,0x00,0x00,0x00,0x00,0x00,0x00,0x00,0x00,0x00,0x00,
        0x00,0x00,0x00,0x00,0x00,0x00,0x00,0x00,0x00,0x00,0x00,0x00,0x00,0x00,0x00,0x00,
        0x00,0x00,0xfd,0x01,0xfd,0x00,0xfd,0x00,0x0f,0x40,0x7f,0xd0,0x7f,0xf5,0x00,0x00,
        0x00,0x00,0xff,0x01,0xff,0x01,0xff,0x01,0xcf,0x00,0xff,0x41,0xff,0xd5,0x00,0x00,
        0x00,0x00,0xff,0x03,0xff,0x03,0xff,0x03,0xcf,0x03,0xff,0x03,0xff,0x57,0x00,0x00,
        0x00,0x00,0xff,0x07,0xff,0x07,0xff,0x07,0xcf,0x07,0xff,0x07,0xff,0x5f,0x00,0x00,
        0x00,0x00,0xfc,0xff,0xfc,0xff,0xfc,0xff,0xc4,0xff,0xf0,0xff,0xf4,0xff,0x00,0x00,
        0x00,0x00,0xfc,0xff,0xfc,0xff,0x54,0xf5,0x40,0xff,0xc0,0xff,0xd1,0xff,0x00,0x00,
        0x00,0x00,0xfc,0x7f,0xfc,0x7f,0xa8,0xfa,0x00,0xf5,0x01,0xff,0x47,0xff,0x00,0x00,
        0x00,0x00,0xfc,0x17,0xfc,0x15,0x54,0x55,0x05,0xd0,0x0f,0xf4,0x1f,0xfd,0x00,0x00,
        0x00,0x00,0xfd,0x07,0xfd,0x01,0xfd,0x00,0x4f,0x40,0x3f,0xd0,0x7f,0xf4,0x00,0x00,
        0x00,0x00,0xff,0x07,0xff,0x01,0xff,0x01,0xcf,0x01,0xff,0x40,0xff,0xd1,0x00,0x00,
        0x00,0x00,0xff,0x07,0xff,0x03,0xff,0x03,0xcf,0x03,0xff,0x03,0xff,0x47,0x00,0x00,
        0x00,0x00,0xff,0x07,0xff,0x07,0xff,0x07,0xcf,0x07,0xff,0x07,0xff,0x1f,0x00,0x00,
        0x00,0x00,0xfc,0xff,0xfc,0xff,0xfc,0xff,0xc4,0xff,0xf4,0xff,0xf0,0xff,0x00,0x00,
        0x00,0x00,0xfc,0xff,0xfc,0xff,0x54,0xf5,0x44,0xff,0xd0,0xff,0xc4,0xff,0x00,0x00,
        0x00,0x00,0xfc,0x7f,0xfc,0x7f,0x54,0xf5,0x44,0xf5,0x45,0xff,0x13,0xff,0x00,0x00,
        0x00,0x00,0xfc,0x1f,0xfc,0x17,0x54,0x55,0x45,0xd5,0x1f,0xf5,0x4f,0xfc,0x00,0x00,
        0x00,0x00,0xfd,0x1f,0xfd,0x07,0xfd,0x01,0x4f,0x41,0x7f,0xd0,0x3f,0xf1,0x00,0x00,
        0x00,0x00,0xff,0x1f,0xff,0x07,0xff,0x01,0xcf,0x01,0xff,0x41,0xff,0xc0,0x00,0x00,
        0x00,0x00,0xff,0x1f,0xff,0x07,0xff,0x03,0xcf,0x03,0xff,0x03,0xff,0x03,0x00,0x00,
        0x00,0x00,0xff,0x1f,0xff,0x07,0xff,0x07,0xcf,0x07,0xff,0x07,0xff,0x0f,0x00,0x00,
        0x00,0x00,0xf5,0xff,0xff,0xff,0xff,0xff,0x3f,0xff,0xff,0xff,0xff,0xff,0x00,0x00,
        0x00,0x00,0xd5,0xff,0xff,0xff,0xff,0xff,0x3f,0xff,0xff,0xff,0xff,0xff,0x00,0x00,
        0x00,0x00,0x57,0xff,0xff,0xff,0xff,0xff,0x3f,0xff,0xff,0xff,0xff,0xff,0x00,0x00,
        0x00,0x00,0x5f,0xfd,0xff,0xff,0xff,0xff,0x3f,0xff,0xff,0xff,0xff,0xff,0x00,0x00,
        0x00,0x00,0x7f,0xf5,0xff,0xff,0xff,0xff,0x3f,0xff,0xff,0xff,0xff,0xff,0x00,0x00,
        0x00,0x00,0xff,0xd5,0xff,0xff,0xff,0xff,0x3f,0xff,0xff,0xff,0xff,0xff,0x00,0x00,
        0x00,0x00,0xff,0x57,0xff,0xff,0xff,0xff,0x3f,0xff,0xff,0xff,0xff,0xff,0x00,0x00,
        0x00,0x00,0xff,0x5f,0xff,0xff,0xff,0xff,0x3f,0xff,0xff,0xff,0xff,0xff,0x00,0x00,
        0x00,0x00,0xf4,0xff,0xf5,0xff,0xff,0xff,0x3f,0xff,0xff,0xff,0xff,0xff,0x00,0x00,
        0x00,0x00,0xd1,0xff,0xd5,0xff,0xff,0xff,0x3f,0xff,0xff,0xff,0xff,0xff,0x00,0x00,
        0x00,0x00,0x47,0xff,0x55,0xff,0xff,0xff,0x3f,0xff,0xff,0xff,0xff,0xff,0x00,0x00,
        0x00,0x00,0x1f,0xfd,0x55,0x55,0xff,0xff,0x3f,0xff,0xff,0xff,0xff,0xff,0x00,0x00,
        0x00,0x00,0x7f,0x74,0x7f,0x55,0xff,0xff,0x3f,0xff,0xff,0xff,0xff,0xff,0x00,0x00,
        0x00,0x00,0xff,0x51,0xff,0x55,0xff,0xff,0x3f,0xff,0xff,0xff,0xff,0xff,0x00,0x00,
        0x00,0x00,0xff,0x47,0xff,0x57,0xff,0xff,0x3f,0xff,0xff,0xff,0xff,0xff,0x00,0x00,
        0x00,0x00,0xff,0x1f,0xff,0x5f,0xff,0xff,0x3f,0xff,0xff,0xff,0xff,0xff,0x00,0x00,
        0x00,0x00,0xf0,0xff,0xf4,0xff,0xf5,0xff,0x3f,0xff,0xff,0xff,0xff,0xff,0x00,0x00,
        0x00,0x00,0xc0,0xff,0xd0,0xff,0xf5,0xff,0x3f,0xff,0xff,0xff,0xff,0xff,0x00,0x00,
        0x00,0x00,0x01,0xff,0x40,0xff,0xf5,0xff,0x3f,0xff,0xff,0xff,0xff,0xff,0x00,0x00,
        0x00,0x00,0x0f,0xfc,0x15,0x55,0xff,0xff,0x3f,0xff,0xff,0xff,0xff,0xff,0x00,0x00,
        0x00,0x00,0x3f,0x50,0x7f,0x00,0xff,0x57,0x3f,0xff,0xff,0xff,0xff,0xff,0x00,0x00,
        0x00,0x00,0xff,0x00,0xff,0x01,0xff,0x57,0x3f,0xff,0xff,0xff,0xff,0xff,0x00,0x00,
        0x00,0x00,0xff,0x03,0xff,0x07,0xff,0x57,0x3f,0xff,0xff,0xff,0xff,0xff,0x00,0x00,
        0x00,0x00,0xff,0x0f,0xff,0x0f,0xff,0x5f,0x3f,0xff,0xff,0xff,0xff,0xff,0x00,0x00,
        0x00,0x00,0xf4,0xff,0xf0,0xff,0xf4,0xff,0x35,0xff,0xff,0xff,0xff,0xff,0x00,0x00,
        0x00,0x00,0xd0,0xff,0xc0,0xff,0xf0,0xff,0x35,0xff,0xff,0xff,0xff,0xff,0x00,0x00,
        0x00,0x00,0x00,0x00,0x00,0x00,0x00,0x00,0x00,0x00,0x00,0x00,0x00,0x00,0x00,0x00,
        0x00,0x00,0x00,0x00,0x00,0x00,0x00,0x00,0x00,0x00,0x00,0x00,0x00,0x00,0x00,0x00,
        0x00,0x00,0x00,0x00,0x00,0x00,0x00,0x00,0x00,0x00,0x00,0x00,0x00,0x00,0x00,0x00,
        0x00,0x00,0xff,0x01,0xff,0x00,0xff,0x03,0x3f,0x57,0xff,0xff,0xff,0xff,0x00,0x00,
        0x00,0x00,0xff,0x07,0xff,0x03,0xff,0x07,0x3f,0x57,0xff,0xff,0xff,0xff,0x00,0x00,
        0x00,0x00,0xff,0x0f,0xff,0x0f,0xff,0x0f,0x3f,0x5f,0xff,0xff,0xff,0xff,0x00,0x00,
        0x00,0x00,0xf4,0xff,0xf4,0xff,0xf0,0xff,0x34,0xff,0xf5,0xff,0xff,0xff,0x00,0x00,
        0x00,0x00,0xf0,0xff,0xf0,0xff,0xe0,0xff,0x30,0xff,0xf5,0xff,0xff,0xff,0x00,0x00,
        0x00,0x00,0x00,0x00,0x00,0x00,0x00,0x00,0x00,0x00,0x00,0x00,0x00,0x00,0x00,0x00,
        0x00,0x00,0x00,0x00,0x00,0x00,0x00,0x00,0x00,0x00,0x00,0x00,0x00,0x00,0x00,0x00,
        0x00,0x00,0x00,0x00,0x00,0x00,0x00,0x00,0x00,0x00,0x00,0x00,0x00,0x00,0x00,0x00,
        0x00,0x00,0xff,0x03,0xff,0x03,0xff,0x02,0x3f,0x03,0xff,0x57,0xff,0xff,0x00,0x00,
        0x00,0x00,0xff,0x07,0xff,0x07,0xff,0x03,0x3f,0x07,0xff,0x57,0xff,0xff,0x00,0x00,
        0x00,0x00,0xff,0x0f,0xff,0x0f,0xff,0x0f,0x3f,0x0f,0xff,0x5f,0xff,0xff,0x00,0x00,
        0x00,0x00,0xf4,0xff,0xf4,0xff,0xf4,0xff,0x30,0xff,0xf4,0xff,0xf5,0xff,0x00,0x00,
        0x00,0x00,0xf4,0xff,0xf0,0xff,0xf0,0xff,0x00,0xff,0xd0,0xff,0xd5,0xff,0x00,0x00,
        0x00,0x00,0x00,0x00,0x00,0x00,0x00,0x00,0x00,0x00,0x00,0x00,0x00,0x00,0x00,0x00,
        0x00,0x00,0x00,0x00,0x00,0x00,0x00,0x00,0x00,0x00,0x00,0x00,0x00,0x00,0x00,0x00,
        0x00,0x00,0x00,0x00,0x00,0x00,0x00,0x00,0x00,0x00,0x00,0x00,0x00,0x00,0x00,0x00,
        0x00,0x00,0xff,0x07,0xff,0x03,0xff,0x03,0x3f,0x00,0xff,0x41,0xff,0xd5,0x00,0x00,
        0x00,0x00,0xff,0x07,0xff,0x07,0xff,0x07,0x3f,0x03,0xff,0x07,0xff,0x57,0x00,0x00,
        0x00,0x00,0xff,0x0f,0xff,0x0f,0xff,0x0f,0x3f,0x0f,0xff,0x0f,0xff,0x5f,0x00,0x00,
        0x00,0x00,0xfc,0xff,0xf4,0xff,0xf4,0xff,0x34,0xff,0xf0,0xff,0xf4,0xff,0x00,0x00,
        0x00,0x00,0xfc,0xff,0xf4,0xff,0xf0,0xff,0x10,0xff,0xc0,0xff,0xd1,0xff,0x00,0x00,
        0x00,0x00,0xfc,0x7f,0xf4,0x7f,0x54,0xd5,0x00,0xfd,0x01,0xff,0x47,0xff,0x00,0x00,
        0x00,0x00,0xfc,0x3f,0xfc,0x3f,0xa8,0x6a,0x05,0xd4,0x0f,0xfc,0x1f,0xfd,0x00,0x00,
        0x00,0x00,0xfd,0x1f,0xfd,0x17,0x55,0x15,0x1f,0x40,0x3f,0xd0,0x7f,0xf4,0x00,0x00,
        0x00,0x00,0xff,0x1f,0xff,0x07,0xff,0x03,0x3f,0x01,0xff,0x40,0xff,0xd1,0x00,0x00,
        0x00,0x00,0xff,0x1f,0xff,0x07,0xff,0x07,0x3f,0x07,0xff,0x03,0xff,0x47,0x00,0x00,
        0x00,0x00,0xff,0x1f,0xff,0x0f,0xff,0x0f,0x3f,0x0f,0xff,0x0f,0xff,0x1f,0x00,0x00,
        0x00,0x00,0xfc,0xff,0xfc,0xff,0xf4,0xff,0x34,0xff,0xf4,0xff,0xf0,0xff,0x00,0x00,
        0x00,0x00,0xfc,0xff,0xfc,0xff,0xf4,0xff,0x14,0xff,0xd0,0xff,0xc4,0xff,0x00,0x00,
        0x00,0x00,0xfc,0x7f,0xfc,0x7f,0x54,0xd5,0x14,0xfd,0x45,0xff,0x13,0xff,0x00,0x00,
        0x00,0x00,0xfc,0x3f,0xfc,0x3f,0x54,0x55,0x15,0xd5,0x1f,0xfd,0x4f,0xfc,0x00,0x00,
        0x00,0x00,0xfd,0x3f,0xfd,0x1f,0x55,0x15,0x1f,0x55,0x7f,0xd4,0x3f,0xf1,0x00,0x00,
        0x00,0x00,0xff,0x3f,0xff,0x1f,0xff,0x07,0x3f,0x05,0xff,0x41,0xff,0xc4,0x00,0x00,
        0x00,0x00,0xff,0x3f,0xff,0x1f,0xff,0x07,0x3f,0x07,0xff,0x07,0xff,0x03,0x00,0x00,
        0x00,0x00,0xff,0x3f,0xff,0x1f,0xff,0x0f,0x3f,0x0f,0xff,0x0f,0xff,0x0f,0x00,0x00,
        0x00,0x00,0xf5,0xff,0xff,0xff,0xff,0xff,0xff,0xfc,0xff,0xff,0xff,0xff,0x00,0x00,
        0x00,0x00,0xd5,0xff,0xff,0xff,0xff,0xff,0xff,0xfc,0xff,0xff,0xff,0xff,0x00,0x00,
        0x00,0x00,0x57,0xff,0xff,0xff,0xff,0xff,0xff,0xfc,0xff,0xff,0xff,0xff,0x00,0x00,
        0x00,0x00,0x5f,0xfd,0xff,0xff,0xff,0xff,0xff,0xfc,0xff,0xff,0xff,0xff,0x00,0x00,
        0x00,0x00,0x7f,0xf5,0xff,0xff,0xff,0xff,0xff,0xfc,0xff,0xff,0xff,0xff,0x00,0x00,
        0x00,0x00,0xff,0xd5,0xff,0xff,0xff,0xff,0xff,0xfc,0xff,0xff,0xff,0xff,0x00,0x00,
        0x00,0x00,0xff,0x57,0xff,0xff,0xff,0xff,0xff,0xfc,0xff,0xff,0xff,0xff,0x00,0x00,
        0x00,0x00,0xff,0x5f,0xff,0xff,0xff,0xff,0xff,0xfc,0xff,0xff,0xff,0xff,0x00,0x00,
        0x00,0x00,0xf4,0xff,0xf5,0xff,0xff,0xff,0xff,0xfc,0xff,0xff,0xff,0xff,0x00,0x00,
        0x00,0x00,0xd1,0xff,0xd5,0xff,0xff,0xff,0xff,0xfc,0xff,0xff,0xff,0xff,0x00,0x00,
        0x00,0x00,0x45,0xff,0x55,0xff,0xff,0xff,0xff,0xfc,0xff,0xff,0xff,0xff,0x00,0x00,
        0x00,0x00,0x1d,0xfd,0x55,0xfd,0xff,0xff,0xff,0xfc,0xff,0xff,0xff,0xff,0x00,0x00,
        0x00,0x00,0x7f,0xf4,0x55,0x55,0xff,0xff,0xff,0xfc,0xff,0xff,0xff,0xff,0x00,0x00,
        0x00,0x00,0xff,0xd1,0xff,0x55,0xff,0xff,0xff,0xfc,0xff,0xff,0xff,0xff,0x00,0x00,
        0x00,0x00,0xff,0x47,0xff,0x57,0xff,0xff,0xff,0xfc,0xff,0xff,0xff,0xff,0x00,0x00,
        0x00,0x00,0xff,0x1f,0xff,0x5f,0xff,0xff,0xff,0xfc,0xff,0xff,0xff,0xff,0x00,0x00,
        0x00,0x00,0xf0,0xff,0xf0,0xff,0xf5,0xff,0xff,0xfc,0xff,0xff,0xff,0xff,0x00,0x00,
        0x00,0x00,0xc0,0xff,0xd0,0xff,0xd5,0xff,0xff,0xfc,0xff,0xff,0xff,0xff,0x00,0x00,
        0x00,0x00,0x00,0xff,0x40,0xff,0xd5,0xff,0xff,0xfc,0xff,0xff,0xff,0xff,0x00,0x00,
        0x00,0x00,0x05,0xfc,0x00,0xfd,0xd5,0xff,0xff,0xfc,0xff,0xff,0xff,0xff,0x00,0x00,
        0x00,0x00,0x3f,0xf0,0x55,0x54,0xff,0xff,0xff,0xfc,0xff,0xff,0xff,0xff,0x00,0x00,
        0x00,0x00,0xff,0x40,0xff,0x01,0xff,0x5f,0xff,0xfc,0xff,0xff,0xff,0xff,0x00,0x00,
        0x00,0x00,0xff,0x03,0xff,0x07,0xff,0x5f,0xff,0xfc,0xff,0xff,0xff,0xff,0x00,0x00,
        0x00,0x00,0xff,0x0f,0xff,0x1f,0xff,0x5f,0xff,0xfc,0xff,0xff,0xff,0xff,0x00,0x00,
        0x00,0x00,0xf0,0xff,0xf0,0xff,0xf0,0xff,0xf5,0xfc,0xff,0xff,0xff,0xff,0x00,0x00,
        0x00,0x00,0xd0,0xff,0xc0,0xff,0xd0,0xff,0xd5,0xfc,0xff,0xff,0xff,0xff,0x00,0x00,
        0x00,0x00,0x40,0xff,0x00,0xff,0xc0,0xff,0xd5,0xfc,0xff,0xff,0xff,0xff,0x00,0x00,
        0x00,0x00,0x00,0x00,0x00,0x00,0x00,0x00,0x00,0x00,0x00,0x00,0x00,0x00,0x00,0x00,
        0x00,0x00,0x00,0x00,0x00,0x00,0x00,0x00,0x00,0x00,0x00,0x00,0x00,0x00,0x00,0x00,
        0x00,0x00,0x00,0x00,0x00,0x00,0x00,0x00,0x00,0x00,0x00,0x00,0x00,0x00,0x00,0x00,
        0x00,0x00,0xff,0x07,0xff,0x03,0xff,0x0f,0xff,0x5c,0xff,0xff,0xff,0xff,0x00,0x00,
        0x00,0x00,0xff,0x1f,0xff,0x0f,0xff,0x1f,0xff,0x5c,0xff,0xff,0xff,0xff,0x00,0x00,
        0x00,0x00,0xf0,0xff,0xf0,0xff,0xf0,0xff,0xf0,0xfc,0xf5,0xff,0xff,0xff,0x00,0x00,
        0x00,0x00,0xd0,0xff,0xd0,0xff,0xc0,0xff,0xd0,0xfc,0xd5,0xff,0xff,0xff,0x00,0x00,
        0x00,0x00,0xc0,0xff,0xc0,0xff,0x80,0xff,0xc0,0xfc,0xd5,0xff,0xff,0xff,0x00,0x00,
        0x00,0x00,0x00,0x00,0x00,0x00,0x00,0x00,0x00,0x00,0x00,0x00,0x00,0x00,0x00,0x00,
        0x00,0x00,0x00,0x00,0x00,0x00,0x00,0x00,0x00,0x00,0x00,0x00,0x00,0x00,0x00,0x00,
        0x00,0x00,0x00,0x00,0x00,0x00,0x00,0x00,0x00,0x00,0x00,0x00,0x00,0x00,0x00,0x00,
        0x00,0x00,0xff,0x0f,0xff,0x0f,0xff,0x0b,0xff,0x0c,0xff,0x5f,0xff,0xff,0x00,0x00,
        0x00,0x00,0xff,0x1f,0xff,0x1f,0xff,0x0f,0xff,0x1c,0xff,0x5f,0xff,0xff,0x00,0x00,
        0x00,0x00,0xf0,0xff,0xf0,0xff,0xf0,0xff,0xf0,0xfc,0xf0,0xff,0xf5,0xff,0x00,0x00,
        0x00,0x00,0xd0,0xff,0xd0,0xff,0xd0,0xff,0xc0,0xfc,0xd0,0xff,0xd5,0xff,0x00,0x00,
        0x00,0x00,0xd0,0xff,0xc0,0xff,0xc0,0xff,0x00,0xfc,0x41,0xff,0x57,0xff,0x00,0x00,
        0x00,0x00,0x00,0x00,0x00,0x00,0x00,0x00,0x00,0x00,0x00,0x00,0x00,0x00,0x00,0x00,
        0x00,0x00,0x00,0x00,0x00,0x00,0x00,0x00,0x00,0x00,0x00,0x00,0x00,0x00,0x00,0x00,
        0x00,0x00,0x00,0x00,0x00,0x00,0x00,0x00,0x00,0x00,0x00,0x00,0x00,0x00,0x00,0x00,
        0x00,0x00,0xff,0x1f,0xff,0x0f,0xff,0x0f,0xff,0x00,0xff,0x07,0xff,0x57,0x00,0x00,
        0x00,0x00,0xff,0x1f,0xff,0x1f,0xff,0x1f,0xff,0x0c,0xff,0x1f,0xff,0x5f,0x00,0x00,
        0x00,0x00,0xf4,0xff,0xf0,0xff,0xf0,0xff,0xf0,0xfc,0xf0,0xff,0xf4,0xff,0x00,0x00,
        0x00,0x00,0xf4,0xff,0xd0,0xff,0xd0,0xff,0xd0,0xfc,0xc0,0xff,0xd1,0xff,0x00,0x00,
        0x00,0x00,0xf4,0xff,0xd0,0xff,0xc0,0xff,0x40,0xfc,0x01,0xff,0x47,0xff,0x00,0x00,
        0x00,0x00,0xf4,0x7f,0xd4,0x7f,0x54,0x55,0x01,0xf4,0x07,0xfc,0x1f,0xfd,0x00,0x00,
        0x00,0x00,0xfc,0x3f,0xfc,0x3f,0xa9,0x2a,0x17,0x50,0x3f,0xf0,0x7f,0xf4,0x00,0x00,
        0x00,0x00,0xfd,0x3f,0xfd,0x1f,0x57,0x15,0x7f,0x00,0xff,0x40,0xff,0xd1,0x00,0x00,
        0x00,0x00,0xff,0x3f,0xff,0x1f,0xff,0x0f,0xff,0x04,0xff,0x03,0xff,0x47,0x00,0x00,
        0x00,0x00,0xff,0x3f,0xff,0x1f,0xff,0x1f,0xff,0x1c,0xff,0x0f,0xff,0x1f,0x00,0x00,
        0x00,0x00,0xfc,0xff,0xf4,0xff,0xf0,0xff,0xf0,0xfc,0xf0,0xff,0xf0,0xff,0x00,0x00,
        0x00,0x00,0xfc,0xff,0xf4,0xff,0xd0,0xff,0xd0,0xfc,0xd0,0xff,0xc0,0xff,0x00,0x00,
        0x00,0x00,0xfc,0xff,0xf4,0xff,0xd0,0xff,0x50,0xfc,0x41,0xff,0x13,0xff,0x00,0x00,
        0x00,0x00,0xfc,0x7f,0xf4,0x7f,0x54,0x55,0x55,0xf4,0x17,0xfd,0x4f,0xfc,0x00,0x00,
        0x00,0x00,0xfc,0x3f,0xfc,0x3f,0x55,0x15,0x57,0x54,0x7f,0xf4,0x3f,0xf1,0x00,0x00,
        0x00,0x00,0xfd,0x3f,0xfd,0x3f,0x57,0x15,0x7f,0x14,0xff,0x51,0xff,0xc4,0x00,0x00,
        0x00,0x00,0xff,0x3f,0xff,0x3f,0xff,0x1f,0xff,0x14,0xff,0x07,0xff,0x13,0x00,0x00,
        0x00,0x00,0xff,0x3f,0xff,0x3f,0xff,0x1f,0xff,0x1c,0xff,0x1f,0xff,0x0f,0x00,0x00,
        0x00,0x00,0xf5,0xff,0xff,0xff,0xff,0xff,0xff,0xf3,0xff,0xff,0xff,0xff,0x00,0x00,
        0x00,0x00,0xd5,0xff,0xff,0xff,0xff,0xff,0xff,0xf3,0xff,0xff,0xff,0xff,0x00,0x00,
        0x00,0x00,0x57,0xff,0xff,0xff,0xff,0xff,0xff,0xf3,0xff,0xff,0xff,0xff,0x00,0x00,
        0x00,0x00,0x5f,0xfd,0xff,0xff,0xff,0xff,0xff,0xf3,0xff,0xff,0xff,0xff,0x00,0x00,
        0x00,0x00,0x7f,0xf5,0xff,0xff,0xff,0xff,0xff,0xf3,0xff,0xff,0xff,0xff,0x00,0x00,
        0x00,0x00,0xff,0xd5,0xff,0xff,0xff,0xff,0xff,0xf3,0xff,0xff,0xff,0xff,0x00,0x00,
        0x00,0x00,0xff,0x57,0xff,0xff,0xff,0xff,0xff,0xf3,0xff,0xff,0xff,0xff,0x00,0x00,
        0x00,0x00,0xff,0x5f,0xff,0xff,0xff,0xff,0xff,0xf3,0xff,0xff,0xff,0xff,0x00,0x00,
        0x00,0x00,0xf4,0xff,0xd5,0xff,0xff,0xff,0xff,0xf3,0xff,0xff,0xff,0xff,0x00,0x00,
        0x00,0x00,0xd1,0xff,0xd5,0xff,0xff,0xff,0xff,0xf3,0xff,0xff,0xff,0xff,0x00,0x00,
        0x00,0x00,0x45,0xff,0x55,0xff,0xff,0xff,0xff,0xf3,0xff,0xff,0xff,0xff,0x00,0x00,
        0x00,0x00,0x15,0xfd,0x55,0xfd,0xff,0xff,0xff,0xf3,0xff,0xff,0xff,0xff,0x00,0x00,
        0x00,0x00,0x75,0xf4,0x55,0xf5,0xff,0xff,0xff,0xf3,0xff,0xff,0xff,0xff,0x00,0x00,
        0x00,0x00,0xff,0xd1,0x55,0x55,0xff,0xff,0xff,0xf3,0xff,0xff,0xff,0xff,0x00,0x00,
        0x00,0x00,0xff,0x47,0xff,0x57,0xff,0xff,0xff,0xf3,0xff,0xff,0xff,0xff,0x00,0x00,
        0x00,0x00,0xff,0x1f,0xff,0x5f,0xff,0xff,0xff,0xf3,0xff,0xff,0xff,0xff,0x00,0x00,
        0x00,0x00,0xd0,0xff,0xd0,0xff,0xd5,0xff,0xff,0xf3,0xff,0xff,0xff,0xff,0x00,0x00,
        0x00,0x00,0xc0,0xff,0xc0,0xff,0xd5,0xff,0xff,0xf3,0xff,0xff,0xff,0xff,0x00,0x00,
        0x00,0x00,0x00,0xff,0x40,0xff,0x55,0xff,0xff,0xf3,0xff,0xff,0xff,0xff,0x00,0x00,
        0x00,0x00,0x00,0xfc,0x00,0xfd,0x55,0xff,0xff,0xf3,0xff,0xff,0xff,0xff,0x00,0x00,
        0x00,0x00,0x15,0xf0,0x00,0xf4,0x55,0xff,0xff,0xf3,0xff,0xff,0xff,0xff,0x00,0x00,
        0x00,0x00,0xff,0xc0,0x55,0x51,0xff,0xff,0xff,0xf3,0xff,0xff,0xff,0xff,0x00,0x00,
        0x00,0x00,0xff,0x03,0xff,0x07,0xff,0x7f,0xff,0xf3,0xff,0xff,0xff,0xff,0x00,0x00,
        0x00,0x00,0xff,0x0f,0xff,0x1f,0xff,0x7f,0xff,0xf3,0xff,0xff,0xff,0xff,0x00,0x00,
        0x00,0x00,0xd0,0xff,0xd0,0xff,0xd0,0xff,0xd5,0xf3,0xff,0xff,0xff,0xff,0x00,0x00,
        0x00,0x00,0xc0,0xff,0xc0,0xff,0xc0,0xff,0xd5,0xf3,0xff,0xff,0xff,0xff,0x00,0x00,
        0x00,0x00,0x40,0xff,0x00,0xff,0x40,0xff,0x55,0xf3,0xff,0xff,0xff,0xff,0x00,0x00,
        0x00,0x00,0x00,0xfd,0x00,0xfc,0x00,0xff,0x55,0xf3,0xff,0xff,0xff,0xff,0x00,0x00,
        0x00,0x00,0x00,0x00,0x00,0x00,0x00,0x00,0x00,0x00,0x00,0x00,0x00,0x00,0x00,0x00,
        0x00,0x00,0x00,0x00,0x00,0x00,0x00,0x00,0x00,0x00,0x00,0x00,0x00,0x00,0x00,0x00,
        0x00,0x00,0x00,0x00,0x00,0x00,0x00,0x00,0x00,0x00,0x00,0x00,0x00,0x00,0x00,0x00,
        0x00,0x00,0xff,0x1f,0xff,0x0f,0xff,0x3f,0xff,0x73,0xff,0xff,0xff,0xff,0x00,0x00,
        0x00,0x00,0xd0,0xff,0xd0,0xff,0xd0,0xff,0xd0,0xf3,0xd5,0xff,0xff,0xff,0x00,0x00,
        0x00,0x00,0xc0,0xff,0xc0,0xff,0xc0,0xff,0xc0,0xf3,0xd5,0xff,0xff,0xff,0x00,0x00,
        0x00,0x00,0x40,0xff,0x40,0xff,0x00,0xff,0x40,0xf3,0x55,0xff,0xff,0xff,0x00,0x00,
        0x00,0x00,0x00,0xff,0x00,0xff,0x00,0xfe,0x01,0xf3,0x57,0xff,0xff,0xff,0x00,0x00,
        0x00,0x00,0x00,0x00,0x00,0x00,0x00,0x00,0x00,0x00,0x00,0x00,0x00,0x00,0x00,0x00,
        0x00,0x00,0x00,0x00,0x00,0x00,0x00,0x00,0x00,0x00,0x00,0x00,0x00,0x00,0x00,0x00,
        0x00,0x00,0x00,0x00,0x00,0x00,0x00,0x00,0x00,0x00,0x00,0x00,0x00,0x00,0x00,0x00,
        0x00,0x00,0xff,0x3f,0xff,0x3f,0xff,0x2f,0xff,0x33,0xff,0x7f,0xff,0xff,0x00,0x00,
        0x00,0x00,0xd0,0xff,0xd0,0xff,0xd0,0xff,0xd0,0xf3,0xd0,0xff,0xf5,0xff,0x00,0x00,
        0x00,0x00,0xc0,0xff,0xc0,0xff,0xc0,0xff,0xc0,0xf3,0xc0,0xff,0xd5,0xff,0x00,0x00,
        0x00,0x00,0x40,0xff,0x40,0xff,0x40,0xff,0x00,0xf3,0x41,0xff,0x57,0xff,0x00,0x00,
        0x00,0x00,0x40,0x7f,0x00,0x7f,0x00,0x7f,0x01,0xf0,0x07,0xfd,0x5f,0xfd,0x00,0x00,
        0x00,0x00,0x00,0x00,0x00,0x00,0x00,0x00,0x00,0x00,0x00,0x00,0x00,0x00,0x00,0x00,
        0x00,0x00,0x00,0x00,0x00,0x00,0x00,0x00,0x00,0x00,0x00,0x00,0x00,0x00,0x00,0x00,
        0x00,0x00,0x00,0x00,0x00,0x00,0x00,0x00,0x00,0x00,0x00,0x00,0x00,0x00,0x00,0x00,
        0x00,0x00,0xff,0x3f,0xff,0x3f,0xff,0x3f,0xff,0x03,0xff,0x1f,0xff,0x5f,0x00,0x00,
        0x00,0x00,0xd0,0xff,0xd0,0xff,0xd0,0xff,0xd0,0xf3,0xd0,0xff,0xf4,0xff,0x00,0x00,
        0x00,0x00,0xd0,0xff,0xc0,0xff,0xc0,0xff,0xc0,0xf3,0xc0,0xff,0xd1,0xff,0x00,0x00,
        0x00,0x00,0xd0,0xff,0x40,0xff,0x40,0xff,0x40,0xf3,0x01,0xff,0x47,0xff,0x00,0x00,
        0x00,0x00,0xd0,0x7f,0x40,0x7f,0x00,0x7f,0x01,0xf1,0x07,0xfc,0x1f,0xfd,0x00,0x00,
        0x00,0x00,0xd4,0x3f,0x54,0x3f,0x55,0x15,0x07,0x50,0x1f,0xf0,0x7f,0xf4,0x00,0x00,
        0x00,0x00,0xfd,0x3f,0xfd,0x3f,0xaf,0x2a,0x5f,0x00,0xff,0x40,0xff,0xd1,0x00,0x00,
        0x00,0x00,0xff,0x3f,0xff,0x3f,0x5f,0x15,0xff,0x01,0xff,0x03,0xff,0x47,0x00,0x00,
        0x00,0x00,0xff,0x3f,0xff,0x3f,0xff,0x3f,0xff,0x13,0xff,0x0f,0xff,0x1f,0x00,0x00,
        0x00,0x00,0xf4,0xff,0xd0,0xff,0xd0,0xff,0xd0,0xf3,0xd0,0xff,0xf0,0xff,0x00,0x00,
        0x00,0x00,0xf4,0xff,0xd0,0xff,0xc0,0xff,0xc0,0xf3,0xc0,0xff,0xc0,0xff,0x00,0x00,
        0x00,0x00,0xf4,0xff,0xd0,0xff,0x40,0xff,0x40,0xf3,0x41,0xff,0x03,0xff,0x00,0x00,
        0x00,0x00,0xf4,0x7f,0xd0,0x7f,0x40,0x7f,0x41,0xf1,0x07,0xfd,0x4f,0xfc,0x00,0x00,
        0x00,0x00,0xf4,0x3f,0xd4,0x3f,0x55,0x15,0x57,0x51,0x5f,0xf4,0x3f,0xf1,0x00,0x00,
        0x00,0x00,0xfd,0x3f,0xfd,0x3f,0x5f,0x15,0x5f,0x11,0xff,0x51,0xff,0xc4,0x00,0x00,
        0x00,0x00,0xff,0x3f,0xff,0x3f,0x5f,0x15,0xff,0x11,0xff,0x07,0xff,0x13,0x00,0x00,
        0x00,0x00,0xff,0x3f,0xff,0x3f,0xff,0x3f,0xff,0x13,0xff,0x1f,0xff,0x0f,0x00,0x00,
        0x00,0x00,0xf5,0xff,0xff,0xff,0xff,0xff,0xff,0xcf,0xff,0xff,0xff,0xff,0x00,0x00,
        0x00,0x00,0xd5,0xff,0xff,0xff,0xff,0xff,0xff,0xcf,0xff,0xff,0xff,0xff,0x00,0x00,
        0x00,0x00,0x57,0xff,0xff,0xff,0xff,0xff,0xff,0xcf,0xff,0xff,0xff,0xff,0x00,0x00,
        0x00,0x00,0x5f,0xfd,0xff,0xff,0xff,0xff,0xff,0xcf,0xff,0xff,0xff,0xff,0x00,0x00,
        0x00,0x00,0x7f,0xf5,0xff,0xff,0xff,0xff,0xff,0xcf,0xff,0xff,0xff,0xff,0x00,0x00,
        0x00,0x00,0xff,0xd5,0xff,0xff,0xff,0xff,0xff,0xcf,0xff,0xff,0xff,0xff,0x00,0x00,
        0x00,0x00,0xff,0x57,0xff,0xff,0xff,0xff,0xff,0xcf,0xff,0xff,0xff,0xff,0x00,0x00,
        0x00,0x00,0xff,0x5f,0xff,0xff,0xff,0xff,0xff,0xcf,0xff,0xff,0xff,0xff,0x00,0x00,
        0x00,0x00,0xd4,0xff,0xd5,0xff,0xff,0xff,0xff,0xcf,0xff,0xff,0xff,0xff,0x00,0x00,
        0x00,0x00,0xd1,0xff,0x55,0xff,0xff,0xff,0xff,0xcf,0xff,0xff,0xff,0xff,0x00,0x00,
        0x00,0x00,0x45,0xff,0x55,0xff,0xff,0xff,0xff,0xcf,0xff,0xff,0xff,0xff,0x00,0x00,
        0x00,0x00,0x15,0xfd,0x55,0xfd,0xff,0xff,0xff,0xcf,0xff,0xff,0xff,0xff,0x00,0x00,
        0x00,0x00,0x55,0xf4,0x55,0xf5,0xff,0xff,0xff,0xcf,0xff,0xff,0xff,0xff,0x00,0x00,
        0x00,0x00,0xd5,0xd1,0x55,0xd5,0xff,0xff,0xff,0xcf,0xff,0xff,0xff,0xff,0x00,0x00,
        0x00,0x00,0xff,0x47,0x57,0x55,0xff,0xff,0xff,0xcf,0xff,0xff,0xff,0xff,0x00,0x00,
        0x00,0x00,0xff,0x1f,0xff,0x5f,0xff,0xff,0xff,0xcf,0xff,0xff,0xff,0xff,0x00,0x00,
        0x00,0x00,0xc0,0xff,0xc0,0xff,0xd5,0xff,0xff,0xcf,0xff,0xff,0xff,0xff,0x00,0x00,
        0x00,0x00,0x40,0xff,0x40,0xff,0x55,0xff,0xff,0xcf,0xff,0xff,0xff,0xff,0x00,0x00,
        0x00,0x00,0x00,0xff,0x00,0xff,0x55,0xff,0xff,0xcf,0xff,0xff,0xff,0xff,0x00,0x00,
        0x00,0x00,0x00,0xfc,0x00,0xfd,0x55,0xfd,0xff,0xcf,0xff,0xff,0xff,0xff,0x00,0x00,
        0x00,0x00,0x00,0xf0,0x00,0xf4,0x55,0xfd,0xff,0xcf,0xff,0xff,0xff,0xff,0x00,0x00,
        0x00,0x00,0x55,0xc0,0x01,0xd0,0x57,0xfd,0xff,0xcf,0xff,0xff,0xff,0xff,0x00,0x00,
        0x00,0x00,0xff,0x03,0x57,0x45,0xff,0xff,0xff,0xcf,0xff,0xff,0xff,0xff,0x00,0x00,
        0x00,0x00,0xff,0x0f,0xff,0x1f,0xff,0xff,0xff,0xcf,0xff,0xff,0xff,0xff,0x00,0x00,
        0x00,0x00,0xc0,0xff,0xc0,0xff,0xc0,0xff,0xd5,0xcf,0xff,0xff,0xff,0xff,0x00,0x00,
        0x00,0x00,0x40,0xff,0x40,0xff,0x40,0xff,0x55,0xcf,0xff,0xff,0xff,0xff,0x00,0x00,
        0x00,0x00,0x00,0xff,0x00,0xff,0x00,0xff,0x55,0xcf,0xff,0xff,0xff,0xff,0x00,0x00,
        0x00,0x00,0x00,0xfd,0x00,0xfc,0x00,0xfd,0x55,0xcd,0xff,0xff,0xff,0xff,0x00,0x00,
        0x00,0x00,0x00,0xf4,0x00,0xf0,0x01,0xfc,0x57,0xcd,0xff,0xff,0xff,0xff,0x00,0x00,
        0x00,0x00,0x00,0x00,0x00,0x00,0x00,0x00,0x00,0x00,0x00,0x00,0x00,0x00,0x00,0x00,
        0x00,0x00,0x00,0x00,0x00,0x00,0x00,0x00,0x00,0x00,0x00,0x00,0x00,0x00,0x00,0x00,
        0x00,0x00,0x00,0x00,0x00,0x00,0x00,0x00,0x00,0x00,0x00,0x00,0x00,0x00,0x00,0x00,
        0x00,0x00,0xc0,0xff,0xc0,0xff,0xc0,0xff,0xc0,0xcf,0xd5,0xff,0xff,0xff,0x00,0x00,
        0x00,0x00,0x40,0xff,0x40,0xff,0x40,0xff,0x40,0xcf,0x55,0xff,0xff,0xff,0x00,0x00,
        0x00,0x00,0x00,0xff,0x00,0xff,0x00,0xff,0x00,0xcf,0x55,0xff,0xff,0xff,0x00,0x00,
        0x00,0x00,0x00,0xfd,0x00,0xfd,0x00,0xfc,0x01,0xcd,0x57,0xfd,0xff,0xff,0x00,0x00,
        0x00,0x00,0x00,0xfc,0x00,0xfc,0x01,0xf8,0x07,0xcc,0x5f,0xfd,0xff,0xff,0x00,0x00,
        0x00,0x00,0x00,0x00,0x00,0x00,0x00,0x00,0x00,0x00,0x00,0x00,0x00,0x00,0x00,0x00,
        0x00,0x00,0x00,0x00,0x00,0x00,0x00,0x00,0x00,0x00,0x00,0x00,0x00,0x00,0x00,0x00,
        0x00,0x00,0x00,0x00,0x00,0x00,0x00,0x00,0x00,0x00,0x00,0x00,0x00,0x00,0x00,0x00,
        0x00,0x00,0xc0,0xff,0xc0,0xff,0xc0,0xff,0xc0,0xcf,0xd0,0xff,0xf5,0xff,0x00,0x00,
        0x00,0x00,0x40,0xff,0x40,0xff,0x40,0xff,0x40,0xcf,0x40,0xff,0xd5,0xff,0x00,0x00,
        0x00,0x00,0x00,0xff,0x00,0xff,0x00,0xff,0x00,0xcf,0x01,0xff,0x57,0xff,0x00,0x00,
        0x00,0x00,0x00,0x7d,0x00,0x7d,0x00,0x7d,0x01,0xcc,0x07,0xfd,0x5f,0xfd,0x00,0x00,
        0x00,0x00,0x00,0x7d,0x00,0x7c,0x01,0x7c,0x07,0x40,0x1f,0xf4,0x7f,0xf5,0x00,0x00,
        0x00,0x00,0x00,0x00,0x00,0x00,0x00,0x00,0x00,0x00,0x00,0x00,0x00,0x00,0x00,0x00,
        0x00,0x00,0x00,0x00,0x00,0x00,0x00,0x00,0x00,0x00,0x00,0x00,0x00,0x00,0x00,0x00,
        0x00,0x00,0x00,0x00,0x00,0x00,0x00,0x00,0x00,0x00,0x00,0x00,0x00,0x00,0x00,0x00,
        0x00,0x00,0xc0,0xff,0xc0,0xff,0xc0,0xff,0xc0,0xcf,0xd0,0xff,0xf4,0xff,0x00,0x00,
        0x00,0x00,0x40,0xff,0x40,0xff,0x40,0xff,0x40,0xcf,0x40,0xff,0xd1,0xff,0x00,0x00,
        0x00,0x00,0x40,0xff,0x00,0xff,0x00,0xff,0x00,0xcf,0x01,0xff,0x47,0xff,0x00,0x00,
        0x00,0x00,0x40,0x7f,0x00,0x7d,0x00,0x7d,0x01,0xcd,0x07,0xfc,0x1f,0xfd,0x00,0x00,
        0x00,0x00,0x40,0x3f,0x00,0x3d,0x01,0x3c,0x07,0x44,0x1f,0xf0,0x7f,0xf4,0x00,0x00,
        0x00,0x00,0x55,0x3f,0x55,0x3d,0x57,0x15,0x1f,0x00,0x7f,0x40,0xff,0xd1,0x00,0x00,
        0x00,0x00,0xff,0x3f,0xff,0x3f,0xbf,0x2a,0x7f,0x01,0xff,0x03,0xff,0x47,0x00,0x00,
        0x00,0x00,0xff,0x3f,0xff,0x3f,0x7f,0x15,0xff,0x07,0xff,0x0f,0xff,0x1f,0x00,0x00,
        0x00,0x00,0xd0,0xff,0xc0,0xff,0xc0,0xff,0xc0,0xcf,0xd0,0xff,0xf0,0xff,0x00,0x00,
        0x00,0x00,0xd0,0xff,0x40,0xff,0x40,0xff,0x40,0xcf,0x40,0xff,0xc0,0xff,0x00,0x00,
        0x00,0x00,0xd0,0xff,0x40,0xff,0x00,0xff,0x00,0xcf,0x01,0xff,0x03,0xff,0x00,0x00,
        0x00,0x00,0xd0,0x7f,0x40,0x7f,0x00,0x7d,0x01,0xcd,0x07,0xfd,0x0f,0xfc,0x00,0x00,
        0x00,0x00,0xd0,0x3f,0x40,0x3f,0x01,0x3d,0x07,0x45,0x1f,0xf4,0x3f,0xf1,0x00,0x00,
        0x00,0x00,0xd5,0x3f,0x55,0x3f,0x57,0x15,0x5f,0x05,0x7f,0x51,0xff,0xc4,0x00,0x00,
        0x00,0x00,0xff,0x3f,0xff,0x3f,0x7f,0x15,0x7f,0x05,0xff,0x07,0xff,0x13,0x00,0x00,
        0x00,0x00,0xff,0x3f,0xff,0x3f,0x7f,0x15,0xff,0x07,0xff,0x1f,0xff,0x0f,0x00,0x00,
        0x00,0x00,0xf5,0xff,0xff,0xff,0xff,0xff,0xff,0x3f,0xff,0xff,0xff,0xff,0x00,0x00,
        0x00,0x00,0xd5,0xff,0xff,0xff,0xff,0xff,0xff,0x3f,0xff,0xff,0xff,0xff,0x00,0x00,
        0x00,0x00,0x57,0xff,0xff,0xff,0xff,0xff,0xff,0x3f,0xff,0xff,0xff,0xff,0x00,0x00,
        0x00,0x00,0x5f,0xfd,0xff,0xff,0xff,0xff,0xff,0x3f,0xff,0xff,0xff,0xff,0x00,0x00,
        0x00,0x00,0x7f,0xf5,0xff,0xff,0xff,0xff,0xff,0x3f,0xff,0xff,0xff,0xff,0x00,0x00,
        0x00,0x00,0xff,0xd5,0xff,0xff,0xff,0xff,0xff,0x3f,0xff,0xff,0xff,0xff,0x00,0x00,
        0x00,0x00,0xff,0x57,0xff,0xff,0xff,0xff,0xff,0x3f,0xff,0xff,0xff,0xff,0x00,0x00,
        0x00,0x00,0xff,0x5f,0xff,0xff,0xff,0xff,0xff,0x3f,0xff,0xff,0xff,0xff,0x00,0x00,
        0x00,0x00,0x54,0xff,0x55,0xff,0xff,0xff,0xff,0x3f,0xff,0xff,0xff,0xff,0x00,0x00,
        0x00,0x00,0x51,0xff,0x55,0xff,0xff,0xff,0xff,0x3f,0xff,0xff,0xff,0xff,0x00,0x00,
        0x00,0x00,0x45,0xff,0x55,0xfd,0xff,0xff,0xff,0x3f,0xff,0xff,0xff,0xff,0x00,0x00,
        0x00,0x00,0x15,0xfd,0x55,0xfd,0xff,0xff,0xff,0x3f,0xff,0xff,0xff,0xff,0x00,0x00,
        0x00,0x00,0x55,0xf4,0x55,0xf5,0xff,0xff,0xff,0x3f,0xff,0xff,0xff,0xff,0x00,0x00,
        0x00,0x00,0x55,0xd1,0x55,0xd5,0xff,0xff,0xff,0x3f,0xff,0xff,0xff,0xff,0x00,0x00,
        0x00,0x00,0x57,0x47,0x57,0x55,0xff,0xff,0xff,0x3f,0xff,0xff,0xff,0xff,0x00,0x00,
        0x00,0x00,0xff,0x1f,0x5f,0x55,0xff,0xff,0xff,0x3f,0xff,0xff,0xff,0xff,0x00,0x00,
        0x00,0x00,0x40,0xff,0x40,0xff,0x55,0xff,0xff,0x3f,0xff,0xff,0xff,0xff,0x00,0x00,
        0x00,0x00,0x00,0xff,0x00,0xff,0x55,0xff,0xff,0x3f,0xff,0xff,0xff,0xff,0x00,0x00,
        0x00,0x00,0x00,0xfd,0x00,0xfd,0x55,0xfd,0xff,0x3f,0xff,0xff,0xff,0xff,0x00,0x00,
        0x00,0x00,0x00,0xfc,0x00,0xfc,0x55,0xfd,0xff,0x3f,0xff,0xff,0xff,0xff,0x00,0x00,
        0x00,0x00,0x00,0x70,0x00,0x74,0x55,0xf5,0xff,0x3f,0xff,0xff,0xff,0xff,0x00,0x00,
        0x00,0x00,0x01,0x40,0x01,0x50,0x57,0xf5,0xff,0x3f,0xff,0xff,0xff,0xff,0x00,0x00,
        0x00,0x00,0x57,0x01,0x07,0x40,0x5f,0xf5,0xff,0x3f,0xff,0xff,0xff,0xff,0x00,0x00,
        0x00,0x00,0xff,0x0f,0x5f,0x15,0xff,0xff,0xff,0x3f,0xff,0xff,0xff,0xff,0x00,0x00,
        0x00,0x00,0x40,0xff,0x40,0xff,0x40,0xff,0x55,0x3f,0xff,0xff,0xff,0xff,0x00,0x00,
        0x00,0x00,0x00,0xff,0x00,0xff,0x00,0xff,0x55,0x3f,0xff,0xff,0xff,0xff,0x00,0x00,
        0x00,0x00,0x00,0xfd,0x00,0xfd,0x00,0xfd,0x55,0x3d,0xff,0xff,0xff,0xff,0x00,0x00,
        0x00,0x00,0x00,0xfc,0x00,0xfc,0x00,0xfc,0x55,0x3d,0xff,0xff,0xff,0xff,0x00,0x00,
        0x00,0x00,0x00,0x74,0x00,0x70,0x01,0x74,0x57,0x35,0xff,0xff,0xff,0xff,0x00,0x00,
        0x00,0x00,0x01,0x10,0x01,0x00,0x07,0x70,0x5f,0x35,0xff,0xff,0xff,0xff,0x00,0x00,
        0x00,0x00,0x00,0x00,0x00,0x00,0x00,0x00,0x00,0x00,0x00,0x00,0x00,0x00,0x00,0x00,
        0x00,0x00,0x00,0x00,0x00,0x00,0x00,0x00,0x00,0x00,0x00,0x00,0x00,0x00,0x00,0x00,
        0x00,0x00,0x40,0xff,0x40,0xff,0x40,0xff,0x40,0x3f,0xd5,0xff,0xff,0xff,0x00,0x00,
        0x00,0x00,0x00,0xff,0x00,0xff,0x00,0xff,0x00,0x3f,0x55,0xff,0xff,0xff,0x00,0x00,
        0x00,0x00,0x00,0xfd,0x00,0xfd,0x00,0xfd,0x00,0x3d,0x55,0xfd,0xff,0xff,0x00,0x00,
        0x00,0x00,0x00,0xfc,0x00,0xfc,0x00,0xfc,0x01,0x3c,0x57,0xfd,0xff,0xff,0x00,0x00,
        0x00,0x00,0x00,0x74,0x00,0x74,0x01,0x70,0x07,0x34,0x5f,0xf5,0xff,0xff,0x00,0x00,
        0x00,0x00,0x01,0x30,0x01,0x30,0x07,0x20,0x1f,0x30,0x7f,0xf5,0xff,0xff,0x00,0x00,
        0x00,0x00,0x00,0x00,0x00,0x00,0x00,0x00,0x00,0x00,0x00,0x00,0x00,0x00,0x00,0x00,
        0x00,0x00,0x00,0x00,0x00,0x00,0x00,0x00,0x00,0x00,0x00,0x00,0x00,0x00,0x00,0x00,
        0x00,0x00,0x40,0xff,0x40,0xff,0x40,0xff,0x40,0x3f,0xd0,0xff,0xf5,0xff,0x00,0x00,
        0x00,0x00,0x00,0xff,0x00,0xff,0x00,0xff,0x00,0x3f,0x40,0xff,0xd5,0xff,0x00,0x00,
        0x00,0x00,0x00,0xfd,0x00,0xfd,0x00,0xfd,0x00,0x3d,0x01,0xfd,0x57,0xff,0x00,0x00,
        0x00,0x00,0x00,0x7c,0x00,0x7c,0x00,0x7c,0x01,0x3c,0x07,0xfc,0x5f,0xfd,0x00,0x00,
        0x00,0x00,0x00,0x74,0x00,0x74,0x01,0x74,0x07,0x30,0x1f,0xf4,0x7f,0xf5,0x00,0x00,
        0x00,0x00,0x01,0x34,0x01,0x30,0x07,0x30,0x1f,0x00,0x7f,0xd0,0xff,0xd5,0x00,0x00,
        0x00,0x00,0x00,0x00,0x00,0x00,0x00,0x00,0x00,0x00,0x00,0x00,0x00,0x00,0x00,0x00,
        0x00,0x00,0x00,0x00,0x00,0x00,0x00,0x00,0x00,0x00,0x00,0x00,0x00,0x00,0x00,0x00,
        0x00,0x00,0x40,0xff,0x40,0xff,0x40,0xff,0x40,0x3f,0xd0,0xff,0xf4,0xff,0x00,0x00,
        0x00,0x00,0x00,0xff,0x00,0xff,0x00,0xff,0x00,0x3f,0x40,0xff,0xd1,0xff,0x00,0x00,
        0x00,0x00,0x00,0xfd,0x00,0xfd,0x00,0xfd,0x00,0x3d,0x01,0xfd,0x47,0xff,0x00,0x00,
        0x00,0x00,0x00,0x7d,0x00,0x7c,0x00,0x7c,0x01,0x3c,0x07,0xfc,0x1f,0xfd,0x00,0x00,
        0x00,0x00,0x00,0x3d,0x00,0x34,0x01,0x34,0x07,0x34,0x1f,0xf0,0x7f,0xf4,0x00,0x00,
        0x00,0x00,0x01,0x3d,0x01,0x34,0x07,0x30,0x1f,0x10,0x7f,0x40,0xff,0xd1,0x00,0x00,
        0x00,0x00,0x57,0x3d,0x57,0x35,0x5f,0x15,0x7f,0x00,0xff,0x01,0xff,0x47,0x00,0x00,
        0x00,0x00,0xff,0x3f,0xff,0x3f,0xff,0x2a,0xff,0x05,0xff,0x0f,0xff,0x1f,0x00,0x00,
        0x00,0x00,0x40,0xff,0x40,0xff,0x40,0xff,0x40,0x3f,0xd0,0xff,0xf0,0xff,0x00,0x00,
        0x00,0x00,0x40,0xff,0x00,0xff,0x00,0xff,0x00,0x3f,0x40,0xff,0xc0,0xff,0x00,0x00,
        0x00,0x00,0x40,0xff,0x00,0xfd,0x00,0xfd,0x00,0x3d,0x01,0xfd,0x03,0xff,0x00,0x00,
        0x00,0x00,0x40,0x7f,0x00,0x7d,0x00,0x7c,0x01,0x3c,0x07,0xfc,0x0f,0xfc,0x00,0x00,
        0x00,0x00,0x40,0x3f,0x00,0x3d,0x01,0x34,0x07,0x34,0x1f,0xf4,0x3f,0xf0,0x00,0x00,
        0x00,0x00,0x41,0x3f,0x01,0x3d,0x07,0x34,0x1f,0x14,0x7f,0x50,0xff,0xc4,0x00,0x00,
        0x00,0x00,0x57,0x3f,0x57,0x3d,0x5f,0x15,0x7f,0x15,0xff,0x05,0xff,0x13,0x00,0x00,
        0x00,0x00,0xff,0x3f,0xff,0x3f,0xff,0x15,0xff,0x15,0xff,0x1f,0xff,0x0f,0x00,0x00,
        0x00,0x00,0xf5,0xff,0xff,0xff,0xff,0xff,0xff,0xff,0xfc,0xff,0xff,0xff,0x00,0x00,
        0x00,0x00,0xd5,0xff,0xff,0xff,0xff,0xff,0xff,0xff,0xfc,0xff,0xff,0xff,0x00,0x00,
        0x00,0x00,0x57,0xff,0xff,0xff,0xff,0xff,0xff,0xff,0xfc,0xff,0xff,0xff,0x00,0x00,
        0x00,0x00,0x5f,0xfd,0xff,0xff,0xff,0xff,0xff,0xff,0xfc,0xff,0xff,0xff,0x00,0x00,
        0x00,0x00,0x7f,0xf5,0xff,0xff,0xff,0xff,0xff,0xff,0xfc,0xff,0xff,0xff,0x00,0x00,
        0x00,0x00,0xff,0xd5,0xff,0xff,0xff,0xff,0xff,0xff,0xfc,0xff,0xff,0xff,0x00,0x00,
        0x00,0x00,0xff,0x57,0xff,0xff,0xff,0xff,0xff,0xff,0xfc,0xff,0xff,0xff,0x00,0x00,
        0x00,0x00,0xff,0x5f,0xff,0xff,0xff,0xff,0xff,0xff,0xfc,0xff,0xff,0xff,0x00,0x00,
        0x00,0x00,0xf4,0xff,0x55,0xf5,0xff,0xff,0xff,0xff,0xfc,0xff,0xff,0xff,0x00,0x00,
        0x00,0x00,0xd1,0xd5,0x55,0xd5,0xff,0xff,0xff,0xff,0xfc,0xff,0xff,0xff,0x00,0x00,
        0x00,0x00,0x47,0x55,0x55,0x55,0xff,0xff,0xff,0xff,0xfc,0xff,0xff,0xff,0x00,0x00,
        0x00,0x00,0x1f,0x55,0x57,0x55,0xff,0xff,0xff,0xff,0xfc,0xff,0xff,0xff,0x00,0x00,
        0x00,0x00,0x7f,0x54,0x5f,0x55,0xff,0xff,0xff,0xff,0xfc,0xff,0xff,0xff,0x00,0x00,
        0x00,0x00,0xff,0x51,0x7f,0x55,0xff,0xff,0xff,0xff,0xfc,0xff,0xff,0xff,0x00,0x00,
        0x00,0x00,0xff,0x45,0xff,0x55,0xff,0xff,0xff,0xff,0xfc,0xff,0xff,0xff,0x00,0x00,
        0x00,0x00,0xff,0x15,0xff,0x55,0xff,0xff,0xff,0xff,0xfc,0xff,0xff,0xff,0x00,0x00,
        0x00,0x00,0x50,0xf5,0x50,0xf5,0x55,0xfd,0xff,0xff,0xfc,0xff,0xff,0xff,0x00,0x00,
        0x00,0x00,0x40,0xd5,0x00,0xd0,0x55,0xf5,0xff,0xff,0xfc,0xff,0xff,0xff,0x00,0x00,
        0x00,0x00,0x01,0x40,0x01,0x40,0x57,0xd5,0xff,0xff,0xfc,0xff,0xff,0xff,0x00,0x00,
        0x00,0x00,0x05,0x00,0x05,0x00,0x5f,0x55,0xff,0xff,0xfc,0xff,0xff,0xff,0x00,0x00,
        0x00,0x00,0x1f,0x00,0x1f,0x00,0x7f,0x55,0xff,0xff,0xfc,0xff,0xff,0xff,0x00,0x00,
        0x00,0x00,0x7f,0x00,0x7f,0x00,0x7f,0x55,0xff,0xff,0xfc,0xff,0xff,0xff,0x00,0x00,
        0x00,0x00,0xff,0x00,0xff,0x00,0xff,0x55,0xff,0xff,0xfc,0xff,0xff,0xff,0x00,0x00,
        0x00,0x00,0xff,0x01,0xff,0x01,0xff,0x55,0xff,0xff,0xfc,0xff,0xff,0xff,0x00,0x00,
        0x00,0x00,0x00,0xf4,0x00,0xf4,0x54,0xfd,0xff,0xff,0xfc,0xff,0xff,0xff,0x00,0x00,
        0x00,0x00,0x00,0xd0,0x00,0xd0,0x01,0xf4,0x5f,0xfd,0xfc,0xff,0xff,0xff,0x00,0x00,
        0x00,0x00,0x00,0x40,0x00,0x40,0x05,0xd0,0x5f,0xf5,0xfc,0xff,0xff,0xff,0x00,0x00,
        0x00,0x00,0x05,0x00,0x05,0x00,0x1d,0x40,0x5f,0xd5,0xfc,0xff,0xff,0xff,0x00,0x00,
        0x00,0x00,0x1f,0x00,0x1f,0x00,0x3f,0x00,0x7f,0x55,0xfc,0xff,0xff,0xff,0x00,0x00,
        0x00,0x00,0x7f,0x00,0x7f,0x00,0x7f,0x00,0x7f,0x55,0xfc,0xff,0xff,0xff,0x00,0x00,
        0x00,0x00,0xff,0x00,0xff,0x00,0xff,0x00,0xff,0x55,0xfc,0xff,0xff,0xff,0x00,0x00,
        0x00,0x00,0xff,0x01,0xff,0x01,0xff,0x01,0xff,0x55,0xfc,0xff,0xff,0xff,0x00,0x00,
        0x00,0x00,0x00,0x00,0x00,0x00,0x00,0x00,0x00,0x00,0x00,0x00,0x00,0x00,0x00,0x00,
        0x00,0x00,0x00,0x00,0x00,0x00,0x00,0x00,0x00,0x00,0x00,0x00,0x00,0x00,0x00,0x00,
        0x00,0x00,0x04,0x40,0x04,0x40,0x00,0xd0,0x0d,0xf4,0x5c,0xfd,0xff,0xff,0x00,0x00,
        0x00,0x00,0x15,0x00,0x1d,0x00,0x0d,0x40,0x1d,0xd0,0x5c,0xf5,0xff,0xff,0x00,0x00,
        0x00,0x00,0x1f,0x00,0x3f,0x00,0x3f,0x00,0x3f,0x40,0x7c,0xd5,0xff,0xff,0x00,0x00,
        0x00,0x00,0x7f,0x00,0x7f,0x00,0x7f,0x00,0x7f,0x00,0x7c,0x55,0xff,0xff,0x00,0x00,
        0x00,0x00,0xff,0x00,0xff,0x00,0xff,0x00,0xff,0x00,0xfc,0x55,0xff,0xff,0x00,0x00,
        0x00,0x00,0xff,0x01,0xff,0x01,0xff,0x01,0xff,0x01,0xfc,0x57,0xff,0xff,0x00,0x00,
        0x00,0x00,0x00,0x00,0x00,0x00,0x00,0x00,0x00,0x00,0x00,0x00,0x00,0x00,0x00,0x00,
        0x00,0x00,0x00,0x00,0x00,0x00,0x00,0x00,0x00,0x00,0x00,0x00,0x00,0x00,0x00,0x00,
        0x00,0x00,0x0c,0x40,0x0c,0x40,0x0c,0xd0,0x08,0xf4,0x0c,0xfd,0x5f,0xff,0x00,0x00,
        0x00,0x00,0x1d,0x00,0x1d,0x00,0x1d,0x40,0x0d,0xd0,0x1c,0xf4,0x5f,0xfd,0x00,0x00,
        0x00,0x00,0x3f,0x00,0x3f,0x00,0x3f,0x00,0x3f,0x40,0x3c,0xd0,0x7f,0xf5,0x00,0x00,
        0x00,0x00,0x7f,0x00,0x7f,0x00,0x7f,0x00,0x7f,0x00,0x7c,0x40,0xff,0xd5,0x00,0x00,
        0x00,0x00,0xff,0x00,0xff,0x00,0xff,0x00,0xff,0x00,0xfc,0x01,0xff,0x57,0x00,0x00,
        0x00,0x00,0xff,0x01,0xff,0x01,0xff,0x01,0xff,0x01,0xfc,0x07,0xff,0x5f,0x00,0x00,
        0x00,0x00,0x00,0x00,0x00,0x00,0x00,0x00,0x00,0x00,0x00,0x00,0x00,0x00,0x00,0x00,
        0x00,0x00,0x00,0x00,0x00,0x00,0x00,0x00,0x00,0x00,0x00,0x00,0x00,0x00,0x00,0x00,
        0x00,0x00,0x5c,0x40,0x1c,0x40,0x0c,0xd0,0x0c,0xf4,0x08,0xfd,0x47,0xff,0x00,0x00,
        0x00,0x00,0x5d,0x00,0x1d,0x00,0x1d,0x40,0x1d,0xd0,0x0c,0xf4,0x1f,0xfd,0x00,0x00,
        0x00,0x00,0x7f,0x00,0x3f,0x00,0x3f,0x00,0x3f,0x40,0x3c,0xd0,0x7f,0xf4,0x00,0x00,
        0x00,0x00,0x7f,0x00,0x7f,0x00,0x7f,0x00,0x7f,0x00,0x7c,0x40,0xff,0xd1,0x00,0x00,
        0x00,0x00,0xff,0x00,0xff,0x00,0xff,0x00,0xff,0x00,0xfc,0x01,0xff,0x47,0x00,0x00,
        0x00,0x00,0xff,0x01,0xff,0x01,0xff,0x01,0xff,0x01,0xfc,0x07,0xff,0x1f,0x00,0x00,
        0x00,0x00,0xfc,0xff,0xfc,0xff,0xfc,0xff,0xfc,0xff,0xf8,0xff,0xd0,0xff,0x00,0x00,
        0x00,0x00,0xfc,0xd5,0x7c,0xd5,0x5c,0xf5,0x5c,0xfd,0x54,0xff,0xc8,0xff,0x00,0x00,
        0x00,0x00,0xfc,0x41,0x7c,0x40,0x1c,0xd0,0x1c,0xf4,0x0c,0xfd,0x13,0xff,0x00,0x00,
        0x00,0x00,0xfd,0x01,0x7d,0x00,0x1d,0x40,0x1d,0xd0,0x1c,0xf4,0x0f,0xfc,0x00,0x00,
        0x00,0x00,0xff,0x01,0x7f,0x00,0x3f,0x00,0x3f,0x40,0x3c,0xd0,0x3f,0xf0,0x00,0x00,
        0x00,0x00,0xff,0x01,0x7f,0x00,0x7f,0x00,0x7f,0x00,0x7c,0x40,0xff,0xc0,0x00,0x00,
        0x00,0x00,0xff,0x01,0xff,0x00,0xff,0x00,0xff,0x00,0xfc,0x01,0xff,0x03,0x00,0x00,
        0x00,0x00,0xff,0x01,0xff,0x01,0xff,0x01,0xff,0x01,0xfc,0x07,0xff,0x0f,0x00,0x00,
        0x00,0x00,0xf5,0xff,0xff,0xff,0xff,0xff,0xff,0xff,0xf3,0xff,0xff,0xff,0x00,0x00,
        0x00,0x00,0xd5,0xff,0xff,0xff,0xff,0xff,0xff,0xff,0xf3,0xff,0xff,0xff,0x00,0x00,
        0x00,0x00,0x57,0xff,0xff,0xff,0xff,0xff,0xff,0xff,0xf3,0xff,0xff,0xff,0x00,0x00,
        0x00,0x00,0x5f,0xfd,0xff,0xff,0xff,0xff,0xff,0xff,0xf3,0xff,0xff,0xff,0x00,0x00,
        0x00,0x00,0x7f,0xf5,0xff,0xff,0xff,0xff,0xff,0xff,0xf3,0xff,0xff,0xff,0x00,0x00,
        0x00,0x00,0xff,0xd5,0xff,0xff,0xff,0xff,0xff,0xff,0xf3,0xff,0xff,0xff,0x00,0x00,
        0x00,0x00,0xff,0x57,0xff,0xff,0xff,0xff,0xff,0xff,0xf3,0xff,0xff,0xff,0x00,0x00,
        0x00,0x00,0xff,0x5f,0xff,0xff,0xff,0xff,0xff,0xff,0xf3,0xff,0xff,0xff,0x00,0x00,
        0x00,0x00,0xf4,0xff,0xd5,0xff,0xff,0xff,0xff,0xff,0xf3,0xff,0xff,0xff,0x00,0x00,
        0x00,0x00,0xd1,0xff,0x55,0xd5,0xff,0xff,0xff,0xff,0xf3,0xff,0xff,0xff,0x00,0x00,
        0x00,0x00,0x47,0x57,0x55,0x55,0xff,0xff,0xff,0xff,0xf3,0xff,0xff,0xff,0x00,0x00,
        0x00,0x00,0x1f,0x55,0x57,0x55,0xff,0xff,0xff,0xff,0xf3,0xff,0xff,0xff,0x00,0x00,
        0x00,0x00,0x7f,0x54,0x5f,0x55,0xff,0xff,0xff,0xff,0xf3,0xff,0xff,0xff,0x00,0x00,
        0x00,0x00,0xff,0x51,0x7f,0x55,0xff,0xff,0xff,0xff,0xf3,0xff,0xff,0xff,0x00,0x00,
        0x00,0x00,0xff,0x47,0xff,0x55,0xff,0xff,0xff,0xff,0xf3,0xff,0xff,0xff,0x00,0x00,
        0x00,0x00,0xff,0x17,0xff,0x57,0xff,0xff,0xff,0xff,0xf3,0xff,0xff,0xff,0x00,0x00,
        0x00,0x00,0x50,0xf5,0x50,0xf5,0xf5,0xff,0xff,0xff,0xf3,0xff,0xff,0xff,0x00,0x00,
        0x00,0x00,0x40,0xd5,0x40,0xd5,0x55,0xf5,0xff,0xff,0xf3,0xff,0xff,0xff,0x00,0x00,
        0x00,0x00,0x01,0x55,0x01,0x40,0x57,0xd5,0xff,0xff,0xf3,0xff,0xff,0xff,0x00,0x00,
        0x00,0x00,0x07,0x00,0x07,0x00,0x5f,0x55,0xff,0xff,0xf3,0xff,0xff,0xff,0x00,0x00,
        0x00,0x00,0x1f,0x00,0x1f,0x00,0x7f,0x55,0xff,0xff,0xf3,0xff,0xff,0xff,0x00,0x00,
        0x00,0x00,0x7f,0x00,0x7f,0x00,0xff,0x55,0xff,0xff,0xf3,0xff,0xff,0xff,0x00,0x00,
        0x00,0x00,0xff,0x01,0xff,0x01,0xff,0x55,0xff,0xff,0xf3,0xff,0xff,0xff,0x00,0x00,
        0x00,0x00,0xff,0x03,0xff,0x03,0xff,0x57,0xff,0xff,0xf3,0xff,0xff,0xff,0x00,0x00,
        0x00,0x00,0x50,0xf5,0x50,0xf5,0xf4,0xff,0xff,0xff,0xf3,0xff,0xff,0xff,0x00,0x00,
        0x00,0x00,0x00,0xd0,0x00,0xd0,0x51,0xf5,0xff,0xff,0xf3,0xff,0xff,0xff,0x00,0x00,
        0x00,0x00,0x01,0x40,0x01,0x40,0x07,0xd0,0x7f,0xf5,0xf3,0xff,0xff,0xff,0x00,0x00,
        0x00,0x00,0x07,0x00,0x07,0x00,0x1f,0x40,0x7f,0xd5,0xf3,0xff,0xff,0xff,0x00,0x00,
        0x00,0x00,0x1f,0x00,0x1f,0x00,0x7f,0x00,0x7f,0x55,0xf3,0xff,0xff,0xff,0x00,0x00,
        0x00,0x00,0x7f,0x00,0x7f,0x00,0xff,0x00,0xff,0x55,0xf3,0xff,0xff,0xff,0x00,0x00,
        0x00,0x00,0xff,0x01,0xff,0x01,0xff,0x01,0xff,0x55,0xf3,0xff,0xff,0xff,0x00,0x00,
        0x00,0x00,0xff,0x03,0xff,0x03,0xff,0x03,0xff,0x57,0xf3,0xff,0xff,0xff,0x00,0x00,
        0x00,0x00,0x00,0x00,0x00,0x00,0x00,0x00,0x00,0x00,0x00,0x00,0x00,0x00,0x00,0x00,
        0x00,0x00,0x00,0x00,0x00,0x00,0x00,0x00,0x00,0x00,0x00,0x00,0x00,0x00,0x00,0x00,
        0x00,0x00,0x00,0x00,0x00,0x00,0x00,0x00,0x00,0x00,0x00,0x00,0x00,0x00,0x00,0x00,
        0x00,0x00,0x17,0x00,0x1f,0x00,0x0f,0x40,0x3f,0xd0,0x73,0xf5,0xff,0xff,0x00,0x00,
        0x00,0x00,0x5f,0x00,0x7f,0x00,0x3f,0x00,0x7f,0x40,0x73,0xd5,0xff,0xff,0x00,0x00,
        0x00,0x00,0x7f,0x00,0xff,0x00,0xff,0x00,0xff,0x00,0xf3,0x55,0xff,0xff,0x00,0x00,
        0x00,0x00,0xff,0x01,0xff,0x01,0xff,0x01,0xff,0x01,0xf3,0x55,0xff,0xff,0x00,0x00,
        0x00,0x00,0xff,0x03,0xff,0x03,0xff,0x03,0xff,0x03,0xf3,0x57,0xff,0xff,0x00,0x00,
        0x00,0x00,0x00,0x00,0x00,0x00,0x00,0x00,0x00,0x00,0x00,0x00,0x00,0x00,0x00,0x00,
        0x00,0x00,0x00,0x00,0x00,0x00,0x00,0x00,0x00,0x00,0x00,0x00,0x00,0x00,0x00,0x00,
        0x00,0x00,0x00,0x00,0x00,0x00,0x00,0x00,0x00,0x00,0x00,0x00,0x00,0x00,0x00,0x00,
        0x00,0x00,0x3f,0x00,0x3f,0x00,0x3f,0x40,0x2f,0xd0,0x33,0xf4,0x7f,0xfd,0x00,0x00,
        0x00,0x00,0x7f,0x00,0x7f,0x00,0x7f,0x00,0x3f,0x40,0x73,0xd0,0x7f,0xf5,0x00,0x00,
        0x00,0x00,0xff,0x00,0xff,0x00,0xff,0x00,0xff,0x00,0xf3,0x40,0xff,0xd5,0x00,0x00,
        0x00,0x00,0xff,0x01,0xff,0x01,0xff,0x01,0xff,0x01,0xf3,0x01,0xff,0x57,0x00,0x00,
        0x00,0x00,0xff,0x03,0xff,0x03,0xff,0x03,0xff,0x03,0xf3,0x07,0xff,0x5f,0x00,0x00,
        0x00,0x00,0x00,0x00,0x00,0x00,0x00,0x00,0x00,0x00,0x00,0x00,0x00,0x00,0x00,0x00,
        0x00,0x00,0x00,0x00,0x00,0x00,0x00,0x00,0x00,0x00,0x00,0x00,0x00,0x00,0x00,0x00,
        0x00,0x00,0x00,0x00,0x00,0x00,0x00,0x00,0x00,0x00,0x00,0x00,0x00,0x00,0x00,0x00,
        0x00,0x00,0x7d,0x01,0x7d,0x00,0x3d,0x40,0x3d,0xd0,0x23,0xf4,0x1f,0xfd,0x00,0x00,
        0x00,0x00,0x7f,0x01,0x7f,0x00,0x7f,0x00,0x7f,0x40,0x33,0xd0,0x7f,0xf4,0x00,0x00,
        0x00,0x00,0xff,0x01,0xff,0x00,0xff,0x00,0xff,0x00,0xf3,0x40,0xff,0xd1,0x00,0x00,
        0x00,0x00,0xff,0x01,0xff,0x01,0xff,0x01,0xff,0x01,0xf3,0x01,0xff,0x47,0x00,0x00,
        0x00,0x00,0xff,0x03,0xff,0x03,0xff,0x03,0xff,0x03,0xf3,0x07,0xff,0x1f,0x00,0x00,
        0x00,0x00,0xfc,0xff,0xfc,0xff,0xfc,0xff,0xfc,0xff,0xd0,0xff,0xd8,0xff,0x00,0x00,
        0x00,0x00,0xfc,0xff,0xfc,0xff,0xfc,0xff,0xfc,0xff,0xe0,0xff,0xc4,0xff,0x00,0x00,
        0x00,0x00,0xfc,0x57,0xfc,0x55,0x7c,0xd5,0x7c,0xf5,0x51,0xfd,0x2b,0xff,0x00,0x00,
        0x00,0x00,0xfd,0x07,0xfd,0x01,0x7d,0x40,0x7d,0xd0,0x33,0xf4,0x4f,0xfc,0x00,0x00,
        0x00,0x00,0xff,0x07,0xff,0x01,0x7f,0x00,0x7f,0x40,0x73,0xd0,0x3f,0xf0,0x00,0x00,
        0x00,0x00,0xff,0x07,0xff,0x01,0xff,0x00,0xff,0x00,0xf3,0x40,0xff,0xc0,0x00,0x00,
        0x00,0x00,0xff,0x07,0xff,0x01,0xff,0x01,0xff,0x01,0xf3,0x01,0xff,0x03,0x00,0x00,
        0x00,0x00,0xff,0x07,0xff,0x03,0xff,0x03,0xff,0x03,0xf3,0x07,0xff,0x0f,0x00,0x00,
        0x00,0x00,0xf5,0xff,0xff,0xff,0xff,0xff,0xff,0xff,0xcf,0xff,0xff,0xff,0x00,0x00,
        0x00,0x00,0xd5,0xff,0xff,0xff,0xff,0xff,0xff,0xff,0xcf,0xff,0xff,0xff,0x00,0x00,
        0x00,0x00,0x57,0xff,0xff,0xff,0xff,0xff,0xff,0xff,0xcf,0xff,0xff,0xff,0x00,0x00,
        0x00,0x00,0x5f,0xfd,0xff,0xff,0xff,0xff,0xff,0xff,0xcf,0xff,0xff,0xff,0x00,0x00,
        0x00,0x00,0x7f,0xf5,0xff,0xff,0xff,0xff,0xff,0xff,0xcf,0xff,0xff,0xff,0x00,0x00,
        0x00,0x00,0xff,0xd5,0xff,0xff,0xff,0xff,0xff,0xff,0xcf,0xff,0xff,0xff,0x00,0x00,
        0x00,0x00,0xff,0x57,0xff,0xff,0xff,0xff,0xff,0xff,0xcf,0xff,0xff,0xff,0x00,0x00,
        0x00,0x00,0xff,0x5f,0xff,0xff,0xff,0xff,0xff,0xff,0xcf,0xff,0xff,0xff,0x00,0x00,
        0x00,0x00,0xf4,0xff,0xd5,0xff,0xff,0xff,0xff,0xff,0xcf,0xff,0xff,0xff,0x00,0x00,
        0x00,0x00,0xd1,0xff,0x55,0xff,0xff,0xff,0xff,0xff,0xcf,0xff,0xff,0xff,0x00,0x00,
        0x00,0x00,0x47,0xff,0x55,0x55,0xff,0xff,0xff,0xff,0xcf,0xff,0xff,0xff,0x00,0x00,
        0x00,0x00,0x1f,0x5d,0x57,0x55,0xff,0xff,0xff,0xff,0xcf,0xff,0xff,0xff,0x00,0x00,
        0x00,0x00,0x7f,0x54,0x5f,0x55,0xff,0xff,0xff,0xff,0xcf,0xff,0xff,0xff,0x00,0x00,
        0x00,0x00,0xff,0x51,0x7f,0x55,0xff,0xff,0xff,0xff,0xcf,0xff,0xff,0xff,0x00,0x00,
        0x00,0x00,0xff,0x47,0xff,0x55,0xff,0xff,0xff,0xff,0xcf,0xff,0xff,0xff,0x00,0x00,
        0x00,0x00,0xff,0x1f,0xff,0x57,0xff,0xff,0xff,0xff,0xcf,0xff,0xff,0xff,0x00,0x00,
        0x00,0x00,0xd0,0xff,0xd0,0xff,0xf5,0xff,0xff,0xff,0xcf,0xff,0xff,0xff,0x00,0x00,
        0x00,0x00,0x40,0xd5,0x40,0xd5,0xd5,0xff,0xff,0xff,0xcf,0xff,0xff,0xff,0x00,0x00,
        0x00,0x00,0x01,0x55,0x01,0x55,0x55,0xd5,0xff,0xff,0xcf,0xff,0xff,0xff,0x00,0x00,
        0x00,0x00,0x05,0x54,0x05,0x00,0x5f,0x55,0xff,0xff,0xcf,0xff,0xff,0xff,0x00,0x00,
        0x00,0x00,0x1f,0x00,0x1f,0x00,0x7f,0x55,0xff,0xff,0xcf,0xff,0xff,0xff,0x00,0x00,
        0x00,0x00,0x7f,0x00,0x7f,0x00,0xff,0x55,0xff,0xff,0xcf,0xff,0xff,0xff,0x00,0x00,
        0x00,0x00,0xff,0x01,0xff,0x01,0xff,0x57,0xff,0xff,0xcf,0xff,0xff,0xff,0x00,0x00,
        0x00,0x00,0xff,0x07,0xff,0x07,0xff,0x57,0xff,0xff,0xcf,0xff,0xff,0xff,0x00,0x00,
        0x00,0x00,0xd0,0xff,0xd0,0xff,0xf4,0xff,0xfd,0xff,0xcf,0xff,0xff,0xff,0x00,0x00,
        0x00,0x00,0x40,0xd5,0x40,0xd5,0xd0,0xff,0xfd,0xff,0xcf,0xff,0xff,0xff,0x00,0x00,
        0x00,0x00,0x00,0x40,0x00,0x40,0x45,0xd5,0xff,0xff,0xcf,0xff,0xff,0xff,0x00,0x00,
        0x00,0x00,0x05,0x00,0x05,0x00,0x1f,0x40,0xff,0xd5,0xcf,0xff,0xff,0xff,0x00,0x00,
        0x00,0x00,0x1f,0x00,0x1f,0x00,0x7f,0x00,0xff,0x55,0xcf,0xff,0xff,0xff,0x00,0x00,
        0x00,0x00,0x7f,0x00,0x7f,0x00,0xff,0x01,0xff,0x55,0xcf,0xff,0xff,0xff,0x00,0x00,
        0x00,0x00,0xff,0x01,0xff,0x01,0xff,0x03,0xff,0x57,0xcf,0xff,0xff,0xff,0x00,0x00,
        0x00,0x00,0xff,0x07,0xff,0x07,0xff,0x07,0xff,0x57,0xcf,0xff,0xff,0xff,0x00,0x00,
        0x00,0x00,0xd4,0xff,0xf4,0xff,0xf0,0xff,0xfc,0xff,0xcd,0xff,0xff,0xff,0x00,0x00,
        0x00,0x00,0x00,0x00,0x00,0x00,0x00,0x00,0x00,0x00,0x00,0x00,0x00,0x00,0x00,0x00,
        0x00,0x00,0x00,0x00,0x00,0x00,0x00,0x00,0x00,0x00,0x00,0x00,0x00,0x00,0x00,0x00,
        0x00,0x00,0x00,0x00,0x00,0x00,0x00,0x00,0x00,0x00,0x00,0x00,0x00,0x00,0x00,0x00,
        0x00,0x00,0x5f,0x00,0x7f,0x00,0x3f,0x00,0xff,0x40,0xcf,0xd5,0xff,0xff,0x00,0x00,
        0x00,0x00,0x7f,0x01,0xff,0x01,0xff,0x00,0xff,0x01,0xcf,0x55,0xff,0xff,0x00,0x00,
        0x00,0x00,0xff,0x01,0xff,0x03,0xff,0x03,0xff,0x03,0xcf,0x57,0xff,0xff,0x00,0x00,
        0x00,0x00,0xff,0x07,0xff,0x07,0xff,0x07,0xff,0x07,0xcf,0x57,0xff,0xff,0x00,0x00,
        0x00,0x00,0xfc,0xff,0xfc,0xff,0xfc,0xff,0xf8,0xff,0xcc,0xff,0xfd,0xff,0x00,0x00,
        0x00,0x00,0x00,0x00,0x00,0x00,0x00,0x00,0x00,0x00,0x00,0x00,0x00,0x00,0x00,0x00,
        0x00,0x00,0x00,0x00,0x00,0x00,0x00,0x00,0x00,0x00,0x00,0x00,0x00,0x00,0x00,0x00,
        0x00,0x00,0x00,0x00,0x00,0x00,0x00,0x00,0x00,0x00,0x00,0x00,0x00,0x00,0x00,0x00,
        0x00,0x00,0xff,0x00,0xff,0x00,0xff,0x00,0xbf,0x40,0xcf,0xd0,0xff,0xf5,0x00,0x00,
        0x00,0x00,0xff,0x01,0xff,0x01,0xff,0x01,0xff,0x00,0xcf,0x41,0xff,0xd5,0x00,0x00,
        0x00,0x00,0xff,0x03,0xff,0x03,0xff,0x03,0xff,0x03,0xcf,0x03,0xff,0x57,0x00,0x00,
        0x00,0x00,0xff,0x07,0xff,0x07,0xff,0x07,0xff,0x07,0xcf,0x07,0xff,0x5f,0x00,0x00,
        0x00,0x00,0xfc,0xff,0xfc,0xff,0xfc,0xff,0xfc,0xff,0xc0,0xff,0xf4,0xff,0x00,0x00,
        0x00,0x00,0x00,0x00,0x00,0x00,0x00,0x00,0x00,0x00,0x00,0x00,0x00,0x00,0x00,0x00,
        0x00,0x00,0x00,0x00,0x00,0x00,0x00,0x00,0x00,0x00,0x00,0x00,0x00,0x00,0x00,0x00,
        0x00,0x00,0x00,0x00,0x00,0x00,0x00,0x00,0x00,0x00,0x00,0x00,0x00,0x00,0x00,0x00,
        0x00,0x00,0xff,0x05,0xff,0x01,0xff,0x00,0xff,0x40,0x8f,0xd0,0x7f,0xf4,0x00,0x00,
        0x00,0x00,0xff,0x05,0xff,0x01,0xff,0x01,0xff,0x01,0xcf,0x40,0xff,0xd1,0x00,0x00,
        0x00,0x00,0xff,0x07,0xff,0x03,0xff,0x03,0xff,0x03,0xcf,0x03,0xff,0x47,0x00,0x00,
        0x00,0x00,0xff,0x07,0xff,0x07,0xff,0x07,0xff,0x07,0xcf,0x07,0xff,0x1f,0x00,0x00,
        0x00,0x00,0xfc,0xff,0xfc,0xff,0xfc,0xff,0xfc,0xff,0xc8,0xff,0xf0,0xff,0x00,0x00,
        0x00,0x00,0xfc,0xff,0xfc,0xff,0xfc,0xff,0xfc,0xff,0x44,0xff,0xe8,0xff,0x00,0x00,
        0x00,0x00,0xfc,0x7f,0xfc,0x7f,0xfc,0xff,0xfc,0xff,0x89,0xff,0x13,0xff,0x00,0x00,
        0x00,0x00,0xfd,0x1f,0xfd,0x17,0xfd,0x55,0xfd,0xd5,0x47,0xf5,0xaf,0xfc,0x00,0x00,
        0x00,0x00,0xff,0x1f,0xff,0x07,0xff,0x01,0xff,0x41,0xcf,0xd0,0x3f,0xf1,0x00,0x00,
        0x00,0x00,0xff,0x1f,0xff,0x07,0xff,0x01,0xff,0x01,0xcf,0x41,0xff,0xc0,0x00,0x00,
        0x00,0x00,0xff,0x1f,0xff,0x07,0xff,0x03,0xff,0x03,0xcf,0x03,0xff,0x03,0x00,0x00,
        0x00,0x00,0xff,0x1f,0xff,0x07,0xff,0x07,0xff,0x07,0xcf,0x07,0xff,0x0f,0x00,0x00,
        0x00,0x00,0xf5,0xff,0xff,0xff,0xff,0xff,0xff,0xff,0x3f,0xff,0xff,0xff,0x00,0x00,
        0x00,0x00,0xd5,0xff,0xff,0xff,0xff,0xff,0xff,0xff,0x3f,0xff,0xff,0xff,0x00,0x00,
        0x00,0x00,0x57,0xff,0xff,0xff,0xff,0xff,0xff,0xff,0x3f,0xff,0xff,0xff,0x00,0x00,
        0x00,0x00,0x5f,0xfd,0xff,0xff,0xff,0xff,0xff,0xff,0x3f,0xff,0xff,0xff,0x00,0x00,
        0x00,0x00,0x7f,0xf5,0xff,0xff,0xff,0xff,0xff,0xff,0x3f,0xff,0xff,0xff,0x00,0x00,
        0x00,0x00,0xff,0xd5,0xff,0xff,0xff,0xff,0xff,0xff,0x3f,0xff,0xff,0xff,0x00,0x00,
        0x00,0x00,0xff,0x57,0xff,0xff,0xff,0xff,0xff,0xff,0x3f,0xff,0xff,0xff,0x00,0x00,
        0x00,0x00,0xff,0x5f,0xff,0xff,0xff,0xff,0xff,0xff,0x3f,0xff,0xff,0xff,0x00,0x00,
        0x00,0x00,0xf4,0xff,0xd5,0xff,0xff,0xff,0xff,0xff,0x3f,0xff,0xff,0xff,0x00,0x00,
        0x00,0x00,0xd1,0xff,0x55,0xff,0xff,0xff,0xff,0xff,0x3f,0xff,0xff,0xff,0x00,0x00,
        0x00,0x00,0x47,0xff,0x55,0xfd,0xff,0xff,0xff,0xff,0x3f,0xff,0xff,0xff,0x00,0x00,
        0x00,0x00,0x1f,0xfd,0x55,0x55,0xff,0xff,0xff,0xff,0x3f,0xff,0xff,0xff,0x00,0x00,
        0x00,0x00,0x7f,0x74,0x5f,0x55,0xff,0xff,0xff,0xff,0x3f,0xff,0xff,0xff,0x00,0x00,
        0x00,0x00,0xff,0x51,0x7f,0x55,0xff,0xff,0xff,0xff,0x3f,0xff,0xff,0xff,0x00,0x00,
        0x00,0x00,0xff,0x47,0xff,0x55,0xff,0xff,0xff,0xff,0x3f,0xff,0xff,0xff,0x00,0x00,
        0x00,0x00,0xff,0x1f,0xff,0x57,0xff,0xff,0xff,0xff,0x3f,0xff,0xff,0xff,0x00,0x00,
        0x00,0x00,0xd0,0xff,0xd0,0xff,0xf5,0xff,0xff,0xff,0x3f,0xff,0xff,0xff,0x00,0x00,
        0x00,0x00,0x40,0xff,0x40,0xff,0xd5,0xff,0xff,0xff,0x3f,0xff,0xff,0xff,0x00,0x00,
        0x00,0x00,0x01,0x55,0x00,0x55,0x55,0xff,0xff,0xff,0x3f,0xff,0xff,0xff,0x00,0x00,
        0x00,0x00,0x05,0x54,0x05,0x54,0x55,0x55,0xff,0xff,0x3f,0xff,0xff,0xff,0x00,0x00,
        0x00,0x00,0x15,0x50,0x15,0x00,0x7f,0x55,0xff,0xff,0x3f,0xff,0xff,0xff,0x00,0x00,
        0x00,0x00,0x7f,0x00,0x7f,0x00,0xff,0x55,0xff,0xff,0x3f,0xff,0xff,0xff,0x00,0x00,
        0x00,0x00,0xff,0x01,0xff,0x01,0xff,0x57,0xff,0xff,0x3f,0xff,0xff,0xff,0x00,0x00,
        0x00,0x00,0xff,0x07,0xff,0x07,0xff,0x5f,0xff,0xff,0x3f,0xff,0xff,0xff,0x00,0x00,
        0x00,0x00,0xd0,0xff,0xd0,0xff,0xf4,0xff,0xf5,0xff,0x3f,0xff,0xff,0xff,0x00,0x00,
        0x00,0x00,0x40,0xff,0x40,0xff,0xd0,0xff,0xf5,0xff,0x3f,0xff,0xff,0xff,0x00,0x00,
        0x00,0x00,0x00,0x55,0x00,0x55,0x40,0xff,0xf5,0xff,0x3f,0xff,0xff,0xff,0x00,0x00,
        0x00,0x00,0x00,0x00,0x00,0x00,0x15,0x55,0xff,0xff,0x3f,0xff,0xff,0xff,0x00,0x00,
        0x00,0x00,0x15,0x00,0x15,0x00,0x7f,0x00,0xff,0x57,0x3f,0xff,0xff,0xff,0x00,0x00,
        0x00,0x00,0x7f,0x00,0x7f,0x00,0xff,0x01,0xff,0x57,0x3f,0xff,0xff,0xff,0x00,0x00,
        0x00,0x00,0xff,0x01,0xff,0x01,0xff,0x07,0xff,0x57,0x3f,0xff,0xff,0xff,0x00,0x00,
        0x00,0x00,0xff,0x07,0xff,0x07,0xff,0x0f,0xff,0x5f,0x3f,0xff,0xff,0xff,0x00,0x00,
        0x00,0x00,0xd4,0xff,0xf4,0xff,0xf0,0xff,0xf4,0xff,0x35,0xff,0xff,0xff,0x00,0x00,
        0x00,0x00,0x50,0xff,0xd0,0xff,0xc0,0xff,0xf0,0xff,0x35,0xff,0xff,0xff,0x00,0x00,
        0x00,0x00,0x00,0x00,0x00,0x00,0x00,0x00,0x00,0x00,0x00,0x00,0x00,0x00,0x00,0x00,
        0x00,0x00,0x00,0x00,0x00,0x00,0x00,0x00,0x00,0x00,0x00,0x00,0x00,0x00,0x00,0x00,
        0x00,0x00,0x00,0x00,0x00,0x00,0x00,0x00,0x00,0x00,0x00,0x00,0x00,0x00,0x00,0x00,
        0x00,0x00,0x7f,0x01,0xff,0x01,0xff,0x00,0xff,0x03,0x3f,0x57,0xff,0xff,0x00,0x00,
        0x00,0x00,0xff,0x05,0xff,0x07,0xff,0x03,0xff,0x07,0x3f,0x57,0xff,0xff,0x00,0x00,
        0x00,0x00,0xff,0x07,0xff,0x0f,0xff,0x0f,0xff,0x0f,0x3f,0x5f,0xff,0xff,0x00,0x00,
        0x00,0x00,0xf4,0xff,0xf4,0xff,0xf4,0xff,0xf0,0xff,0x34,0xff,0xf5,0xff,0x00,0x00,
        0x00,0x00,0xf0,0xff,0xf0,0xff,0xf0,0xff,0xe0,0xff,0x30,0xff,0xf5,0xff,0x00,0x00,
        0x00,0x00,0x00,0x00,0x00,0x00,0x00,0x00,0x00,0x00,0x00,0x00,0x00,0x00,0x00,0x00,
        0x00,0x00,0x00,0x00,0x00,0x00,0x00,0x00,0x00,0x00,0x00,0x00,0x00,0x00,0x00,0x00,
        0x00,0x00,0x00,0x00,0x00,0x00,0x00,0x00,0x00,0x00,0x00,0x00,0x00,0x00,0x00,0x00,
        0x00,0x00,0xff,0x03,0xff,0x03,0xff,0x03,0xff,0x02,0x3f,0x43,0xff,0xd7,0x00,0x00,
        0x00,0x00,0xff,0x07,0xff,0x07,0xff,0x07,0xff,0x03,0x3f,0x07,0xff,0x57,0x00,0x00,
        0x00,0x00,0xff,0x0f,0xff,0x0f,0xff,0x0f,0xff,0x0f,0x3f,0x0f,0xff,0x5f,0x00,0x00,
        0x00,0x00,0xf4,0xff,0xf4,0xff,0xf4,0xff,0xf4,0xff,0x30,0xff,0xf4,0xff,0x00,0x00,
        0x00,0x00,0xf4,0xff,0xf4,0xff,0xf0,0xff,0xf0,0xff,0x20,0xff,0xd1,0xff,0x00,0x00,
        0x00,0x00,0x00,0x00,0x00,0x00,0x00,0x00,0x00,0x00,0x00,0x00,0x00,0x00,0x00,0x00,
        0x00,0x00,0x00,0x00,0x00,0x00,0x00,0x00,0x00,0x00,0x00,0x00,0x00,0x00,0x00,0x00,
        0x00,0x00,0x00,0x00,0x00,0x00,0x00,0x00,0x00,0x00,0x00,0x00,0x00,0x00,0x00,0x00,
        0x00,0x00,0xff,0x17,0xff,0x07,0xff,0x03,0xff,0x03,0x3f,0x42,0xff,0xd1,0x00,0x00,
        0x00,0x00,0xff,0x17,0xff,0x07,0xff,0x07,0xff,0x07,0x3f,0x03,0xff,0x47,0x00,0x00,
        0x00,0x00,0xff,0x1f,0xff,0x0f,0xff,0x0f,0xff,0x0f,0x3f,0x0f,0xff,0x1f,0x00,0x00,
        0x00,0x00,0xfc,0xff,0xfc,0xff,0xf4,0xff,0xf4,0xff,0x34,0xff,0xf0,0xff,0x00,0x00,
        0x00,0x00,0xfc,0xff,0xfc,0xff,0xf4,0xff,0xf4,0xff,0x30,0xff,0xc4,0xff,0x00,0x00,
        0x00,0x00,0xfc,0x7f,0xfc,0x7f,0xf4,0xff,0xf4,0xff,0x15,0xfd,0xa3,0xff,0x00,0x00,
        0x00,0x00,0xfc,0x3f,0xfc,0x3f,0xfc,0x7f,0xfd,0xff,0x2f,0xfe,0x4f,0xfc,0x00,0x00,
        0x00,0x00,0xfd,0x3f,0xfd,0x1f,0xfd,0x17,0xff,0x57,0x1f,0xd5,0xbf,0xf2,0x00,0x00,
        0x00,0x00,0xff,0x3f,0xff,0x1f,0xff,0x07,0xff,0x07,0x3f,0x43,0xff,0xc4,0x00,0x00,
        0x00,0x00,0xff,0x3f,0xff,0x1f,0xff,0x07,0xff,0x07,0x3f,0x07,0xff,0x03,0x00,0x00,
        0x00,0x00,0xff,0x3f,0xff,0x1f,0xff,0x0f,0xff,0x0f,0x3f,0x0f,0xff,0x0f,0x00,0x00,
        0x00,0x00,0xf5,0xff,0xff,0xff,0xff,0xff,0xff,0xff,0xff,0xfc,0xff,0xff,0x00,0x00,
        0x00,0x00,0xd5,0xff,0xff,0xff,0xff,0xff,0xff,0xff,0xff,0xfc,0xff,0xff,0x00,0x00,
        0x00,0x00,0x57,0xff,0xff,0xff,0xff,0xff,0xff,0xff,0xff,0xfc,0xff,0xff,0x00,0x00,
        0x00,0x00,0x5f,0xfd,0xff,0xff,0xff,0xff,0xff,0xff,0xff,0xfc,0xff,0xff,0x00,0x00,
        0x00,0x00,0x7f,0xf5,0xff,0xff,0xff,0xff,0xff,0xff,0xff,0xfc,0xff,0xff,0x00,0x00,
        0x00,0x00,0xff,0xd5,0xff,0xff,0xff,0xff,0xff,0xff,0xff,0xfc,0xff,0xff,0x00,0x00,
        0x00,0x00,0xff,0x57,0xff,0xff,0xff,0xff,0xff,0xff,0xff,0xfc,0xff,0xff,0x00,0x00,
        0x00,0x00,0xff,0x5f,0xff,0xff,0xff,0xff,0xff,0xff,0xff,0xfc,0xff,0xff,0x00,0x00,
        0x00,0x00,0xf4,0xff,0xd5,0xff,0xff,0xff,0xff,0xff,0xff,0xfc,0xff,0xff,0x00,0x00,
        0x00,0x00,0xd1,0xff,0x55,0xff,0xff,0xff,0xff,0xff,0xff,0xfc,0xff,0xff,0x00,0x00,
        0x00,0x00,0x45,0xff,0x55,0xfd,0xff,0xff,0xff,0xff,0xff,0xfc,0xff,0xff,0x00,0x00,
        0x00,0x00,0x1d,0xfd,0x55,0xf5,0xff,0xff,0xff,0xff,0xff,0xfc,0xff,0xff,0x00,0x00,
        0x00,0x00,0x7f,0xf4,0x55,0x55,0xff,0xff,0xff,0xff,0xff,0xfc,0xff,0xff,0x00,0x00,
        0x00,0x00,0xff,0xd1,0x7f,0x55,0xff,0xff,0xff,0xff,0xff,0xfc,0xff,0xff,0x00,0x00,
        0x00,0x00,0xff,0x47,0xff,0x55,0xff,0xff,0xff,0xff,0xff,0xfc,0xff,0xff,0x00,0x00,
        0x00,0x00,0xff,0x1f,0xff,0x57,0xff,0xff,0xff,0xff,0xff,0xfc,0xff,0xff,0x00,0x00,
        0x00,0x00,0xd0,0xff,0xd0,0xff,0xf5,0xff,0xff,0xff,0xff,0xfc,0xff,0xff,0x00,0x00,
        0x00,0x00,0x40,0xff,0x40,0xff,0xd5,0xff,0xff,0xff,0xff,0xfc,0xff,0xff,0x00,0x00,
        0x00,0x00,0x00,0xfd,0x00,0xfd,0x55,0xff,0xff,0xff,0xff,0xfc,0xff,0xff,0x00,0x00,
        0x00,0x00,0x05,0x54,0x00,0x54,0x55,0xfd,0xff,0xff,0xff,0xfc,0xff,0xff,0x00,0x00,
        0x00,0x00,0x15,0x50,0x15,0x50,0x55,0x55,0xff,0xff,0xff,0xfc,0xff,0xff,0x00,0x00,
        0x00,0x00,0x55,0x40,0x55,0x00,0xff,0x55,0xff,0xff,0xff,0xfc,0xff,0xff,0x00,0x00,
        0x00,0x00,0xff,0x01,0xff,0x01,0xff,0x57,0xff,0xff,0xff,0xfc,0xff,0xff,0x00,0x00,
        0x00,0x00,0xff,0x07,0xff,0x07,0xff,0x5f,0xff,0xff,0xff,0xfc,0xff,0xff,0x00,0x00,
        0x00,0x00,0xd0,0xff,0xd0,0xff,0xf0,0xff,0xf5,0xff,0xff,0xfc,0xff,0xff,0x00,0x00,
        0x00,0x00,0x40,0xff,0x40,0xff,0xd0,0xff,0xd5,0xff,0xff,0xfc,0xff,0xff,0x00,0x00,
        0x00,0x00,0x00,0xfd,0x00,0xfd,0x40,0xff,0xd5,0xff,0xff,0xfc,0xff,0xff,0x00,0x00,
        0x00,0x00,0x00,0x54,0x00,0x54,0x00,0xfd,0xd5,0xff,0xff,0xfc,0xff,0xff,0x00,0x00,
        0x00,0x00,0x00,0x00,0x00,0x00,0x55,0x54,0xff,0xff,0xff,0xfc,0xff,0xff,0x00,0x00,
        0x00,0x00,0x55,0x00,0x55,0x00,0xff,0x01,0xff,0x5f,0xff,0xfc,0xff,0xff,0x00,0x00,
        0x00,0x00,0xff,0x01,0xff,0x01,0xff,0x07,0xff,0x5f,0xff,0xfc,0xff,0xff,0x00,0x00,
        0x00,0x00,0xff,0x07,0xff,0x07,0xff,0x1f,0xff,0x5f,0xff,0xfc,0xff,0xff,0x00,0x00,
        0x00,0x00,0xd0,0xff,0xf0,0xff,0xf0,0xff,0xf0,0xff,0xf5,0xfc,0xff,0xff,0x00,0x00,
        0x00,0x00,0x50,0xff,0xd0,0xff,0xc0,0xff,0xd0,0xff,0xd5,0xfc,0xff,0xff,0x00,0x00,
        0x00,0x00,0x40,0xfd,0x40,0xff,0x00,0xff,0xc0,0xff,0xd5,0xfc,0xff,0xff,0x00,0x00,
        0x00,0x00,0x00,0x00,0x00,0x00,0x00,0x00,0x00,0x00,0x00,0x00,0x00,0x00,0x00,0x00,
        0x00,0x00,0x00,0x00,0x00,0x00,0x00,0x00,0x00,0x00,0x00,0x00,0x00,0x00,0x00,0x00,
        0x00,0x00,0x00,0x00,0x00,0x00,0x00,0x00,0x00,0x00,0x00,0x00,0x00,0x00,0x00,0x00,
        0x00,0x00,0xff,0x05,0xff,0x07,0xff,0x03,0xff,0x0f,0xff,0x5c,0xff,0xff,0x00,0x00,
        0x00,0x00,0xff,0x17,0xff,0x1f,0xff,0x0f,0xff,0x1f,0xff,0x5c,0xff,0xff,0x00,0x00,
        0x00,0x00,0xf0,0xff,0xf0,0xff,0xf0,0xff,0xf0,0xff,0xf0,0xfc,0xf5,0xff,0x00,0x00,
        0x00,0x00,0xd0,0xff,0xd0,0xff,0xd0,0xff,0xc0,0xff,0xd0,0xfc,0xd5,0xff,0x00,0x00,
        0x00,0x00,0xc0,0xff,0xc0,0xff,0xc0,0xff,0x80,0xff,0xc1,0xfc,0xd7,0xff,0x00,0x00,
        0x00,0x00,0x00,0x00,0x00,0x00,0x00,0x00,0x00,0x00,0x00,0x00,0x00,0x00,0x00,0x00,
        0x00,0x00,0x00,0x00,0x00,0x00,0x00,0x00,0x00,0x00,0x00,0x00,0x00,0x00,0x00,0x00,
        0x00,0x00,0x00,0x00,0x00,0x00,0x00,0x00,0x00,0x00,0x00,0x00,0x00,0x00,0x00,0x00,
        0x00,0x00,0xff,0x0f,0xff,0x0f,0xff,0x0f,0xff,0x0b,0xff,0x0c,0xff,0x5f,0x00,0x00,
        0x00,0x00,0xff,0x1f,0xff,0x1f,0xff,0x1f,0xff,0x0f,0xff,0x1c,0xff,0x5f,0x00,0x00,
        0x00,0x00,0xf4,0xff,0xf0,0xff,0xf0,0xff,0xf0,0xff,0xf0,0xfc,0xf4,0xff,0x00,0x00,
        0x00,0x00,0xd4,0xff,0xd0,0xff,0xd0,0xff,0xd0,0xff,0xc0,0xfc,0xd1,0xff,0x00,0x00,
        0x00,0x00,0xd4,0xff,0xd0,0xff,0xc0,0xff,0xc0,0xff,0x81,0xfc,0x47,0xff,0x00,0x00,
        0x00,0x00,0x00,0x00,0x00,0x00,0x00,0x00,0x00,0x00,0x00,0x00,0x00,0x00,0x00,0x00,
        0x00,0x00,0x00,0x00,0x00,0x00,0x00,0x00,0x00,0x00,0x00,0x00,0x00,0x00,0x00,0x00,
        0x00,0x00,0x00,0x00,0x00,0x00,0x00,0x00,0x00,0x00,0x00,0x00,0x00,0x00,0x00,0x00,
        0x00,0x00,0xff,0x1f,0xff,0x1f,0xff,0x0f,0xff,0x0f,0xff,0x08,0xff,0x47,0x00,0x00,
        0x00,0x00,0xff,0x1f,0xff,0x1f,0xff,0x1f,0xff,0x1f,0xff,0x0c,0xff,0x1f,0x00,0x00,
        0x00,0x00,0xfc,0xff,0xf4,0xff,0xf0,0xff,0xf0,0xff,0xf0,0xfc,0xf0,0xff,0x00,0x00,
        0x00,0x00,0xfc,0xff,0xf4,0xff,0xd0,0xff,0xd0,0xff,0xd0,0xfc,0xc0,0xff,0x00,0x00,
        0x00,0x00,0xfc,0xff,0xf4,0xff,0xd0,0xff,0xd0,0xff,0xc1,0xfc,0x13,0xff,0x00,0x00,
        0x00,0x00,0xfc,0x7f,0xf4,0x7f,0xd4,0x7f,0xd5,0xff,0x57,0xf4,0x8f,0xfe,0x00,0x00,
        0x00,0x00,0xfc,0x3f,0xfc,0x3f,0xfd,0x3f,0xff,0x7f,0xbf,0xf8,0x3f,0xf1,0x00,0x00,
        0x00,0x00,0xfd,0x3f,0xfd,0x3f,0xff,0x1f,0xff,0x1f,0x7f,0x54,0xff,0xca,0x00,0x00,
        0x00,0x00,0xff,0x3f,0xff,0x3f,0xff,0x1f,0xff,0x1f,0xff,0x0c,0xff,0x13,0x00,0x00,
        0x00,0x00,0xff,0x3f,0xff,0x3f,0xff,0x1f,0xff,0x1f,0xff,0x1c,0xff,0x0f,0x00,0x00,
        0x00,0x00,0xf5,0xff,0xff,0xff,0xff,0xff,0xff,0xff,0xff,0xf3,0xff,0xff,0x00,0x00,
        0x00,0x00,0xd5,0xff,0xff,0xff,0xff,0xff,0xff,0xff,0xff,0xf3,0xff,0xff,0x00,0x00,
        0x00,0x00,0x57,0xff,0xff,0xff,0xff,0xff,0xff,0xff,0xff,0xf3,0xff,0xff,0x00,0x00,
        0x00,0x00,0x5f,0xfd,0xff,0xff,0xff,0xff,0xff,0xff,0xff,0xf3,0xff,0xff,0x00,0x00,
        0x00,0x00,0x7f,0xf5,0xff,0xff,0xff,0xff,0xff,0xff,0xff,0xf3,0xff,0xff,0x00,0x00,
        0x00,0x00,0xff,0xd5,0xff,0xff,0xff,0xff,0xff,0xff,0xff,0xf3,0xff,0xff,0x00,0x00,
        0x00,0x00,0xff,0x57,0xff,0xff,0xff,0xff,0xff,0xff,0xff,0xf3,0xff,0xff,0x00,0x00,
        0x00,0x00,0xff,0x5f,0xff,0xff,0xff,0xff,0xff,0xff,0xff,0xf3,0xff,0xff,0x00,0x00,
        0x00,0x00,0xf4,0xff,0xd5,0xff,0xff,0xff,0xff,0xff,0xff,0xf3,0xff,0xff,0x00,0x00,
        0x00,0x00,0xd1,0xff,0x55,0xff,0xff,0xff,0xff,0xff,0xff,0xf3,0xff,0xff,0x00,0x00,
        0x00,0x00,0x45,0xff,0x55,0xfd,0xff,0xff,0xff,0xff,0xff,0xf3,0xff,0xff,0x00,0x00,
        0x00,0x00,0x15,0xfd,0x55,0xf5,0xff,0xff,0xff,0xff,0xff,0xf3,0xff,0xff,0x00,0x00,
        0x00,0x00,0x75,0xf4,0x55,0xd5,0xff,0xff,0xff,0xff,0xff,0xf3,0xff,0xff,0x00,0x00,
        0x00,0x00,0xff,0xd1,0x55,0x55,0xff,0xff,0xff,0xff,0xff,0xf3,0xff,0xff,0x00,0x00,
        0x00,0x00,0xff,0x47,0xff,0x55,0xff,0xff,0xff,0xff,0xff,0xf3,0xff,0xff,0x00,0x00,
        0x00,0x00,0xff,0x1f,0xff,0x57,0xff,0xff,0xff,0xff,0xff,0xf3,0xff,0xff,0x00,0x00,
        0x00,0x00,0xd0,0xff,0xd0,0xff,0xd5,0xff,0xff,0xff,0xff,0xf3,0xff,0xff,0x00,0x00,
        0x00,0x00,0x40,0xff,0x40,0xff,0xd5,0xff,0xff,0xff,0xff,0xf3,0xff,0xff,0x00,0x00,
        0x00,0x00,0x00,0xfd,0x00,0xfd,0x55,0xff,0xff,0xff,0xff,0xf3,0xff,0xff,0x00,0x00,
        0x00,0x00,0x00,0xf4,0x00,0xf4,0x55,0xfd,0xff,0xff,0xff,0xf3,0xff,0xff,0x00,0x00,
        0x00,0x00,0x15,0x50,0x00,0x50,0x55,0xf5,0xff,0xff,0xff,0xf3,0xff,0xff,0x00,0x00,
        0x00,0x00,0x55,0x40,0x55,0x40,0x57,0x55,0xff,0xff,0xff,0xf3,0xff,0xff,0x00,0x00,
        0x00,0x00,0x57,0x01,0x57,0x01,0xff,0x57,0xff,0xff,0xff,0xf3,0xff,0xff,0x00,0x00,
        0x00,0x00,0xff,0x07,0xff,0x07,0xff,0x5f,0xff,0xff,0xff,0xf3,0xff,0xff,0x00,0x00,
        0x00,0x00,0xd0,0xff,0xd0,0xff,0xd0,0xff,0xd5,0xff,0xff,0xf3,0xff,0xff,0x00,0x00,
        0x00,0x00,0x40,0xff,0x40,0xff,0xc0,0xff,0xd5,0xff,0xff,0xf3,0xff,0xff,0x00,0x00,
        0x00,0x00,0x00,0xfd,0x00,0xfd,0x40,0xff,0x55,0xff,0xff,0xf3,0xff,0xff,0x00,0x00,
        0x00,0x00,0x00,0xf4,0x00,0xf4,0x00,0xfd,0x55,0xff,0xff,0xf3,0xff,0xff,0x00,0x00,
        0x00,0x00,0x00,0x50,0x00,0x50,0x01,0xf4,0x57,0xff,0xff,0xf3,0xff,0xff,0x00,0x00,
        0x00,0x00,0x01,0x00,0x01,0x00,0x57,0x51,0xff,0xff,0xff,0xf3,0xff,0xff,0x00,0x00,
        0x00,0x00,0x57,0x01,0x57,0x01,0xff,0x07,0xff,0x7f,0xff,0xf3,0xff,0xff,0x00,0x00,
        0x00,0x00,0xff,0x07,0xff,0x07,0xff,0x1f,0xff,0x7f,0xff,0xf3,0xff,0xff,0x00,0x00,
        0x00,0x00,0xd0,0xff,0xd0,0xff,0xd0,0xff,0xd0,0xff,0xd5,0xf3,0xff,0xff,0x00,0x00,
        0x00,0x00,0x40,0xff,0xc0,0xff,0xc0,0xff,0xc0,0xff,0xd5,0xf3,0xff,0xff,0x00,0x00,
        0x00,0x00,0x40,0xfd,0x40,0xff,0x00,0xff,0x40,0xff,0x55,0xf3,0xff,0xff,0x00,0x00,
        0x00,0x00,0x00,0xf5,0x00,0xfd,0x00,0xfc,0x01,0xff,0x57,0xf3,0xff,0xff,0x00,0x00,
        0x00,0x00,0x00,0x00,0x00,0x00,0x00,0x00,0x00,0x00,0x00,0x00,0x00,0x00,0x00,0x00,
        0x00,0x00,0x00,0x00,0x00,0x00,0x00,0x00,0x00,0x00,0x00,0x00,0x00,0x00,0x00,0x00,
        0x00,0x00,0x00,0x00,0x00,0x00,0x00,0x00,0x00,0x00,0x00,0x00,0x00,0x00,0x00,0x00,
        0x00,0x00,0xff,0x17,0xff,0x1f,0xff,0x0f,0xff,0x3f,0xff,0x73,0xff,0xff,0x00,0x00,
        0x00,0x00,0xd0,0xff,0xd0,0xff,0xd0,0xff,0xd0,0xff,0xd0,0xf3,0xf5,0xff,0x00,0x00,
        0x00,0x00,0xc0,0xff,0xc0,0xff,0xc0,0xff,0xc0,0xff,0xc0,0xf3,0xd5,0xff,0x00,0x00,
        0x00,0x00,0x40,0xff,0x40,0xff,0x40,0xff,0x00,0xff,0x41,0xf3,0x57,0xff,0x00,0x00,
        0x00,0x00,0x00,0xff,0x00,0xff,0x00,0xff,0x01,0xfe,0x07,0xf3,0x5f,0xff,0x00,0x00,
        0x00,0x00,0x00,0x00,0x00,0x00,0x00,0x00,0x00,0x00,0x00,0x00,0x00,0x00,0x00,0x00,
        0x00,0x00,0x00,0x00,0x00,0x00,0x00,0x00,0x00,0x00,0x00,0x00,0x00,0x00,0x00,0x00,
        0x00,0x00,0x00,0x00,0x00,0x00,0x00,0x00,0x00,0x00,0x00,0x00,0x00,0x00,0x00,0x00,
        0x00,0x00,0xff,0x3f,0xff,0x3f,0xff,0x3f,0xff,0x2f,0xff,0x33,0xff,0x7f,0x00,0x00,
        0x00,0x00,0xd0,0xff,0xd0,0xff,0xd0,0xff,0xd0,0xff,0xd0,0xf3,0xf4,0xff,0x00,0x00,
        0x00,0x00,0xd0,0xff,0xc0,0xff,0xc0,0xff,0xc0,0xff,0xc0,0xf3,0xd1,0xff,0x00,0x00,
        0x00,0x00,0x50,0xff,0x40,0xff,0x40,0xff,0x40,0xff,0x01,0xf3,0x47,0xff,0x00,0x00,
        0x00,0x00,0x50,0xff,0x40,0xff,0x00,0xff,0x01,0xff,0x07,0xf2,0x1f,0xfd,0x00,0x00,
        0x00,0x00,0x00,0x00,0x00,0x00,0x00,0x00,0x00,0x00,0x00,0x00,0x00,0x00,0x00,0x00,
        0x00,0x00,0x00,0x00,0x00,0x00,0x00,0x00,0x00,0x00,0x00,0x00,0x00,0x00,0x00,0x00,
        0x00,0x00,0x00,0x00,0x00,0x00,0x00,0x00,0x00,0x00,0x00,0x00,0x00,0x00,0x00,0x00,
        0x00,0x00,0xff,0x3f,0xff,0x3f,0xff,0x3f,0xff,0x3f,0xff,0x03,0xff,0x1f,0x00,0x00,
        0x00,0x00,0xf4,0xff,0xd0,0xff,0xd0,0xff,0xd0,0xff,0xd0,0xf3,0xf0,0xff,0x00,0x00,
        0x00,0x00,0xf4,0xff,0xd0,0xff,0xc0,0xff,0xc0,0xff,0xc0,0xf3,0xc0,0xff,0x00,0x00,
        0x00,0x00,0xf4,0xff,0xd0,0xff,0x40,0xff,0x40,0xff,0x41,0xf3,0x03,0xff,0x00,0x00,
        0x00,0x00,0xf4,0xff,0xd0,0xff,0x40,0xff,0x41,0xff,0x07,0xf3,0x4f,0xfc,0x00,0x00,
        0x00,0x00,0xf4,0x7f,0xd4,0x7f,0x55,0x7f,0x57,0x7f,0x5f,0xd1,0x3f,0xfa,0x00,0x00,
        0x00,0x00,0xfd,0x3f,0xfd,0x3f,0xff,0x3f,0xff,0x3f,0xff,0x62,0xff,0xc4,0x00,0x00,
        0x00,0x00,0xff,0x3f,0xff,0x3f,0xff,0x3f,0xff,0x3f,0xff,0x11,0xff,0x2b,0x00,0x00,
        0x00,0x00,0xff,0x3f,0xff,0x3f,0xff,0x3f,0xff,0x3f,0xff,0x23,0xff,0x0f,0x00,0x00,
        0x00,0x00,0xf5,0xff,0xff,0xff,0xff,0xff,0xff,0xff,0xff,0xcf,0xff,0xff,0x00,0x00,
        0x00,0x00,0xd5,0xff,0xff,0xff,0xff,0xff,0xff,0xff,0xff,0xcf,0xff,0xff,0x00,0x00,
        0x00,0x00,0x57,0xff,0xff,0xff,0xff,0xff,0xff,0xff,0xff,0xcf,0xff,0xff,0x00,0x00,
        0x00,0x00,0x5f,0xfd,0xff,0xff,0xff,0xff,0xff,0xff,0xff,0xcf,0xff,0xff,0x00,0x00,
        0x00,0x00,0x7f,0xf5,0xff,0xff,0xff,0xff,0xff,0xff,0xff,0xcf,0xff,0xff,0x00,0x00,
        0x00,0x00,0xff,0xd5,0xff,0xff,0xff,0xff,0xff,0xff,0xff,0xcf,0xff,0xff,0x00,0x00,
        0x00,0x00,0xff,0x57,0xff,0xff,0xff,0xff,0xff,0xff,0xff,0xcf,0xff,0xff,0x00,0x00,
        0x00,0x00,0xff,0x5f,0xff,0xff,0xff,0xff,0xff,0xff,0xff,0xcf,0xff,0xff,0x00,0x00,
        0x00,0x00,0xd4,0xff,0xd5,0xff,0xff,0xff,0xff,0xff,0xff,0xcf,0xff,0xff,0x00,0x00,
        0x00,0x00,0xd1,0xff,0x55,0xff,0xff,0xff,0xff,0xff,0xff,0xcf,0xff,0xff,0x00,0x00,
        0x00,0x00,0x45,0xff,0x55,0xfd,0xff,0xff,0xff,0xff,0xff,0xcf,0xff,0xff,0x00,0x00,
        0x00,0x00,0x15,0xfd,0x55,0xf5,0xff,0xff,0xff,0xff,0xff,0xcf,0xff,0xff,0x00,0x00,
        0x00,0x00,0x55,0xf4,0x55,0xd5,0xff,0xff,0xff,0xff,0xff,0xcf,0xff,0xff,0x00,0x00,
        0x00,0x00,0xd5,0xd1,0x55,0x55,0xff,0xff,0xff,0xff,0xff,0xcf,0xff,0xff,0x00,0x00,
        0x00,0x00,0xff,0x47,0x57,0x55,0xff,0xff,0xff,0xff,0xff,0xcf,0xff,0xff,0x00,0x00,
        0x00,0x00,0xff,0x1f,0xff,0x57,0xff,0xff,0xff,0xff,0xff,0xcf,0xff,0xff,0x00,0x00,
        0x00,0x00,0xc0,0xff,0xc0,0xff,0xd5,0xff,0xff,0xff,0xff,0xcf,0xff,0xff,0x00,0x00,
        0x00,0x00,0x40,0xff,0x40,0xff,0x55,0xff,0xff,0xff,0xff,0xcf,0xff,0xff,0x00,0x00,
        0x00,0x00,0x00,0xfd,0x00,0xfd,0x55,0xff,0xff,0xff,0xff,0xcf,0xff,0xff,0x00,0x00,
        0x00,0x00,0x00,0xf4,0x00,0xf4,0x55,0xfd,0xff,0xff,0xff,0xcf,0xff,0xff,0x00,0x00,
        0x00,0x00,0x00,0xd0,0x00,0xd0,0x55,0xf5,0xff,0xff,0xff,0xcf,0xff,0xff,0x00,0x00,
        0x00,0x00,0x55,0x40,0x01,0x40,0x57,0xd5,0xff,0xff,0xff,0xcf,0xff,0xff,0x00,0x00,
        0x00,0x00,0x57,0x01,0x57,0x01,0x5f,0x55,0xff,0xff,0xff,0xcf,0xff,0xff,0x00,0x00,
        0x00,0x00,0x5f,0x05,0x5f,0x05,0xff,0x5f,0xff,0xff,0xff,0xcf,0xff,0xff,0x00,0x00,
        0x00,0x00,0xc0,0xff,0xc0,0xff,0xc0,0xff,0xd5,0xff,0xff,0xcf,0xff,0xff,0x00,0x00,
        0x00,0x00,0x40,0xff,0x40,0xff,0x40,0xff,0x55,0xff,0xff,0xcf,0xff,0xff,0x00,0x00,
        0x00,0x00,0x00,0xfd,0x00,0xfd,0x00,0xff,0x55,0xff,0xff,0xcf,0xff,0xff,0x00,0x00,
        0x00,0x00,0x00,0xf4,0x00,0xf4,0x00,0xfd,0x55,0xfd,0xff,0xcf,0xff,0xff,0x00,0x00,
        0x00,0x00,0x00,0xd0,0x00,0xd0,0x01,0xf4,0x57,0xfd,0xff,0xcf,0xff,0xff,0x00,0x00,
        0x00,0x00,0x01,0x40,0x01,0x40,0x07,0xd0,0x5f,0xfd,0xff,0xcf,0xff,0xff,0x00,0x00,
        0x00,0x00,0x07,0x00,0x07,0x00,0x5f,0x45,0xff,0xff,0xff,0xcf,0xff,0xff,0x00,0x00,
        0x00,0x00,0x5f,0x05,0x5f,0x05,0xff,0x1f,0xff,0xff,0xff,0xcf,0xff,0xff,0x00,0x00,
        0x00,0x00,0xc0,0xff,0xc0,0xff,0xc0,0xff,0xc0,0xff,0xd5,0xcf,0xff,0xff,0x00,0x00,
        0x00,0x00,0x40,0xff,0x40,0xff,0x40,0xff,0x40,0xff,0x55,0xcf,0xff,0xff,0x00,0x00,
        0x00,0x00,0x00,0xfd,0x00,0xff,0x00,0xff,0x00,0xff,0x55,0xcf,0xff,0xff,0x00,0x00,
        0x00,0x00,0x00,0xf5,0x00,0xfd,0x00,0xfc,0x01,0xfd,0x57,0xcd,0xff,0xff,0x00,0x00,
        0x00,0x00,0x00,0xd4,0x00,0xf4,0x01,0xf0,0x07,0xfc,0x5f,0xcd,0xff,0xff,0x00,0x00,
        0x00,0x00,0x00,0x00,0x00,0x00,0x00,0x00,0x00,0x00,0x00,0x00,0x00,0x00,0x00,0x00,
        0x00,0x00,0x00,0x00,0x00,0x00,0x00,0x00,0x00,0x00,0x00,0x00,0x00,0x00,0x00,0x00,
        0x00,0x00,0x00,0x00,0x00,0x00,0x00,0x00,0x00,0x00,0x00,0x00,0x00,0x00,0x00,0x00,
        0x00,0x00,0xc0,0xff,0xc0,0xff,0xc0,0xff,0xc0,0xff,0xd0,0xcf,0xf5,0xff,0x00,0x00,
        0x00,0x00,0x40,0xff,0x40,0xff,0x40,0xff,0x40,0xff,0x40,0xcf,0xd5,0xff,0x00,0x00,
        0x00,0x00,0x00,0xff,0x00,0xff,0x00,0xff,0x00,0xff,0x01,0xcf,0x57,0xff,0x00,0x00,
        0x00,0x00,0x00,0xfd,0x00,0xfd,0x00,0xfd,0x01,0xfc,0x07,0xcd,0x5f,0xfd,0x00,0x00,
        0x00,0x00,0x00,0xfc,0x00,0xfc,0x01,0xfc,0x07,0xf8,0x1f,0xcc,0x7f,0xfd,0x00,0x00,
        0x00,0x00,0x00,0x00,0x00,0x00,0x00,0x00,0x00,0x00,0x00,0x00,0x00,0x00,0x00,0x00,
        0x00,0x00,0x00,0x00,0x00,0x00,0x00,0x00,0x00,0x00,0x00,0x00,0x00,0x00,0x00,0x00,
        0x00,0x00,0x00,0x00,0x00,0x00,0x00,0x00,0x00,0x00,0x00,0x00,0x00,0x00,0x00,0x00,
        0x00,0x00,0xc0,0xff,0xc0,0xff,0xc0,0xff,0xc0,0xff,0xd0,0xcf,0xf4,0xff,0x00,0x00,
        0x00,0x00,0x40,0xff,0x40,0xff,0x40,0xff,0x40,0xff,0x40,0xcf,0xd1,0xff,0x00,0x00,
        0x00,0x00,0x40,0xff,0x00,0xff,0x00,0xff,0x00,0xff,0x01,0xcf,0x47,0xff,0x00,0x00,
        0x00,0x00,0x40,0xfd,0x00,0xfd,0x00,0xfd,0x01,0xfd,0x07,0xcc,0x1f,0xfd,0x00,0x00,
        0x00,0x00,0x40,0x7d,0x00,0x7d,0x01,0x7c,0x07,0x7c,0x1f,0xc8,0x7f,0xf4,0x00,0x00,
        0x00,0x00,0x00,0x00,0x00,0x00,0x00,0x00,0x00,0x00,0x00,0x00,0x00,0x00,0x00,0x00,
        0x00,0x00,0x00,0x00,0x00,0x00,0x00,0x00,0x00,0x00,0x00,0x00,0x00,0x00,0x00,0x00,
        0x00,0x00,0x00,0x00,0x00,0x00,0x00,0x00,0x00,0x00,0x00,0x00,0x00,0x00,0x00,0x00,
        0x00,0x00,0xd0,0xff,0xc0,0xff,0xc0,0xff,0xc0,0xff,0xd0,0xcf,0xf0,0xff,0x00,0x00,
        0x00,0x00,0xd0,0xff,0x40,0xff,0x40,0xff,0x40,0xff,0x40,0xcf,0xc0,0xff,0x00,0x00,
        0x00,0x00,0xd0,0xff,0x40,0xff,0x00,0xff,0x00,0xff,0x01,0xcf,0x03,0xff,0x00,0x00,
        0x00,0x00,0xd0,0xff,0x40,0xff,0x00,0xfd,0x01,0xfd,0x07,0xcd,0x0f,0xfc,0x00,0x00,
        0x00,0x00,0xd0,0x7f,0x40,0x7f,0x01,0x7d,0x07,0x7d,0x1f,0xcc,0x3f,0xf1,0x00,0x00,
        0x00,0x00,0xd5,0x3f,0x55,0x3f,0x57,0x3d,0x5f,0x3d,0x7f,0x45,0xff,0xe8,0x00,0x00,
        0x00,0x00,0xff,0x3f,0xff,0x3f,0xff,0x3f,0xff,0x3f,0xff,0x0b,0xff,0x13,0x00,0x00,
        0x00,0x00,0xff,0x3f,0xff,0x3f,0xff,0x3f,0xff,0x3f,0xff,0x07,0xff,0x27,0x00,0x00,
        0x00,0x00,0xf5,0xff,0xff,0xff,0xff,0xff,0xff,0xff,0xff,0x3f,0xff,0xff,0x00,0x00,
        0x00,0x00,0xd5,0xff,0xff,0xff,0xff,0xff,0xff,0xff,0xff,0x3f,0xff,0xff,0x00,0x00,
        0x00,0x00,0x57,0xff,0xff,0xff,0xff,0xff,0xff,0xff,0xff,0x3f,0xff,0xff,0x00,0x00,
        0x00,0x00,0x5f,0xfd,0xff,0xff,0xff,0xff,0xff,0xff,0xff,0x3f,0xff,0xff,0x00,0x00,
        0x00,0x00,0x7f,0xf5,0xff,0xff,0xff,0xff,0xff,0xff,0xff,0x3f,0xff,0xff,0x00,0x00,
        0x00,0x00,0xff,0xd5,0xff,0xff,0xff,0xff,0xff,0xff,0xff,0x3f,0xff,0xff,0x00,0x00,
        0x00,0x00,0xff,0x57,0xff,0xff,0xff,0xff,0xff,0xff,0xff,0x3f,0xff,0xff,0x00,0x00,
        0x00,0x00,0xff,0x5f,0xff,0xff,0xff,0xff,0xff,0xff,0xff,0x3f,0xff,0xff,0x00,0x00,
        0x00,0x00,0x54,0xff,0x55,0xff,0xff,0xff,0xff,0xff,0xff,0x3f,0xff,0xff,0x00,0x00,
        0x00,0x00,0x51,0xff,0x55,0xff,0xff,0xff,0xff,0xff,0xff,0x3f,0xff,0xff,0x00,0x00,
        0x00,0x00,0x45,0xff,0x55,0xfd,0xff,0xff,0xff,0xff,0xff,0x3f,0xff,0xff,0x00,0x00,
        0x00,0x00,0x15,0xfd,0x55,0xf5,0xff,0xff,0xff,0xff,0xff,0x3f,0xff,0xff,0x00,0x00,
        0x00,0x00,0x55,0xf4,0x55,0xd5,0xff,0xff,0xff,0xff,0xff,0x3f,0xff,0xff,0x00,0x00,
        0x00,0x00,0x55,0xd1,0x55,0x55,0xff,0xff,0xff,0xff,0xff,0x3f,0xff,0xff,0x00,0x00,
        0x00,0x00,0x57,0x47,0x57,0x55,0xff,0xff,0xff,0xff,0xff,0x3f,0xff,0xff,0x00,0x00,
        0x00,0x00,0xff,0x1f,0x5f,0x55,0xff,0xff,0xff,0xff,0xff,0x3f,0xff,0xff,0x00,0x00,
        0x00,0x00,0x40,0xff,0x40,0xff,0x55,0xff,0xff,0xff,0xff,0x3f,0xff,0xff,0x00,0x00,
        0x00,0x00,0x00,0xff,0x00,0xff,0x55,0xff,0xff,0xff,0xff,0x3f,0xff,0xff,0x00,0x00,
        0x00,0x00,0x00,0xfd,0x00,0xfd,0x55,0xfd,0xff,0xff,0xff,0x3f,0xff,0xff,0x00,0x00,
        0x00,0x00,0x00,0xf4,0x00,0xf4,0x55,0xfd,0xff,0xff,0xff,0x3f,0xff,0xff,0x00,0x00,
        0x00,0x00,0x00,0x50,0x00,0x50,0x55,0xf5,0xff,0xff,0xff,0x3f,0xff,0xff,0x00,0x00,
        0x00,0x00,0x01,0x40,0x01,0x40,0x57,0xd5,0xff,0xff,0xff,0x3f,0xff,0xff,0x00,0x00,
        0x00,0x00,0x57,0x01,0x07,0x00,0x5f,0x55,0xff,0xff,0xff,0x3f,0xff,0xff,0x00,0x00,
        0x00,0x00,0x5f,0x05,0x5f,0x05,0x7f,0x55,0xff,0xff,0xff,0x3f,0xff,0xff,0x00,0x00,
        0x00,0x00,0x40,0xff,0x40,0xff,0x40,0xff,0x55,0xff,0xff,0x3f,0xff,0xff,0x00,0x00,
        0x00,0x00,0x00,0xff,0x00,0xff,0x00,0xff,0x55,0xff,0xff,0x3f,0xff,0xff,0x00,0x00,
        0x00,0x00,0x00,0xfd,0x00,0xfd,0x00,0xfd,0x55,0xfd,0xff,0x3f,0xff,0xff,0x00,0x00,
        0x00,0x00,0x00,0xf4,0x00,0xf4,0x00,0xfc,0x55,0xfd,0xff,0x3f,0xff,0xff,0x00,0x00,
        0x00,0x00,0x00,0x50,0x00,0x50,0x01,0x74,0x57,0xf5,0xff,0x3f,0xff,0xff,0x00,0x00,
        0x00,0x00,0x01,0x00,0x01,0x00,0x07,0x50,0x5f,0xf5,0xff,0x3f,0xff,0xff,0x00,0x00,
        0x00,0x00,0x07,0x00,0x07,0x00,0x1f,0x40,0x7f,0xf5,0xff,0x3f,0xff,0xff,0x00,0x00,
        0x00,0x00,0x1f,0x00,0x1f,0x00,0x7f,0x15,0xff,0xff,0xff,0x3f,0xff,0xff,0x00,0x00,
        0x00,0x00,0x40,0xff,0x40,0xff,0x40,0xff,0x40,0xff,0xd5,0x3f,0xff,0xff,0x00,0x00,
        0x00,0x00,0x00,0xff,0x00,0xff,0x00,0xff,0x00,0xff,0x55,0x3f,0xff,0xff,0x00,0x00,
        0x00,0x00,0x00,0xfd,0x00,0xfd,0x00,0xfd,0x00,0xfd,0x55,0x3d,0xff,0xff,0x00,0x00,
        0x00,0x00,0x00,0xf4,0x00,0xfc,0x00,0xfc,0x01,0xfc,0x57,0x3d,0xff,0xff,0x00,0x00,
        0x00,0x00,0x00,0x54,0x00,0x74,0x01,0x70,0x07,0x74,0x5f,0x35,0xff,0xff,0x00,0x00,
        0x00,0x00,0x01,0x10,0x01,0x10,0x07,0x00,0x1f,0x70,0x7f,0x35,0xff,0xff,0x00,0x00,
        0x00,0x00,0x00,0x00,0x00,0x00,0x00,0x00,0x00,0x00,0x00,0x00,0x00,0x00,0x00,0x00,
        0x00,0x00,0x00,0x00,0x00,0x00,0x00,0x00,0x00,0x00,0x00,0x00,0x00,0x00,0x00,0x00,
        0x00,0x00,0x40,0xff,0x40,0xff,0x40,0xff,0x40,0xff,0xd0,0x3f,0xf5,0xff,0x00,0x00,
        0x00,0x00,0x00,0xff,0x00,0xff,0x00,0xff,0x00,0xff,0x40,0x3f,0xd5,0xff,0x00,0x00,
        0x00,0x00,0x00,0xfd,0x00,0xfd,0x00,0xfd,0x00,0xfd,0x01,0x3d,0x57,0xff,0x00,0x00,
        0x00,0x00,0x00,0xfc,0x00,0xfc,0x00,0xfc,0x01,0xfc,0x07,0x3c,0x5f,0xfd,0x00,0x00,
        0x00,0x00,0x00,0x74,0x00,0x74,0x01,0x74,0x07,0x70,0x1f,0x34,0x7f,0xf5,0x00,0x00,
        0x00,0x00,0x01,0x30,0x01,0x30,0x07,0x30,0x1f,0x20,0x7f,0x30,0xff,0xf5,0x00,0x00,
        0x00,0x00,0x00,0x00,0x00,0x00,0x00,0x00,0x00,0x00,0x00,0x00,0x00,0x00,0x00,0x00,
        0x00,0x00,0x00,0x00,0x00,0x00,0x00,0x00,0x00,0x00,0x00,0x00,0x00,0x00,0x00,0x00,
        0x00,0x00,0x40,0xff,0x40,0xff,0x40,0xff,0x40,0xff,0xd0,0x3f,0xf4,0xff,0x00,0x00,
        0x00,0x00,0x00,0xff,0x00,0xff,0x00,0xff,0x00,0xff,0x40,0x3f,0xd1,0xff,0x00,0x00,
        0x00,0x00,0x00,0xfd,0x00,0xfd,0x00,0xfd,0x00,0xfd,0x01,0x3d,0x47,0xff,0x00,0x00,
        0x00,0x00,0x00,0xfd,0x00,0xfc,0x00,0xfc,0x01,0xfc,0x07,0x3c,0x1f,0xfd,0x00,0x00,
        0x00,0x00,0x00,0x75,0x00,0x74,0x01,0x74,0x07,0x74,0x1f,0x30,0x7f,0xf4,0x00,0x00,
        0x00,0x00,0x01,0x35,0x01,0x34,0x07,0x30,0x1f,0x30,0x7f,0x20,0xff,0xd1,0x00,0x00,
        0x00,0x00,0x00,0x00,0x00,0x00,0x00,0x00,0x00,0x00,0x00,0x00,0x00,0x00,0x00,0x00,
        0x00,0x00,0x00,0x00,0x00,0x00,0x00,0x00,0x00,0x00,0x00,0x00,0x00,0x00,0x00,0x00,
        0x00,0x00,0x40,0xff,0x40,0xff,0x40,0xff,0x40,0xff,0xd0,0x3f,0xf0,0xff,0x00,0x00,
        0x00,0x00,0x40,0xff,0x00,0xff,0x00,0xff,0x00,0xff,0x40,0x3f,0xc0,0xff,0x00,0x00,
        0x00,0x00,0x40,0xff,0x00,0xfd,0x00,0xfd,0x00,0xfd,0x01,0x3d,0x03,0xff,0x00,0x00,
        0x00,0x00,0x40,0xff,0x00,0xfd,0x00,0xfc,0x01,0xfc,0x07,0x3c,0x0f,0xfc,0x00,0x00,
        0x00,0x00,0x40,0x7f,0x00,0x7d,0x01,0x74,0x07,0x74,0x1f,0x34,0x3f,0xf0,0x00,0x00,
        0x00,0x00,0x41,0x3f,0x01,0x3d,0x07,0x34,0x1f,0x34,0x7f,0x30,0xff,0xc4,0x00,0x00,
        0x00,0x00,0x57,0x3f,0x57,0x3d,0x5f,0x35,0x7f,0x35,0xff,0x15,0xff,0x23,0x00,0x00,
        0x00,0x00,0xff,0x3f,0xff,0x3f,0xff,0x3f,0xff,0x3f,0xff,0x2f,0xff,0x07,0x00,0x00,
        0x00,0x00,0xf5,0xff,0xff,0xff,0xff,0xff,0xff,0xff,0xff,0xff,0xfc,0xff,0x00,0x00,
        0x00,0x00,0xd5,0xff,0xff,0xff,0xff,0xff,0xff,0xff,0xff,0xff,0xfc,0xff,0x00,0x00,
        0x00,0x00,0x57,0xff,0xff,0xff,0xff,0xff,0xff,0xff,0xff,0xff,0xfc,0xff,0x00,0x00,
        0x00,0x00,0x5f,0xfd,0xff,0xff,0xff,0xff,0xff,0xff,0xff,0xff,0xfc,0xff,0x00,0x00,
        0x00,0x00,0x7f,0xf5,0xff,0xff,0xff,0xff,0xff,0xff,0xff,0xff,0xfc,0xff,0x00,0x00,
        0x00,0x00,0xff,0xd5,0xff,0xff,0xff,0xff,0xff,0xff,0xff,0xff,0xfc,0xff,0x00,0x00,
        0x00,0x00,0xff,0x57,0xff,0xff,0xff,0xff,0xff,0xff,0xff,0xff,0xfc,0xff,0x00,0x00,
        0x00,0x00,0xff,0x5f,0xff,0xff,0xff,0xff,0xff,0xff,0xff,0xff,0xfc,0xff,0x00,0x00,
        0x00,0x00,0x54,0xf5,0x55,0xf5,0xff,0xff,0xff,0xff,0xff,0xff,0xfc,0xff,0x00,0x00,
        0x00,0x00,0x51,0xd5,0x55,0xd5,0xff,0xff,0xff,0xff,0xff,0xff,0xfc,0xff,0x00,0x00,
        0x00,0x00,0x45,0x55,0x55,0x55,0xff,0xff,0xff,0xff,0xff,0xff,0xfc,0xff,0x00,0x00,
        0x00,0x00,0x15,0x55,0x55,0x55,0xff,0xff,0xff,0xff,0xff,0xff,0xfc,0xff,0x00,0x00,
        0x00,0x00,0x57,0x54,0x57,0x55,0xff,0xff,0xff,0xff,0xff,0xff,0xfc,0xff,0x00,0x00,
        0x00,0x00,0x5f,0x51,0x5f,0x55,0xff,0xff,0xff,0xff,0xff,0xff,0xfc,0xff,0x00,0x00,
        0x00,0x00,0x7f,0x45,0x7f,0x55,0xff,0xff,0xff,0xff,0xff,0xff,0xfc,0xff,0x00,0x00,
        0x00,0x00,0xff,0x15,0xff,0x55,0xff,0xff,0xff,0xff,0xff,0xff,0xfc,0xff,0x00,0x00,
        0x00,0x00,0x00,0xf4,0x00,0xf4,0x55,0xfd,0xff,0xff,0xff,0xff,0xfc,0xff,0x00,0x00,
        0x00,0x00,0x00,0xd0,0x00,0xd0,0x55,0xf5,0xff,0xff,0xff,0xff,0xfc,0xff,0x00,0x00,
        0x00,0x00,0x00,0x40,0x00,0x40,0x55,0xd5,0xff,0xff,0xff,0xff,0xfc,0xff,0x00,0x00,
        0x00,0x00,0x01,0x00,0x01,0x00,0x57,0x55,0xff,0xff,0xff,0xff,0xfc,0xff,0x00,0x00,
        0x00,0x00,0x07,0x00,0x07,0x00,0x5f,0x55,0xff,0xff,0xff,0xff,0xfc,0xff,0x00,0x00,
        0x00,0x00,0x1f,0x00,0x1f,0x00,0x7f,0x55,0xff,0xff,0xff,0xff,0xfc,0xff,0x00,0x00,
        0x00,0x00,0x7f,0x00,0x7f,0x00,0xff,0x55,0xff,0xff,0xff,0xff,0xfc,0xff,0x00,0x00,
        0x00,0x00,0xff,0x01,0xff,0x01,0xff,0x55,0xff,0xff,0xff,0xff,0xfc,0xff,0x00,0x00,
        0x00,0x00,0x00,0xf4,0x00,0xf4,0x50,0xfd,0x55,0xff,0xff,0xff,0xfc,0xff,0x00,0x00,
        0x00,0x00,0x00,0xd0,0x00,0xd0,0x00,0xf4,0x55,0xfd,0xff,0xff,0xfc,0xff,0x00,0x00,
        0x00,0x00,0x00,0x40,0x00,0x40,0x01,0xd0,0x57,0xf5,0xff,0xff,0xfc,0xff,0x00,0x00,
        0x00,0x00,0x01,0x00,0x01,0x00,0x05,0x40,0x5f,0xd5,0xff,0xff,0xfc,0xff,0x00,0x00,
        0x00,0x00,0x07,0x00,0x07,0x00,0x1f,0x00,0x7f,0x55,0xff,0xff,0xfc,0xff,0x00,0x00,
        0x00,0x00,0x1f,0x00,0x1f,0x00,0x7f,0x00,0x7f,0x55,0xff,0xff,0xfc,0xff,0x00,0x00,
        0x00,0x00,0x7f,0x00,0x7f,0x00,0xff,0x00,0xff,0x55,0xff,0xff,0xfc,0xff,0x00,0x00,
        0x00,0x00,0xff,0x01,0xff,0x01,0xff,0x01,0xff,0x55,0xff,0xff,0xfc,0xff,0x00,0x00,
        0x00,0x00,0x00,0xf4,0x00,0xf4,0x00,0xfd,0x54,0xff,0xff,0xff,0xfc,0xff,0x00,0x00,
        0x00,0x00,0x00,0xd0,0x00,0xd0,0x00,0xf4,0x01,0xfd,0x5f,0xff,0xfc,0xff,0x00,0x00,
        0x00,0x00,0x00,0x40,0x00,0x40,0x00,0xd0,0x05,0xf4,0x5f,0xfd,0xfc,0xff,0x00,0x00,
        0x00,0x00,0x01,0x00,0x05,0x00,0x05,0x40,0x1d,0xd0,0x5f,0xf5,0xfc,0xff,0x00,0x00,
        0x00,0x00,0x07,0x00,0x17,0x00,0x1f,0x00,0x3f,0x40,0x7f,0xd5,0xfc,0xff,0x00,0x00,
        0x00,0x00,0x1f,0x00,0x5f,0x00,0x7f,0x00,0x7f,0x00,0x7f,0x55,0xfc,0xff,0x00,0x00,
        0x00,0x00,0x7f,0x00,0x7f,0x00,0xff,0x00,0xff,0x00,0xff,0x55,0xfc,0xff,0x00,0x00,
        0x00,0x00,0xff,0x01,0xff,0x01,0xff,0x01,0xff,0x01,0xff,0x57,0xfc,0xff,0x00,0x00,
        0x00,0x00,0x00,0x00,0x00,0x00,0x00,0x00,0x00,0x00,0x00,0x00,0x00,0x00,0x00,0x00,
        0x00,0x00,0x00,0x00,0x00,0x00,0x00,0x00,0x00,0x00,0x00,0x00,0x00,0x00,0x00,0x00,
        0x00,0x00,0x04,0x40,0x04,0x40,0x04,0xd0,0x00,0xf4,0x0d,0xfd,0x5c,0xff,0x00,0x00,
        0x00,0x00,0x15,0x00,0x15,0x00,0x1d,0x40,0x0d,0xd0,0x1d,0xf4,0x5c,0xfd,0x00,0x00,
        0x00,0x00,0x17,0x00,0x1f,0x00,0x3f,0x00,0x3f,0x40,0x3f,0xd0,0x7c,0xf5,0x00,0x00,
        0x00,0x00,0x5f,0x00,0x7f,0x00,0x7f,0x00,0x7f,0x00,0x7f,0x40,0xfc,0xd5,0x00,0x00,
        0x00,0x00,0x7f,0x00,0xff,0x00,0xff,0x00,0xff,0x00,0xff,0x01,0xfc,0x57,0x00,0x00,
        0x00,0x00,0xff,0x01,0xff,0x01,0xff,0x01,0xff,0x01,0xff,0x07,0xfc,0x5f,0x00,0x00,
        0x00,0x00,0x00,0x00,0x00,0x00,0x00,0x00,0x00,0x00,0x00,0x00,0x00,0x00,0x00,0x00,
        0x00,0x00,0x00,0x00,0x00,0x00,0x00,0x00,0x00,0x00,0x00,0x00,0x00,0x00,0x00,0x00,
        0x00,0x00,0x0c,0x40,0x0c,0x40,0x0c,0xd0,0x0c,0xf4,0x08,0xfd,0x4c,0xff,0x00,0x00,
        0x00,0x00,0x1d,0x00,0x1d,0x00,0x1d,0x40,0x1d,0xd0,0x0d,0xf4,0x1c,0xfd,0x00,0x00,
        0x00,0x00,0x3f,0x00,0x3f,0x00,0x3f,0x00,0x3f,0x40,0x3f,0xd0,0x7c,0xf4,0x00,0x00,
        0x00,0x00,0x7f,0x00,0x7f,0x00,0x7f,0x00,0x7f,0x00,0x7f,0x40,0xfc,0xd1,0x00,0x00,
        0x00,0x00,0xff,0x00,0xff,0x00,0xff,0x00,0xff,0x00,0xff,0x01,0xfc,0x47,0x00,0x00,
        0x00,0x00,0xff,0x01,0xff,0x01,0xff,0x01,0xff,0x01,0xff,0x07,0xfc,0x1f,0x00,0x00,
        0x00,0x00,0x00,0x00,0x00,0x00,0x00,0x00,0x00,0x00,0x00,0x00,0x00,0x00,0x00,0x00,
        0x00,0x00,0x00,0x00,0x00,0x00,0x00,0x00,0x00,0x00,0x00,0x00,0x00,0x00,0x00,0x00,
        0x00,0x00,0x5c,0x41,0x5c,0x40,0x1c,0xd0,0x1c,0xf4,0x0c,0xfd,0x18,0xff,0x00,0x00,
        0x00,0x00,0x5d,0x01,0x5d,0x00,0x1d,0x40,0x1d,0xd0,0x1d,0xf4,0x0c,0xfc,0x00,0x00,
        0x00,0x00,0x7f,0x01,0x7f,0x00,0x3f,0x00,0x3f,0x40,0x3f,0xd0,0x3c,0xf0,0x00,0x00,
        0x00,0x00,0x7f,0x01,0x7f,0x00,0x7f,0x00,0x7f,0x00,0x7f,0x40,0xfc,0xc0,0x00,0x00,
        0x00,0x00,0xff,0x01,0xff,0x00,0xff,0x00,0xff,0x00,0xff,0x01,0xfc,0x03,0x00,0x00,
        0x00,0x00,0xff,0x01,0xff,0x01,0xff,0x01,0xff,0x01,0xff,0x07,0xfc,0x0f,0x00,0x00,
        0x00,0x00,0xf5,0xff,0xff,0xff,0xff,0xff,0xff,0xff,0xff,0xff,0xf3,0xff,0x00,0x00,
        0x00,0x00,0xd5,0xff,0xff,0xff,0xff,0xff,0xff,0xff,0xff,0xff,0xf3,0xff,0x00,0x00,
        0x00,0x00,0x57,0xff,0xff,0xff,0xff,0xff,0xff,0xff,0xff,0xff,0xf3,0xff,0x00,0x00,
        0x00,0x00,0x5f,0xfd,0xff,0xff,0xff,0xff,0xff,0xff,0xff,0xff,0xf3,0xff,0x00,0x00,
        0x00,0x00,0x7f,0xf5,0xff,0xff,0xff,0xff,0xff,0xff,0xff,0xff,0xf3,0xff,0x00,0x00,
        0x00,0x00,0xff,0xd5,0xff,0xff,0xff,0xff,0xff,0xff,0xff,0xff,0xf3,0xff,0x00,0x00,
        0x00,0x00,0xff,0x57,0xff,0xff,0xff,0xff,0xff,0xff,0xff,0xff,0xf3,0xff,0x00,0x00,
        0x00,0x00,0xff,0x5f,0xff,0xff,0xff,0xff,0xff,0xff,0xff,0xff,0xf3,0xff,0x00,0x00,
        0x00,0x00,0x54,0xf5,0x55,0xf5,0xff,0xff,0xff,0xff,0xff,0xff,0xf3,0xff,0x00,0x00,
        0x00,0x00,0x51,0xd5,0x55,0xd5,0xff,0xff,0xff,0xff,0xff,0xff,0xf3,0xff,0x00,0x00,
        0x00,0x00,0x45,0x55,0x55,0x55,0xff,0xff,0xff,0xff,0xff,0xff,0xf3,0xff,0x00,0x00,
        0x00,0x00,0x15,0x55,0x55,0x55,0xff,0xff,0xff,0xff,0xff,0xff,0xf3,0xff,0x00,0x00,
        0x00,0x00,0x57,0x54,0x57,0x55,0xff,0xff,0xff,0xff,0xff,0xff,0xf3,0xff,0x00,0x00,
        0x00,0x00,0x5f,0x51,0x5f,0x55,0xff,0xff,0xff,0xff,0xff,0xff,0xf3,0xff,0x00,0x00,
        0x00,0x00,0x7f,0x45,0x7f,0x55,0xff,0xff,0xff,0xff,0xff,0xff,0xf3,0xff,0x00,0x00,
        0x00,0x00,0xff,0x15,0xff,0x55,0xff,0xff,0xff,0xff,0xff,0xff,0xf3,0xff,0x00,0x00,
        0x00,0x00,0x40,0xf5,0x40,0xf5,0xd5,0xff,0xff,0xff,0xff,0xff,0xf3,0xff,0x00,0x00,
        0x00,0x00,0x00,0xd0,0x00,0xd0,0x55,0xf5,0xff,0xff,0xff,0xff,0xf3,0xff,0x00,0x00,
        0x00,0x00,0x00,0x40,0x00,0x40,0x55,0xd5,0xff,0xff,0xff,0xff,0xf3,0xff,0x00,0x00,
        0x00,0x00,0x01,0x00,0x01,0x00,0x57,0x55,0xff,0xff,0xff,0xff,0xf3,0xff,0x00,0x00,
        0x00,0x00,0x07,0x00,0x07,0x00,0x5f,0x55,0xff,0xff,0xff,0xff,0xf3,0xff,0x00,0x00,
        0x00,0x00,0x1f,0x00,0x1f,0x00,0x7f,0x55,0xff,0xff,0xff,0xff,0xf3,0xff,0x00,0x00,
        0x00,0x00,0x7f,0x00,0x7f,0x00,0xff,0x55,0xff,0xff,0xff,0xff,0xf3,0xff,0x00,0x00,
        0x00,0x00,0xff,0x01,0xff,0x01,0xff,0x57,0xff,0xff,0xff,0xff,0xf3,0xff,0x00,0x00,
        0x00,0x00,0x40,0xf5,0x40,0xf5,0x50,0xfd,0xf5,0xff,0xff,0xff,0xf3,0xff,0x00,0x00,
        0x00,0x00,0x00,0xd0,0x00,0xd0,0x40,0xf5,0x55,0xfd,0xff,0xff,0xf3,0xff,0x00,0x00,
        0x00,0x00,0x00,0x40,0x00,0x40,0x01,0xd0,0x57,0xf5,0xff,0xff,0xf3,0xff,0x00,0x00,
        0x00,0x00,0x01,0x00,0x01,0x00,0x07,0x40,0x5f,0xd5,0xff,0xff,0xf3,0xff,0x00,0x00,
        0x00,0x00,0x07,0x00,0x07,0x00,0x1f,0x00,0x7f,0x55,0xff,0xff,0xf3,0xff,0x00,0x00,
        0x00,0x00,0x1f,0x00,0x1f,0x00,0x7f,0x00,0xff,0x55,0xff,0xff,0xf3,0xff,0x00,0x00,
        0x00,0x00,0x7f,0x00,0x7f,0x00,0xff,0x01,0xff,0x55,0xff,0xff,0xf3,0xff,0x00,0x00,
        0x00,0x00,0xff,0x01,0xff,0x01,0xff,0x03,0xff,0x57,0xff,0xff,0xf3,0xff,0x00,0x00,
        0x00,0x00,0x40,0xf5,0x50,0xf5,0x50,0xfd,0xf4,0xff,0xff,0xff,0xf3,0xff,0x00,0x00,
        0x00,0x00,0x00,0xd0,0x00,0xd0,0x00,0xf4,0x51,0xfd,0xff,0xff,0xf3,0xff,0x00,0x00,
        0x00,0x00,0x00,0x40,0x00,0x40,0x01,0xd0,0x07,0xf4,0x7f,0xfd,0xf3,0xff,0x00,0x00,
        0x00,0x00,0x01,0x00,0x05,0x00,0x07,0x40,0x1f,0xd0,0x7f,0xf5,0xf3,0xff,0x00,0x00,
        0x00,0x00,0x07,0x00,0x17,0x00,0x1f,0x00,0x7f,0x40,0x7f,0xd5,0xf3,0xff,0x00,0x00,
        0x00,0x00,0x1f,0x00,0x5f,0x00,0x7f,0x00,0xff,0x00,0xff,0x55,0xf3,0xff,0x00,0x00,
        0x00,0x00,0x7f,0x00,0x7f,0x01,0xff,0x01,0xff,0x01,0xff,0x55,0xf3,0xff,0x00,0x00,
        0x00,0x00,0xff,0x01,0xff,0x01,0xff,0x03,0xff,0x03,0xff,0x57,0xf3,0xff,0x00,0x00,
        0x00,0x00,0x00,0x00,0x00,0x00,0x00,0x00,0x00,0x00,0x00,0x00,0x00,0x00,0x00,0x00,
        0x00,0x00,0x00,0x00,0x00,0x00,0x00,0x00,0x00,0x00,0x00,0x00,0x00,0x00,0x00,0x00,
        0x00,0x00,0x00,0x00,0x00,0x00,0x00,0x00,0x00,0x00,0x00,0x00,0x00,0x00,0x00,0x00,
        0x00,0x00,0x15,0x00,0x15,0x00,0x1f,0x40,0x0f,0xd0,0x3f,0xf4,0x73,0xfd,0x00,0x00,
        0x00,0x00,0x57,0x00,0x5f,0x00,0x7f,0x00,0x3f,0x40,0x7f,0xd0,0x73,0xf5,0x00,0x00,
        0x00,0x00,0x5f,0x00,0x7f,0x00,0xff,0x00,0xff,0x00,0xff,0x40,0xf3,0xd5,0x00,0x00,
        0x00,0x00,0x7f,0x01,0xff,0x01,0xff,0x01,0xff,0x01,0xff,0x01,0xf3,0x57,0x00,0x00,
        0x00,0x00,0xff,0x01,0xff,0x03,0xff,0x03,0xff,0x03,0xff,0x07,0xf3,0x5f,0x00,0x00,
        0x00,0x00,0x00,0x00,0x00,0x00,0x00,0x00,0x00,0x00,0x00,0x00,0x00,0x00,0x00,0x00,
        0x00,0x00,0x00,0x00,0x00,0x00,0x00,0x00,0x00,0x00,0x00,0x00,0x00,0x00,0x00,0x00,
        0x00,0x00,0x00,0x00,0x00,0x00,0x00,0x00,0x00,0x00,0x00,0x00,0x00,0x00,0x00,0x00,
        0x00,0x00,0x3f,0x00,0x3f,0x00,0x3f,0x40,0x3f,0xd0,0x2f,0xf4,0x33,0xfd,0x00,0x00,
        0x00,0x00,0x7f,0x00,0x7f,0x00,0x7f,0x00,0x7f,0x40,0x3f,0xd0,0x73,0xf4,0x00,0x00,
        0x00,0x00,0xff,0x00,0xff,0x00,0xff,0x00,0xff,0x00,0xff,0x40,0xf3,0xd1,0x00,0x00,
        0x00,0x00,0xff,0x01,0xff,0x01,0xff,0x01,0xff,0x01,0xff,0x01,0xf3,0x47,0x00,0x00,
        0x00,0x00,0xff,0x03,0xff,0x03,0xff,0x03,0xff,0x03,0xff,0x07,0xf3,0x1f,0x00,0x00,
        0x00,0x00,0x00,0x00,0x00,0x00,0x00,0x00,0x00,0x00,0x00,0x00,0x00,0x00,0x00,0x00,
        0x00,0x00,0x00,0x00,0x00,0x00,0x00,0x00,0x00,0x00,0x00,0x00,0x00,0x00,0x00,0x00,
        0x00,0x00,0x00,0x00,0x00,0x00,0x00,0x00,0x00,0x00,0x00,0x00,0x00,0x00,0x00,0x00,
        0x00,0x00,0x7f,0x05,0x7f,0x01,0x7f,0x40,0x7f,0xd0,0x3f,0xf4,0x63,0xfc,0x00,0x00,
        0x00,0x00,0x7f,0x05,0x7f,0x01,0x7f,0x00,0x7f,0x40,0x7f,0xd0,0x33,0xf0,0x00,0x00,
        0x00,0x00,0xff,0x05,0xff,0x01,0xff,0x00,0xff,0x00,0xff,0x40,0xf3,0xc0,0x00,0x00,
        0x00,0x00,0xff,0x05,0xff,0x01,0xff,0x01,0xff,0x01,0xff,0x01,0xf3,0x03,0x00,0x00,
        0x00,0x00,0xff,0x07,0xff,0x03,0xff,0x03,0xff,0x03,0xff,0x07,0xf3,0x0f,0x00,0x00,
        0x00,0x00,0xf5,0xff,0xff,0xff,0xff,0xff,0xff,0xff,0xff,0xff,0xcf,0xff,0x00,0x00,
        0x00,0x00,0xd5,0xff,0xff,0xff,0xff,0xff,0xff,0xff,0xff,0xff,0xcf,0xff,0x00,0x00,
        0x00,0x00,0x57,0xff,0xff,0xff,0xff,0xff,0xff,0xff,0xff,0xff,0xcf,0xff,0x00,0x00,
        0x00,0x00,0x5f,0xfd,0xff,0xff,0xff,0xff,0xff,0xff,0xff,0xff,0xcf,0xff,0x00,0x00,
        0x00,0x00,0x7f,0xf5,0xff,0xff,0xff,0xff,0xff,0xff,0xff,0xff,0xcf,0xff,0x00,0x00,
        0x00,0x00,0xff,0xd5,0xff,0xff,0xff,0xff,0xff,0xff,0xff,0xff,0xcf,0xff,0x00,0x00,
        0x00,0x00,0xff,0x57,0xff,0xff,0xff,0xff,0xff,0xff,0xff,0xff,0xcf,0xff,0x00,0x00,
        0x00,0x00,0xff,0x5f,0xff,0xff,0xff,0xff,0xff,0xff,0xff,0xff,0xcf,0xff,0x00,0x00,
        0x00,0x00,0x54,0xff,0x55,0xff,0xff,0xff,0xff,0xff,0xff,0xff,0xcf,0xff,0x00,0x00,
        0x00,0x00,0x51,0xd5,0x55,0xd5,0xff,0xff,0xff,0xff,0xff,0xff,0xcf,0xff,0x00,0x00,
        0x00,0x00,0x45,0x55,0x55,0x55,0xff,0xff,0xff,0xff,0xff,0xff,0xcf,0xff,0x00,0x00,
        0x00,0x00,0x15,0x55,0x55,0x55,0xff,0xff,0xff,0xff,0xff,0xff,0xcf,0xff,0x00,0x00,
        0x00,0x00,0x57,0x54,0x57,0x55,0xff,0xff,0xff,0xff,0xff,0xff,0xcf,0xff,0x00,0x00,
        0x00,0x00,0x5f,0x51,0x5f,0x55,0xff,0xff,0xff,0xff,0xff,0xff,0xcf,0xff,0x00,0x00,
        0x00,0x00,0x7f,0x45,0x7f,0x55,0xff,0xff,0xff,0xff,0xff,0xff,0xcf,0xff,0x00,0x00,
        0x00,0x00,0xff,0x15,0xff,0x55,0xff,0xff,0xff,0xff,0xff,0xff,0xcf,0xff,0x00,0x00,
        0x00,0x00,0x40,0xff,0x40,0xff,0xd5,0xff,0xff,0xff,0xff,0xff,0xcf,0xff,0x00,0x00,
        0x00,0x00,0x00,0xd5,0x00,0xd5,0x55,0xff,0xff,0xff,0xff,0xff,0xcf,0xff,0x00,0x00,
        0x00,0x00,0x00,0x40,0x00,0x40,0x55,0xd5,0xff,0xff,0xff,0xff,0xcf,0xff,0x00,0x00,
        0x00,0x00,0x01,0x00,0x01,0x00,0x57,0x55,0xff,0xff,0xff,0xff,0xcf,0xff,0x00,0x00,
        0x00,0x00,0x07,0x00,0x07,0x00,0x5f,0x55,0xff,0xff,0xff,0xff,0xcf,0xff,0x00,0x00,
        0x00,0x00,0x1f,0x00,0x1f,0x00,0x7f,0x55,0xff,0xff,0xff,0xff,0xcf,0xff,0x00,0x00,
        0x00,0x00,0x7f,0x00,0x7f,0x00,0xff,0x55,0xff,0xff,0xff,0xff,0xcf,0xff,0x00,0x00,
        0x00,0x00,0xff,0x01,0xff,0x01,0xff,0x57,0xff,0xff,0xff,0xff,0xcf,0xff,0x00,0x00,
        0x00,0x00,0x40,0xff,0x40,0xff,0xd0,0xff,0xf5,0xff,0xff,0xff,0xcf,0xff,0x00,0x00,
        0x00,0x00,0x00,0xd5,0x00,0xd5,0x40,0xf5,0xd5,0xff,0xff,0xff,0xcf,0xff,0x00,0x00,
        0x00,0x00,0x00,0x40,0x00,0x40,0x01,0xd5,0x55,0xf5,0xff,0xff,0xcf,0xff,0x00,0x00,
        0x00,0x00,0x01,0x00,0x01,0x00,0x05,0x40,0x5f,0xd5,0xff,0xff,0xcf,0xff,0x00,0x00,
        0x00,0x00,0x07,0x00,0x07,0x00,0x1f,0x00,0x7f,0x55,0xff,0xff,0xcf,0xff,0x00,0x00,
        0x00,0x00,0x1f,0x00,0x1f,0x00,0x7f,0x00,0xff,0x55,0xff,0xff,0xcf,0xff,0x00,0x00,
        0x00,0x00,0x7f,0x00,0x7f,0x00,0xff,0x01,0xff,0x57,0xff,0xff,0xcf,0xff,0x00,0x00,
        0x00,0x00,0xff,0x01,0xff,0x01,0xff,0x07,0xff,0x57,0xff,0xff,0xcf,0xff,0x00,0x00,
        0x00,0x00,0x40,0xff,0x50,0xff,0xd0,0xff,0xf4,0xff,0xfd,0xff,0xcf,0xff,0x00,0x00,
        0x00,0x00,0x00,0xd5,0x40,0xd5,0x40,0xf5,0xd0,0xff,0xfd,0xff,0xcf,0xff,0x00,0x00,
        0x00,0x00,0x00,0x40,0x00,0x40,0x00,0xd0,0x45,0xf5,0xff,0xff,0xcf,0xff,0x00,0x00,
        0x00,0x00,0x01,0x00,0x05,0x00,0x05,0x40,0x1f,0xd0,0xff,0xf5,0xcf,0xff,0x00,0x00,
        0x00,0x00,0x07,0x00,0x17,0x00,0x1f,0x00,0x7f,0x40,0xff,0xd5,0xcf,0xff,0x00,0x00,
        0x00,0x00,0x1f,0x00,0x5f,0x00,0x7f,0x00,0xff,0x01,0xff,0x55,0xcf,0xff,0x00,0x00,
        0x00,0x00,0x7f,0x00,0x7f,0x01,0xff,0x01,0xff,0x03,0xff,0x57,0xcf,0xff,0x00,0x00,
        0x00,0x00,0xff,0x01,0xff,0x05,0xff,0x07,0xff,0x07,0xff,0x57,0xcf,0xff,0x00,0x00,
        0x00,0x00,0x54,0xff,0xd4,0xff,0xf4,0xff,0xf0,0xff,0xfc,0xff,0xcd,0xff,0x00,0x00,
        0x00,0x00,0x00,0x00,0x00,0x00,0x00,0x00,0x00,0x00,0x00,0x00,0x00,0x00,0x00,0x00,
        0x00,0x00,0x00,0x00,0x00,0x00,0x00,0x00,0x00,0x00,0x00,0x00,0x00,0x00,0x00,0x00,
        0x00,0x00,0x00,0x00,0x00,0x00,0x00,0x00,0x00,0x00,0x00,0x00,0x00,0x00,0x00,0x00,
        0x00,0x00,0x57,0x00,0x5f,0x00,0x7f,0x00,0x3f,0x40,0xff,0xd0,0xcf,0xf5,0x00,0x00,
        0x00,0x00,0x5f,0x01,0x7f,0x01,0xff,0x01,0xff,0x00,0xff,0x41,0xcf,0xd5,0x00,0x00,
        0x00,0x00,0x7f,0x01,0xff,0x01,0xff,0x03,0xff,0x03,0xff,0x03,0xcf,0x57,0x00,0x00,
        0x00,0x00,0xff,0x05,0xff,0x07,0xff,0x07,0xff,0x07,0xff,0x07,0xcf,0x5f,0x00,0x00,
        0x00,0x00,0xfc,0xff,0xfc,0xff,0xfc,0xff,0xfc,0xff,0xf8,0xff,0xcc,0xff,0x00,0x00,
        0x00,0x00,0x00,0x00,0x00,0x00,0x00,0x00,0x00,0x00,0x00,0x00,0x00,0x00,0x00,0x00,
        0x00,0x00,0x00,0x00,0x00,0x00,0x00,0x00,0x00,0x00,0x00,0x00,0x00,0x00,0x00,0x00,
        0x00,0x00,0x00,0x00,0x00,0x00,0x00,0x00,0x00,0x00,0x00,0x00,0x00,0x00,0x00,0x00,
        0x00,0x00,0xff,0x00,0xff,0x00,0xff,0x00,0xff,0x40,0xbf,0xd0,0xcf,0xf4,0x00,0x00,
        0x00,0x00,0xff,0x01,0xff,0x01,0xff,0x01,0xff,0x01,0xff,0x40,0xcf,0xd1,0x00,0x00,
        0x00,0x00,0xff,0x03,0xff,0x03,0xff,0x03,0xff,0x03,0xff,0x03,0xcf,0x47,0x00,0x00,
        0x00,0x00,0xff,0x07,0xff,0x07,0xff,0x07,0xff,0x07,0xff,0x07,0xcf,0x1f,0x00,0x00,
        0x00,0x00,0xfc,0xff,0xfc,0xff,0xfc,0xff,0xfc,0xff,0xf4,0xff,0xc8,0xff,0x00,0x00,
        0x00,0x00,0x00,0x00,0x00,0x00,0x00,0x00,0x00,0x00,0x00,0x00,0x00,0x00,0x00,0x00,
        0x00,0x00,0x00,0x00,0x00,0x00,0x00,0x00,0x00,0x00,0x00,0x00,0x00,0x00,0x00,0x00,
        0x00,0x00,0x00,0x00,0x00,0x00,0x00,0x00,0x00,0x00,0x00,0x00,0x00,0x00,0x00,0x00,
        0x00,0x00,0xff,0x15,0xff,0x05,0xff,0x01,0xff,0x41,0xff,0xd0,0x8f,0xf1,0x00,0x00,
        0x00,0x00,0xff,0x15,0xff,0x05,0xff,0x01,0xff,0x01,0xff,0x41,0xcf,0xc0,0x00,0x00,
        0x00,0x00,0xff,0x17,0xff,0x07,0xff,0x03,0xff,0x03,0xff,0x03,0xcf,0x03,0x00,0x00,
        0x00,0x00,0xff,0x17,0xff,0x07,0xff,0x07,0xff,0x07,0xff,0x07,0xcf,0x0f,0x00,0x00,
        0x00,0x00,0xf5,0xff,0xff,0xff,0xff,0xff,0xff,0xff,0xff,0xff,0x3f,0xff,0x00,0x00,
        0x00,0x00,0xd5,0xff,0xff,0xff,0xff,0xff,0xff,0xff,0xff,0xff,0x3f,0xff,0x00,0x00,
        0x00,0x00,0x57,0xff,0xff,0xff,0xff,0xff,0xff,0xff,0xff,0xff,0x3f,0xff,0x00,0x00,
        0x00,0x00,0x5f,0xfd,0xff,0xff,0xff,0xff,0xff,0xff,0xff,0xff,0x3f,0xff,0x00,0x00,
        0x00,0x00,0x7f,0xf5,0xff,0xff,0xff,0xff,0xff,0xff,0xff,0xff,0x3f,0xff,0x00,0x00,
        0x00,0x00,0xff,0xd5,0xff,0xff,0xff,0xff,0xff,0xff,0xff,0xff,0x3f,0xff,0x00,0x00,
        0x00,0x00,0xff,0x57,0xff,0xff,0xff,0xff,0xff,0xff,0xff,0xff,0x3f,0xff,0x00,0x00,
        0x00,0x00,0xff,0x5f,0xff,0xff,0xff,0xff,0xff,0xff,0xff,0xff,0x3f,0xff,0x00,0x00,
        0x00,0x00,0x54,0xff,0x55,0xff,0xff,0xff,0xff,0xff,0xff,0xff,0x3f,0xff,0x00,0x00,
        0x00,0x00,0x51,0xfd,0x55,0xfd,0xff,0xff,0xff,0xff,0xff,0xff,0x3f,0xff,0x00,0x00,
        0x00,0x00,0x45,0x55,0x55,0x55,0xff,0xff,0xff,0xff,0xff,0xff,0x3f,0xff,0x00,0x00,
        0x00,0x00,0x15,0x55,0x55,0x55,0xff,0xff,0xff,0xff,0xff,0xff,0x3f,0xff,0x00,0x00,
        0x00,0x00,0x55,0x54,0x55,0x55,0xff,0xff,0xff,0xff,0xff,0xff,0x3f,0xff,0x00,0x00,
        0x00,0x00,0x5f,0x51,0x5f,0x55,0xff,0xff,0xff,0xff,0xff,0xff,0x3f,0xff,0x00,0x00,
        0x00,0x00,0x7f,0x45,0x7f,0x55,0xff,0xff,0xff,0xff,0xff,0xff,0x3f,0xff,0x00,0x00,
        0x00,0x00,0xff,0x15,0xff,0x55,0xff,0xff,0xff,0xff,0xff,0xff,0x3f,0xff,0x00,0x00,
        0x00,0x00,0x40,0xff,0x40,0xff,0xd5,0xff,0xff,0xff,0xff,0xff,0x3f,0xff,0x00,0x00,
        0x00,0x00,0x00,0xfd,0x00,0xfd,0x55,0xff,0xff,0xff,0xff,0xff,0x3f,0xff,0x00,0x00,
        0x00,0x00,0x00,0x54,0x00,0x54,0x55,0xfd,0xff,0xff,0xff,0xff,0x3f,0xff,0x00,0x00,
        0x00,0x00,0x00,0x00,0x00,0x00,0x55,0x55,0xff,0xff,0xff,0xff,0x3f,0xff,0x00,0x00,
        0x00,0x00,0x05,0x00,0x05,0x00,0x5f,0x55,0xff,0xff,0xff,0xff,0x3f,0xff,0x00,0x00,
        0x00,0x00,0x1f,0x00,0x1f,0x00,0x7f,0x55,0xff,0xff,0xff,0xff,0x3f,0xff,0x00,0x00,
        0x00,0x00,0x7f,0x00,0x7f,0x00,0xff,0x55,0xff,0xff,0xff,0xff,0x3f,0xff,0x00,0x00,
        0x00,0x00,0xff,0x01,0xff,0x01,0xff,0x57,0xff,0xff,0xff,0xff,0x3f,0xff,0x00,0x00,
        0x00,0x00,0x40,0xff,0x40,0xff,0xd0,0xff,0xf5,0xff,0xff,0xff,0x3f,0xff,0x00,0x00,
        0x00,0x00,0x00,0xfd,0x00,0xfd,0x40,0xff,0xd5,0xff,0xff,0xff,0x3f,0xff,0x00,0x00,
        0x00,0x00,0x00,0x54,0x00,0x54,0x00,0xd5,0x55,0xff,0xff,0xff,0x3f,0xff,0x00,0x00,
        0x00,0x00,0x00,0x00,0x00,0x00,0x05,0x54,0x55,0xd5,0xff,0xff,0x3f,0xff,0x00,0x00,
        0x00,0x00,0x05,0x00,0x05,0x00,0x15,0x00,0x7f,0x55,0xff,0xff,0x3f,0xff,0x00,0x00,
        0x00,0x00,0x1f,0x00,0x1f,0x00,0x7f,0x00,0xff,0x55,0xff,0xff,0x3f,0xff,0x00,0x00,
        0x00,0x00,0x7f,0x00,0x7f,0x00,0xff,0x01,0xff,0x57,0xff,0xff,0x3f,0xff,0x00,0x00,
        0x00,0x00,0xff,0x01,0xff,0x01,0xff,0x07,0xff,0x5f,0xff,0xff,0x3f,0xff,0x00,0x00,
        0x00,0x00,0x40,0xff,0x50,0xff,0xd0,0xff,0xf4,0xff,0xf5,0xff,0x3f,0xff,0x00,0x00,
        0x00,0x00,0x00,0xfd,0x40,0xfd,0x40,0xff,0xd0,0xff,0xf5,0xff,0x3f,0xff,0x00,0x00,
        0x00,0x00,0x00,0x54,0x00,0x55,0x00,0xd5,0x40,0xff,0xf5,0xff,0x3f,0xff,0x00,0x00,
        0x00,0x00,0x00,0x00,0x00,0x00,0x00,0x40,0x15,0xd5,0xff,0xff,0x3f,0xff,0x00,0x00,
        0x00,0x00,0x05,0x00,0x15,0x00,0x15,0x00,0x7f,0x40,0xff,0xd7,0x3f,0xff,0x00,0x00,
        0x00,0x00,0x1f,0x00,0x5f,0x00,0x7f,0x00,0xff,0x01,0xff,0x57,0x3f,0xff,0x00,0x00,
        0x00,0x00,0x7f,0x00,0x7f,0x01,0xff,0x01,0xff,0x07,0xff,0x57,0x3f,0xff,0x00,0x00,
        0x00,0x00,0xff,0x01,0xff,0x05,0xff,0x07,0xff,0x0f,0xff,0x5f,0x3f,0xff,0x00,0x00,
        0x00,0x00,0x54,0xff,0xd4,0xff,0xf4,0xff,0xf0,0xff,0xf4,0xff,0x35,0xff,0x00,0x00,
        0x00,0x00,0x50,0xfd,0x50,0xff,0xd0,0xff,0xc0,0xff,0xf0,0xff,0x35,0xff,0x00,0x00,
        0x00,0x00,0x00,0x00,0x00,0x00,0x00,0x00,0x00,0x00,0x00,0x00,0x00,0x00,0x00,0x00,
        0x00,0x00,0x00,0x00,0x00,0x00,0x00,0x00,0x00,0x00,0x00,0x00,0x00,0x00,0x00,0x00,
        0x00,0x00,0x00,0x00,0x00,0x00,0x00,0x00,0x00,0x00,0x00,0x00,0x00,0x00,0x00,0x00,
        0x00,0x00,0x5f,0x01,0x7f,0x01,0xff,0x01,0xff,0x00,0xff,0x43,0x3f,0xd7,0x00,0x00,
        0x00,0x00,0x7f,0x05,0xff,0x05,0xff,0x07,0xff,0x03,0xff,0x07,0x3f,0x57,0x00,0x00,
        0x00,0x00,0xff,0x05,0xff,0x07,0xff,0x0f,0xff,0x0f,0xff,0x0f,0x3f,0x5f,0x00,0x00,
        0x00,0x00,0xf4,0xff,0xf4,0xff,0xf4,0xff,0xf4,0xff,0xf0,0xff,0x34,0xff,0x00,0x00,
        0x00,0x00,0xf0,0xff,0xf0,0xff,0xf0,0xff,0xf0,0xff,0xe0,0xff,0x31,0xff,0x00,0x00,
        0x00,0x00,0x00,0x00,0x00,0x00,0x00,0x00,0x00,0x00,0x00,0x00,0x00,0x00,0x00,0x00,
        0x00,0x00,0x00,0x00,0x00,0x00,0x00,0x00,0x00,0x00,0x00,0x00,0x00,0x00,0x00,0x00,
        0x00,0x00,0x00,0x00,0x00,0x00,0x00,0x00,0x00,0x00,0x00,0x00,0x00,0x00,0x00,0x00,
        0x00,0x00,0xff,0x03,0xff,0x03,0xff,0x03,0xff,0x03,0xff,0x42,0x3f,0xd3,0x00,0x00,
        0x00,0x00,0xff,0x07,0xff,0x07,0xff,0x07,0xff,0x07,0xff,0x03,0x3f,0x47,0x00,0x00,
        0x00,0x00,0xff,0x0f,0xff,0x0f,0xff,0x0f,0xff,0x0f,0xff,0x0f,0x3f,0x1f,0x00,0x00,
        0x00,0x00,0xf4,0xff,0xf4,0xff,0xf4,0xff,0xf4,0xff,0xf4,0xff,0x30,0xff,0x00,0x00,
        0x00,0x00,0xf4,0xff,0xf4,0xff,0xf4,0xff,0xf4,0xff,0xf0,0xff,0x24,0xff,0x00,0x00,
        0x00,0x00,0x00,0x00,0x00,0x00,0x00,0x00,0x00,0x00,0x00,0x00,0x00,0x00,0x00,0x00,
        0x00,0x00,0x00,0x00,0x00,0x00,0x00,0x00,0x00,0x00,0x00,0x00,0x00,0x00,0x00,0x00,
        0x00,0x00,0x00,0x00,0x00,0x00,0x00,0x00,0x00,0x00,0x00,0x00,0x00,0x00,0x00,0x00,
        0x00,0x00,0xff,0x17,0xff,0x17,0xff,0x07,0xff,0x07,0xff,0x43,0x3f,0xc6,0x00,0x00,
        0x00,0x00,0xff,0x17,0xff,0x17,0xff,0x07,0xff,0x07,0xff,0x07,0x3f,0x03,0x00,0x00,
        0x00,0x00,0xff,0x1f,0xff,0x1f,0xff,0x0f,0xff,0x0f,0xff,0x0f,0x3f,0x0f,0x00,0x00,
        0x00,0x00,0xf5,0xff,0xff,0xff,0xff,0xff,0xff,0xff,0xff,0xff,0xff,0xfc,0x00,0x00,
        0x00,0x00,0xd5,0xff,0xff,0xff,0xff,0xff,0xff,0xff,0xff,0xff,0xff,0xfc,0x00,0x00,
        0x00,0x00,0x57,0xff,0xff,0xff,0xff,0xff,0xff,0xff,0xff,0xff,0xff,0xfc,0x00,0x00,
        0x00,0x00,0x5f,0xfd,0xff,0xff,0xff,0xff,0xff,0xff,0xff,0xff,0xff,0xfc,0x00,0x00,
        0x00,0x00,0x7f,0xf5,0xff,0xff,0xff,0xff,0xff,0xff,0xff,0xff,0xff,0xfc,0x00,0x00,
        0x00,0x00,0xff,0xd5,0xff,0xff,0xff,0xff,0xff,0xff,0xff,0xff,0xff,0xfc,0x00,0x00,
        0x00,0x00,0xff,0x57,0xff,0xff,0xff,0xff,0xff,0xff,0xff,0xff,0xff,0xfc,0x00,0x00,
        0x00,0x00,0xff,0x5f,0xff,0xff,0xff,0xff,0xff,0xff,0xff,0xff,0xff,0xfc,0x00,0x00,
        0x00,0x00,0x54,0xff,0x55,0xff,0xff,0xff,0xff,0xff,0xff,0xff,0xff,0xfc,0x00,0x00,
        0x00,0x00,0x51,0xfd,0x55,0xfd,0xff,0xff,0xff,0xff,0xff,0xff,0xff,0xfc,0x00,0x00,
        0x00,0x00,0x45,0xf5,0x55,0xf5,0xff,0xff,0xff,0xff,0xff,0xff,0xff,0xfc,0x00,0x00,
        0x00,0x00,0x15,0x55,0x55,0x55,0xff,0xff,0xff,0xff,0xff,0xff,0xff,0xfc,0x00,0x00,
        0x00,0x00,0x55,0x54,0x55,0x55,0xff,0xff,0xff,0xff,0xff,0xff,0xff,0xfc,0x00,0x00,
        0x00,0x00,0x55,0x51,0x55,0x55,0xff,0xff,0xff,0xff,0xff,0xff,0xff,0xfc,0x00,0x00,
        0x00,0x00,0x7f,0x45,0x7f,0x55,0xff,0xff,0xff,0xff,0xff,0xff,0xff,0xfc,0x00,0x00,
        0x00,0x00,0xff,0x15,0xff,0x55,0xff,0xff,0xff,0xff,0xff,0xff,0xff,0xfc,0x00,0x00,
        0x00,0x00,0x40,0xff,0x40,0xff,0xd5,0xff,0xff,0xff,0xff,0xff,0xff,0xfc,0x00,0x00,
        0x00,0x00,0x00,0xfd,0x00,0xfd,0x55,0xff,0xff,0xff,0xff,0xff,0xff,0xfc,0x00,0x00,
        0x00,0x00,0x00,0xf4,0x00,0xf4,0x55,0xfd,0xff,0xff,0xff,0xff,0xff,0xfc,0x00,0x00,
        0x00,0x00,0x00,0x50,0x00,0x50,0x55,0xf5,0xff,0xff,0xff,0xff,0xff,0xfc,0x00,0x00,
        0x00,0x00,0x00,0x00,0x00,0x00,0x55,0x55,0xff,0xff,0xff,0xff,0xff,0xfc,0x00,0x00,
        0x00,0x00,0x15,0x00,0x15,0x00,0x7f,0x55,0xff,0xff,0xff,0xff,0xff,0xfc,0x00,0x00,
        0x00,0x00,0x7f,0x00,0x7f,0x00,0xff,0x55,0xff,0xff,0xff,0xff,0xff,0xfc,0x00,0x00,
        0x00,0x00,0xff,0x01,0xff,0x01,0xff,0x57,0xff,0xff,0xff,0xff,0xff,0xfc,0x00,0x00,
        0x00,0x00,0x40,0xff,0x40,0xff,0xd0,0xff,0xf5,0xff,0xff,0xff,0xff,0xfc,0x00,0x00,
        0x00,0x00,0x00,0xfd,0x00,0xfd,0x40,0xff,0xd5,0xff,0xff,0xff,0xff,0xfc,0x00,0x00,
        0x00,0x00,0x00,0xf4,0x00,0xf4,0x00,0xfd,0x55,0xff,0xff,0xff,0xff,0xfc,0x00,0x00,
        0x00,0x00,0x00,0x50,0x00,0x50,0x00,0x54,0x55,0xfd,0xff,0xff,0xff,0xfc,0x00,0x00,
        0x00,0x00,0x00,0x00,0x00,0x00,0x15,0x50,0x57,0x55,0xff,0xff,0xff,0xfc,0x00,0x00,
        0x00,0x00,0x15,0x00,0x15,0x00,0x57,0x00,0xff,0x55,0xff,0xff,0xff,0xfc,0x00,0x00,
        0x00,0x00,0x7f,0x00,0x7f,0x00,0xff,0x01,0xff,0x57,0xff,0xff,0xff,0xfc,0x00,0x00,
        0x00,0x00,0xff,0x01,0xff,0x01,0xff,0x07,0xff,0x5f,0xff,0xff,0xff,0xfc,0x00,0x00,
        0x00,0x00,0x40,0xff,0x50,0xff,0xd0,0xff,0xf0,0xff,0xf5,0xff,0xff,0xfc,0x00,0x00,
        0x00,0x00,0x00,0xfd,0x40,0xfd,0x40,0xff,0xd0,0xff,0xd5,0xff,0xff,0xfc,0x00,0x00,
        0x00,0x00,0x00,0xf4,0x00,0xf5,0x00,0xfd,0x40,0xff,0xd5,0xff,0xff,0xfc,0x00,0x00,
        0x00,0x00,0x00,0x50,0x00,0x54,0x00,0x54,0x01,0xfd,0xd7,0xff,0xff,0xfc,0x00,0x00,
        0x00,0x00,0x00,0x00,0x00,0x00,0x01,0x00,0x57,0x54,0xff,0xff,0xff,0xfc,0x00,0x00,
        0x00,0x00,0x15,0x00,0x55,0x00,0x57,0x00,0xff,0x01,0xff,0x5f,0xff,0xfc,0x00,0x00,
        0x00,0x00,0x7f,0x00,0x7f,0x01,0xff,0x01,0xff,0x07,0xff,0x5f,0xff,0xfc,0x00,0x00,
        0x00,0x00,0xff,0x01,0xff,0x05,0xff,0x07,0xff,0x1f,0xff,0x5f,0xff,0xfc,0x00,0x00,
        0x00,0x00,0x50,0xff,0xd0,0xff,0xf0,0xff,0xf0,0xff,0xf0,0xff,0xf5,0xfc,0x00,0x00,
        0x00,0x00,0x50,0xfd,0x50,0xff,0xd0,0xff,0xc0,0xff,0xd0,0xff,0xd5,0xfc,0x00,0x00,
        0x00,0x00,0x40,0xf5,0x40,0xfd,0x40,0xff,0x00,0xff,0xc1,0xff,0xd7,0xfc,0x00,0x00,
        0x00,0x00,0x00,0x00,0x00,0x00,0x00,0x00,0x00,0x00,0x00,0x00,0x00,0x00,0x00,0x00,
        0x00,0x00,0x00,0x00,0x00,0x00,0x00,0x00,0x00,0x00,0x00,0x00,0x00,0x00,0x00,0x00,
        0x00,0x00,0x00,0x00,0x00,0x00,0x00,0x00,0x00,0x00,0x00,0x00,0x00,0x00,0x00,0x00,
        0x00,0x00,0x7f,0x05,0xff,0x05,0xff,0x07,0xff,0x03,0xff,0x0f,0xff,0x5c,0x00,0x00,
        0x00,0x00,0xff,0x15,0xff,0x17,0xff,0x1f,0xff,0x0f,0xff,0x1f,0xff,0x5c,0x00,0x00,
        0x00,0x00,0xf0,0xff,0xf0,0xff,0xf0,0xff,0xf0,0xff,0xf0,0xff,0xf4,0xfc,0x00,0x00,
        0x00,0x00,0xd0,0xff,0xd0,0xff,0xd0,0xff,0xd0,0xff,0xc0,0xff,0xd1,0xfc,0x00,0x00,
        0x00,0x00,0xc0,0xff,0xc0,0xff,0xc0,0xff,0xc0,0xff,0x81,0xff,0xc7,0xfc,0x00,0x00,
        0x00,0x00,0x00,0x00,0x00,0x00,0x00,0x00,0x00,0x00,0x00,0x00,0x00,0x00,0x00,0x00,
        0x00,0x00,0x00,0x00,0x00,0x00,0x00,0x00,0x00,0x00,0x00,0x00,0x00,0x00,0x00,0x00,
        0x00,0x00,0x00,0x00,0x00,0x00,0x00,0x00,0x00,0x00,0x00,0x00,0x00,0x00,0x00,0x00,
        0x00,0x00,0xff,0x0f,0xff,0x0f,0xff,0x0f,0xff,0x0f,0xff,0x0b,0xff,0x4c,0x00,0x00,
        0x00,0x00,0xff,0x1f,0xff,0x1f,0xff,0x1f,0xff,0x1f,0xff,0x0f,0xff,0x1c,0x00,0x00,
        0x00,0x00,0xf4,0xff,0xf4,0xff,0xf0,0xff,0xf0,0xff,0xf0,0xff,0xf0,0xfc,0x00,0x00,
        0x00,0x00,0xd4,0xff,0xd4,0xff,0xd0,0xff,0xd0,0xff,0xd0,0xff,0xc0,0xfc,0x00,0x00,
        0x00,0x00,0xd4,0xff,0xd4,0xff,0xd0,0xff,0xd0,0xff,0xc1,0xff,0x93,0xfc,0x00,0x00,
        0x00,0x00,0x00,0x00,0x00,0x00,0x00,0x00,0x00,0x00,0x00,0x00,0x00,0x00,0x00,0x00,
        0x00,0x00,0x00,0x00,0x00,0x00,0x00,0x00,0x00,0x00,0x00,0x00,0x00,0x00,0x00,0x00,
        0x00,0x00,0x00,0x00,0x00,0x00,0x00,0x00,0x00,0x00,0x00,0x00,0x00,0x00,0x00,0x00,
        0x00,0x00,0xff,0x1f,0xff,0x1f,0xff,0x1f,0xff,0x1f,0xff,0x0f,0xff,0x18,0x00,0x00,
        0x00,0x00,0xff,0x1f,0xff,0x1f,0xff,0x1f,0xff,0x1f,0xff,0x1f,0xff,0x0c,0x00,0x00,
        0x00,0x00,0xf5,0xff,0xff,0xff,0xff,0xff,0xff,0xff,0xff,0xff,0xff,0xf3,0x00,0x00,
        0x00,0x00,0xd5,0xff,0xff,0xff,0xff,0xff,0xff,0xff,0xff,0xff,0xff,0xf3,0x00,0x00,
        0x00,0x00,0x57,0xff,0xff,0xff,0xff,0xff,0xff,0xff,0xff,0xff,0xff,0xf3,0x00,0x00,
        0x00,0x00,0x5f,0xfd,0xff,0xff,0xff,0xff,0xff,0xff,0xff,0xff,0xff,0xf3,0x00,0x00,
        0x00,0x00,0x7f,0xf5,0xff,0xff,0xff,0xff,0xff,0xff,0xff,0xff,0xff,0xf3,0x00,0x00,
        0x00,0x00,0xff,0xd5,0xff,0xff,0xff,0xff,0xff,0xff,0xff,0xff,0xff,0xf3,0x00,0x00,
        0x00,0x00,0xff,0x57,0xff,0xff,0xff,0xff,0xff,0xff,0xff,0xff,0xff,0xf3,0x00,0x00,
        0x00,0x00,0xff,0x5f,0xff,0xff,0xff,0xff,0xff,0xff,0xff,0xff,0xff,0xf3,0x00,0x00,
        0x00,0x00,0x54,0xff,0x55,0xff,0xff,0xff,0xff,0xff,0xff,0xff,0xff,0xf3,0x00,0x00,
        0x00,0x00,0x51,0xfd,0x55,0xfd,0xff,0xff,0xff,0xff,0xff,0xff,0xff,0xf3,0x00,0x00,
        0x00,0x00,0x45,0xf5,0x55,0xf5,0xff,0xff,0xff,0xff,0xff,0xff,0xff,0xf3,0x00,0x00,
        0x00,0x00,0x15,0xd5,0x55,0xd5,0xff,0xff,0xff,0xff,0xff,0xff,0xff,0xf3,0x00,0x00,
        0x00,0x00,0x55,0x54,0x55,0x55,0xff,0xff,0xff,0xff,0xff,0xff,0xff,0xf3,0x00,0x00,
        0x00,0x00,0x55,0x51,0x55,0x55,0xff,0xff,0xff,0xff,0xff,0xff,0xff,0xf3,0x00,0x00,
        0x00,0x00,0x57,0x45,0x57,0x55,0xff,0xff,0xff,0xff,0xff,0xff,0xff,0xf3,0x00,0x00,
        0x00,0x00,0xff,0x15,0xff,0x55,0xff,0xff,0xff,0xff,0xff,0xff,0xff,0xf3,0x00,0x00,
        0x00,0x00,0x40,0xff,0x40,0xff,0xd5,0xff,0xff,0xff,0xff,0xff,0xff,0xf3,0x00,0x00,
        0x00,0x00,0x00,0xfd,0x00,0xfd,0x55,0xff,0xff,0xff,0xff,0xff,0xff,0xf3,0x00,0x00,
        0x00,0x00,0x00,0xf4,0x00,0xf4,0x55,0xfd,0xff,0xff,0xff,0xff,0xff,0xf3,0x00,0x00,
        0x00,0x00,0x00,0xd0,0x00,0xd0,0x55,0xf5,0xff,0xff,0xff,0xff,0xff,0xf3,0x00,0x00,
        0x00,0x00,0x00,0x40,0x00,0x40,0x55,0xd5,0xff,0xff,0xff,0xff,0xff,0xf3,0x00,0x00,
        0x00,0x00,0x01,0x00,0x01,0x00,0x57,0x55,0xff,0xff,0xff,0xff,0xff,0xf3,0x00,0x00,
        0x00,0x00,0x57,0x00,0x57,0x00,0xff,0x55,0xff,0xff,0xff,0xff,0xff,0xf3,0x00,0x00,
        0x00,0x00,0xff,0x01,0xff,0x01,0xff,0x57,0xff,0xff,0xff,0xff,0xff,0xf3,0x00,0x00,
        0x00,0x00,0x40,0xff,0x40,0xff,0xd0,0xff,0xd5,0xff,0xff,0xff,0xff,0xf3,0x00,0x00,
        0x00,0x00,0x00,0xfd,0x00,0xfd,0x40,0xff,0xd5,0xff,0xff,0xff,0xff,0xf3,0x00,0x00,
        0x00,0x00,0x00,0xf4,0x00,0xf4,0x00,0xfd,0x55,0xff,0xff,0xff,0xff,0xf3,0x00,0x00,
        0x00,0x00,0x00,0xd0,0x00,0xd0,0x00,0xf4,0x55,0xfd,0xff,0xff,0xff,0xf3,0x00,0x00,
        0x00,0x00,0x00,0x40,0x00,0x40,0x01,0x50,0x57,0xf5,0xff,0xff,0xff,0xf3,0x00,0x00,
        0x00,0x00,0x01,0x00,0x01,0x00,0x57,0x40,0x5f,0x55,0xff,0xff,0xff,0xf3,0x00,0x00,
        0x00,0x00,0x57,0x00,0x57,0x00,0x5f,0x01,0xff,0x57,0xff,0xff,0xff,0xf3,0x00,0x00,
        0x00,0x00,0xff,0x01,0xff,0x01,0xff,0x07,0xff,0x5f,0xff,0xff,0xff,0xf3,0x00,0x00,
        0x00,0x00,0x40,0xff,0x50,0xff,0xd0,0xff,0xd0,0xff,0xd5,0xff,0xff,0xf3,0x00,0x00,
        0x00,0x00,0x00,0xfd,0x40,0xfd,0x40,0xff,0xc0,0xff,0xd5,0xff,0xff,0xf3,0x00,0x00,
        0x00,0x00,0x00,0xf4,0x00,0xf5,0x00,0xfd,0x40,0xff,0x55,0xff,0xff,0xf3,0x00,0x00,
        0x00,0x00,0x00,0xd0,0x00,0xd4,0x00,0xf4,0x01,0xfd,0x57,0xff,0xff,0xf3,0x00,0x00,
        0x00,0x00,0x00,0x40,0x00,0x50,0x01,0x50,0x07,0xf4,0x5f,0xff,0xff,0xf3,0x00,0x00,
        0x00,0x00,0x01,0x00,0x01,0x00,0x07,0x00,0x5f,0x51,0xff,0xff,0xff,0xf3,0x00,0x00,
        0x00,0x00,0x57,0x00,0x57,0x01,0x5f,0x01,0xff,0x07,0xff,0x7f,0xff,0xf3,0x00,0x00,
        0x00,0x00,0xff,0x01,0xff,0x05,0xff,0x07,0xff,0x1f,0xff,0x7f,0xff,0xf3,0x00,0x00,
        0x00,0x00,0x50,0xff,0xd0,0xff,0xd0,0xff,0xd0,0xff,0xd0,0xff,0xf5,0xf3,0x00,0x00,
        0x00,0x00,0x40,0xfd,0x40,0xff,0xc0,0xff,0xc0,0xff,0xc0,0xff,0xd5,0xf3,0x00,0x00,
        0x00,0x00,0x40,0xf5,0x40,0xfd,0x40,0xff,0x00,0xff,0x41,0xff,0x57,0xf3,0x00,0x00,
        0x00,0x00,0x00,0xd5,0x00,0xf5,0x00,0xfd,0x01,0xfc,0x07,0xff,0x5f,0xf3,0x00,0x00,
        0x00,0x00,0x00,0x00,0x00,0x00,0x00,0x00,0x00,0x00,0x00,0x00,0x00,0x00,0x00,0x00,
        0x00,0x00,0x00,0x00,0x00,0x00,0x00,0x00,0x00,0x00,0x00,0x00,0x00,0x00,0x00,0x00,
        0x00,0x00,0x00,0x00,0x00,0x00,0x00,0x00,0x00,0x00,0x00,0x00,0x00,0x00,0x00,0x00,
        0x00,0x00,0xff,0x15,0xff,0x17,0xff,0x1f,0xff,0x0f,0xff,0x3f,0xff,0x73,0x00,0x00,
        0x00,0x00,0xd0,0xff,0xd0,0xff,0xd0,0xff,0xd0,0xff,0xd0,0xff,0xf4,0xf3,0x00,0x00,
        0x00,0x00,0xc0,0xff,0xc0,0xff,0xc0,0xff,0xc0,0xff,0xc0,0xff,0xd1,0xf3,0x00,0x00,
        0x00,0x00,0x40,0xff,0x40,0xff,0x40,0xff,0x40,0xff,0x01,0xff,0x47,0xf3,0x00,0x00,
        0x00,0x00,0x00,0xff,0x00,0xff,0x00,0xff,0x01,0xff,0x07,0xfe,0x1f,0xf3,0x00,0x00,
        0x00,0x00,0x00,0x00,0x00,0x00,0x00,0x00,0x00,0x00,0x00,0x00,0x00,0x00,0x00,0x00,
        0x00,0x00,0x00,0x00,0x00,0x00,0x00,0x00,0x00,0x00,0x00,0x00,0x00,0x00,0x00,0x00,
        0x00,0x00,0x00,0x00,0x00,0x00,0x00,0x00,0x00,0x00,0x00,0x00,0x00,0x00,0x00,0x00,
        0x00,0x00,0xff,0x3f,0xff,0x3f,0xff,0x3f,0xff,0x3f,0xff,0x2f,0xff,0x33,0x00,0x00,
        0x00,0x00,0xd4,0xff,0xd0,0xff,0xd0,0xff,0xd0,0xff,0xd0,0xff,0xf0,0xf3,0x00,0x00,
        0x00,0x00,0xd4,0xff,0xd0,0xff,0xc0,0xff,0xc0,0xff,0xc0,0xff,0xc0,0xf3,0x00,0x00,
        0x00,0x00,0x54,0xff,0x50,0xff,0x40,0xff,0x40,0xff,0x41,0xff,0x03,0xf3,0x00,0x00,
        0x00,0x00,0x54,0xff,0x50,0xff,0x40,0xff,0x41,0xff,0x07,0xff,0x4f,0xf2,0x00,0x00,
        0x00,0x00,0x00,0x00,0x00,0x00,0x00,0x00,0x00,0x00,0x00,0x00,0x00,0x00,0x00,0x00,
        0x00,0x00,0x00,0x00,0x00,0x00,0x00,0x00,0x00,0x00,0x00,0x00,0x00,0x00,0x00,0x00,
        0x00,0x00,0x00,0x00,0x00,0x00,0x00,0x00,0x00,0x00,0x00,0x00,0x00,0x00,0x00,0x00,
        0x00,0x00,0xff,0x3f,0xff,0x3f,0xff,0x3f,0xff,0x3f,0xff,0x1f,0xff,0x23,0x00,0x00,
        0x00,0x00,0xf5,0xff,0xff,0xff,0xff,0xff,0xff,0xff,0xff,0xff,0xff,0xcf,0x00,0x00,
        0x00,0x00,0xd5,0xff,0xff,0xff,0xff,0xff,0xff,0xff,0xff,0xff,0xff,0xcf,0x00,0x00,
        0x00,0x00,0x57,0xff,0xff,0xff,0xff,0xff,0xff,0xff,0xff,0xff,0xff,0xcf,0x00,0x00,
        0x00,0x00,0x5f,0xfd,0xff,0xff,0xff,0xff,0xff,0xff,0xff,0xff,0xff,0xcf,0x00,0x00,
        0x00,0x00,0x7f,0xf5,0xff,0xff,0xff,0xff,0xff,0xff,0xff,0xff,0xff,0xcf,0x00,0x00,
        0x00,0x00,0xff,0xd5,0xff,0xff,0xff,0xff,0xff,0xff,0xff,0xff,0xff,0xcf,0x00,0x00,
        0x00,0x00,0xff,0x57,0xff,0xff,0xff,0xff,0xff,0xff,0xff,0xff,0xff,0xcf,0x00,0x00,
        0x00,0x00,0xff,0x5f,0xff,0xff,0xff,0xff,0xff,0xff,0xff,0xff,0xff,0xcf,0x00,0x00,
        0x00,0x00,0x54,0xff,0x55,0xff,0xff,0xff,0xff,0xff,0xff,0xff,0xff,0xcf,0x00,0x00,
        0x00,0x00,0x51,0xfd,0x55,0xfd,0xff,0xff,0xff,0xff,0xff,0xff,0xff,0xcf,0x00,0x00,
        0x00,0x00,0x45,0xf5,0x55,0xf5,0xff,0xff,0xff,0xff,0xff,0xff,0xff,0xcf,0x00,0x00,
        0x00,0x00,0x15,0xd5,0x55,0xd5,0xff,0xff,0xff,0xff,0xff,0xff,0xff,0xcf,0x00,0x00,
        0x00,0x00,0x55,0x54,0x55,0x55,0xff,0xff,0xff,0xff,0xff,0xff,0xff,0xcf,0x00,0x00,
        0x00,0x00,0x55,0x51,0x55,0x55,0xff,0xff,0xff,0xff,0xff,0xff,0xff,0xcf,0x00,0x00,
        0x00,0x00,0x57,0x45,0x57,0x55,0xff,0xff,0xff,0xff,0xff,0xff,0xff,0xcf,0x00,0x00,
        0x00,0x00,0x5f,0x15,0x5f,0x55,0xff,0xff,0xff,0xff,0xff,0xff,0xff,0xcf,0x00,0x00,
        0x00,0x00,0x40,0xff,0x40,0xff,0xd5,0xff,0xff,0xff,0xff,0xff,0xff,0xcf,0x00,0x00,
        0x00,0x00,0x00,0xfd,0x00,0xfd,0x55,0xff,0xff,0xff,0xff,0xff,0xff,0xcf,0x00,0x00,
        0x00,0x00,0x00,0xf4,0x00,0xf4,0x55,0xfd,0xff,0xff,0xff,0xff,0xff,0xcf,0x00,0x00,
        0x00,0x00,0x00,0xd0,0x00,0xd0,0x55,0xf5,0xff,0xff,0xff,0xff,0xff,0xcf,0x00,0x00,
        0x00,0x00,0x00,0x40,0x00,0x40,0x55,0xd5,0xff,0xff,0xff,0xff,0xff,0xcf,0x00,0x00,
        0x00,0x00,0x01,0x00,0x01,0x00,0x57,0x55,0xff,0xff,0xff,0xff,0xff,0xcf,0x00,0x00,
        0x00,0x00,0x07,0x00,0x07,0x00,0x5f,0x55,0xff,0xff,0xff,0xff,0xff,0xcf,0x00,0x00,
        0x00,0x00,0x5f,0x01,0x5f,0x01,0xff,0x57,0xff,0xff,0xff,0xff,0xff,0xcf,0x00,0x00,
        0x00,0x00,0x40,0xff,0x40,0xff,0xc0,0xff,0xd5,0xff,0xff,0xff,0xff,0xcf,0x00,0x00,
        0x00,0x00,0x00,0xfd,0x00,0xfd,0x40,0xff,0x55,0xff,0xff,0xff,0xff,0xcf,0x00,0x00,
        0x00,0x00,0x00,0xf4,0x00,0xf4,0x00,0xfd,0x55,0xff,0xff,0xff,0xff,0xcf,0x00,0x00,
        0x00,0x00,0x00,0xd0,0x00,0xd0,0x00,0xf4,0x55,0xfd,0xff,0xff,0xff,0xcf,0x00,0x00,
        0x00,0x00,0x00,0x40,0x00,0x40,0x01,0xd0,0x57,0xf5,0xff,0xff,0xff,0xcf,0x00,0x00,
        0x00,0x00,0x01,0x00,0x01,0x00,0x07,0x40,0x5f,0xd5,0xff,0xff,0xff,0xcf,0x00,0x00,
        0x00,0x00,0x07,0x00,0x07,0x00,0x5f,0x01,0x7f,0x55,0xff,0xff,0xff,0xcf,0x00,0x00,
        0x00,0x00,0x5f,0x01,0x5f,0x01,0x7f,0x05,0xff,0x5f,0xff,0xff,0xff,0xcf,0x00,0x00,
        0x00,0x00,0x40,0xff,0x40,0xff,0xc0,0xff,0xc0,0xff,0xd5,0xff,0xff,0xcf,0x00,0x00,
        0x00,0x00,0x00,0xfd,0x40,0xfd,0x40,0xff,0x40,0xff,0x55,0xff,0xff,0xcf,0x00,0x00,
        0x00,0x00,0x00,0xf4,0x00,0xf5,0x00,0xfd,0x00,0xff,0x55,0xff,0xff,0xcf,0x00,0x00,
        0x00,0x00,0x00,0xd0,0x00,0xd4,0x00,0xf4,0x01,0xfd,0x57,0xfd,0xff,0xcf,0x00,0x00,
        0x00,0x00,0x00,0x40,0x00,0x50,0x01,0xd0,0x07,0xf4,0x5f,0xfd,0xff,0xcf,0x00,0x00,
        0x00,0x00,0x01,0x00,0x01,0x00,0x07,0x40,0x1f,0xd0,0x7f,0xfd,0xff,0xcf,0x00,0x00,
        0x00,0x00,0x07,0x00,0x07,0x00,0x1f,0x00,0x7f,0x45,0xff,0xff,0xff,0xcf,0x00,0x00,
        0x00,0x00,0x5f,0x01,0x5f,0x05,0x7f,0x05,0xff,0x1f,0xff,0xff,0xff,0xcf,0x00,0x00,
        0x00,0x00,0x40,0xff,0xc0,0xff,0xc0,0xff,0xc0,0xff,0xd0,0xff,0xf5,0xcf,0x00,0x00,
        0x00,0x00,0x40,0xfd,0x40,0xff,0x40,0xff,0x40,0xff,0x40,0xff,0xd5,0xcf,0x00,0x00,
        0x00,0x00,0x00,0xf5,0x00,0xfd,0x00,0xff,0x00,0xff,0x01,0xff,0x57,0xcf,0x00,0x00,
        0x00,0x00,0x00,0xd5,0x00,0xf5,0x00,0xfd,0x01,0xfc,0x07,0xfd,0x5f,0xcd,0x00,0x00,
        0x00,0x00,0x00,0x54,0x00,0x54,0x01,0xf4,0x07,0xf0,0x1f,0xfc,0x7f,0xcd,0x00,0x00,
        0x00,0x00,0x00,0x00,0x00,0x00,0x00,0x00,0x00,0x00,0x00,0x00,0x00,0x00,0x00,0x00,
        0x00,0x00,0x00,0x00,0x00,0x00,0x00,0x00,0x00,0x00,0x00,0x00,0x00,0x00,0x00,0x00,
        0x00,0x00,0x00,0x00,0x00,0x00,0x00,0x00,0x00,0x00,0x00,0x00,0x00,0x00,0x00,0x00,
        0x00,0x00,0xc0,0xff,0xc0,0xff,0xc0,0xff,0xc0,0xff,0xd0,0xff,0xf4,0xcf,0x00,0x00,
        0x00,0x00,0x40,0xff,0x40,0xff,0x40,0xff,0x40,0xff,0x40,0xff,0xd1,0xcf,0x00,0x00,
        0x00,0x00,0x00,0xff,0x00,0xff,0x00,0xff,0x00,0xff,0x01,0xff,0x47,0xcf,0x00,0x00,
        0x00,0x00,0x00,0xfd,0x00,0xfd,0x00,0xfd,0x01,0xfd,0x07,0xfc,0x1f,0xcd,0x00,0x00,
        0x00,0x00,0x00,0xfc,0x00,0xfc,0x01,0xfc,0x07,0xfc,0x1f,0xf8,0x7f,0xcc,0x00,0x00,
        0x00,0x00,0x00,0x00,0x00,0x00,0x00,0x00,0x00,0x00,0x00,0x00,0x00,0x00,0x00,0x00,
        0x00,0x00,0x00,0x00,0x00,0x00,0x00,0x00,0x00,0x00,0x00,0x00,0x00,0x00,0x00,0x00,
        0x00,0x00,0x00,0x00,0x00,0x00,0x00,0x00,0x00,0x00,0x00,0x00,0x00,0x00,0x00,0x00,
        0x00,0x00,0xd0,0xff,0xc0,0xff,0xc0,0xff,0xc0,0xff,0xd0,0xff,0xf0,0xcf,0x00,0x00,
        0x00,0x00,0x50,0xff,0x40,0xff,0x40,0xff,0x40,0xff,0x40,0xff,0xc0,0xcf,0x00,0x00,
        0x00,0x00,0x50,0xff,0x40,0xff,0x00,0xff,0x00,0xff,0x01,0xff,0x03,0xcf,0x00,0x00,
        0x00,0x00,0x50,0xfd,0x40,0xfd,0x00,0xfd,0x01,0xfd,0x07,0xfd,0x0f,0xcc,0x00,0x00,
        0x00,0x00,0x50,0xfd,0x40,0xfd,0x01,0xfd,0x07,0xfd,0x1f,0xfc,0x3f,0xc9,0x00,0x00,
        0x00,0x00,0x00,0x00,0x00,0x00,0x00,0x00,0x00,0x00,0x00,0x00,0x00,0x00,0x00,0x00,
        0x00,0x00,0x00,0x00,0x00,0x00,0x00,0x00,0x00,0x00,0x00,0x00,0x00,0x00,0x00,0x00,
        0x00,0x00,0x00,0x00,0x00,0x00,0x00,0x00,0x00,0x00,0x00,0x00,0x00,0x00,0x00,0x00,
        0x00,0x00,0xf5,0xff,0xff,0xff,0xff,0xff,0xff,0xff,0xff,0xff,0xff,0x3f,0x00,0x00,
        0x00,0x00,0xd5,0xff,0xff,0xff,0xff,0xff,0xff,0xff,0xff,0xff,0xff,0x3f,0x00,0x00,
        0x00,0x00,0x57,0xff,0xff,0xff,0xff,0xff,0xff,0xff,0xff,0xff,0xff,0x3f,0x00,0x00,
        0x00,0x00,0x5f,0xfd,0xff,0xff,0xff,0xff,0xff,0xff,0xff,0xff,0xff,0x3f,0x00,0x00,
        0x00,0x00,0x7f,0xf5,0xff,0xff,0xff,0xff,0xff,0xff,0xff,0xff,0xff,0x3f,0x00,0x00,
        0x00,0x00,0xff,0xd5,0xff,0xff,0xff,0xff,0xff,0xff,0xff,0xff,0xff,0x3f,0x00,0x00,
        0x00,0x00,0xff,0x57,0xff,0xff,0xff,0xff,0xff,0xff,0xff,0xff,0xff,0x3f,0x00,0x00,
        0x00,0x00,0xff,0x5f,0xff,0xff,0xff,0xff,0xff,0xff,0xff,0xff,0xff,0x3f,0x00,0x00,
        0x00,0x00,0x54,0xff,0x55,0xff,0xff,0xff,0xff,0xff,0xff,0xff,0xff,0x3f,0x00,0x00,
        0x00,0x00,0x51,0xfd,0x55,0xfd,0xff,0xff,0xff,0xff,0xff,0xff,0xff,0x3f,0x00,0x00,
        0x00,0x00,0x45,0xf5,0x55,0xf5,0xff,0xff,0xff,0xff,0xff,0xff,0xff,0x3f,0x00,0x00,
        0x00,0x00,0x15,0xd5,0x55,0xd5,0xff,0xff,0xff,0xff,0xff,0xff,0xff,0x3f,0x00,0x00,
        0x00,0x00,0x55,0x54,0x55,0x55,0xff,0xff,0xff,0xff,0xff,0xff,0xff,0x3f,0x00,0x00,
        0x00,0x00,0x55,0x51,0x55,0x55,0xff,0xff,0xff,0xff,0xff,0xff,0xff,0x3f,0x00,0x00,
        0x00,0x00,0x57,0x45,0x57,0x55,0xff,0xff,0xff,0xff,0xff,0xff,0xff,0x3f,0x00,0x00,
        0x00,0x00,0x5f,0x15,0x5f,0x55,0xff,0xff,0xff,0xff,0xff,0xff,0xff,0x3f,0x00,0x00,
        0x00,0x00,0x40,0xff,0x40,0xff,0x55,0xff,0xff,0xff,0xff,0xff,0xff,0x3f,0x00,0x00,
        0x00,0x00,0x00,0xfd,0x00,0xfd,0x55,0xff,0xff,0xff,0xff,0xff,0xff,0x3f,0x00,0x00,
        0x00,0x00,0x00,0xf4,0x00,0xf4,0x55,0xfd,0xff,0xff,0xff,0xff,0xff,0x3f,0x00,0x00,
        0x00,0x00,0x00,0xd0,0x00,0xd0,0x55,0xf5,0xff,0xff,0xff,0xff,0xff,0x3f,0x00,0x00,
        0x00,0x00,0x00,0x40,0x00,0x40,0x55,0xd5,0xff,0xff,0xff,0xff,0xff,0x3f,0x00,0x00,
        0x00,0x00,0x01,0x00,0x01,0x00,0x57,0x55,0xff,0xff,0xff,0xff,0xff,0x3f,0x00,0x00,
        0x00,0x00,0x07,0x00,0x07,0x00,0x5f,0x55,0xff,0xff,0xff,0xff,0xff,0x3f,0x00,0x00,
        0x00,0x00,0x1f,0x00,0x1f,0x00,0x7f,0x55,0xff,0xff,0xff,0xff,0xff,0x3f,0x00,0x00,
        0x00,0x00,0x40,0xff,0x40,0xff,0x40,0xff,0x55,0xff,0xff,0xff,0xff,0x3f,0x00,0x00,
        0x00,0x00,0x00,0xfd,0x00,0xfd,0x00,0xff,0x55,0xff,0xff,0xff,0xff,0x3f,0x00,0x00,
        0x00,0x00,0x00,0xf4,0x00,0xf4,0x00,0xfd,0x55,0xfd,0xff,0xff,0xff,0x3f,0x00,0x00,
        0x00,0x00,0x00,0xd0,0x00,0xd0,0x00,0xf4,0x55,0xfd,0xff,0xff,0xff,0x3f,0x00,0x00,
        0x00,0x00,0x00,0x40,0x00,0x40,0x01,0x50,0x57,0xf5,0xff,0xff,0xff,0x3f,0x00,0x00,
        0x00,0x00,0x01,0x00,0x01,0x00,0x07,0x40,0x5f,0xd5,0xff,0xff,0xff,0x3f,0x00,0x00,
        0x00,0x00,0x07,0x00,0x07,0x00,0x1f,0x00,0x7f,0x55,0xff,0xff,0xff,0x3f,0x00,0x00,
        0x00,0x00,0x1f,0x00,0x1f,0x00,0x7f,0x05,0xff,0x55,0xff,0xff,0xff,0x3f,0x00,0x00,
        0x00,0x00,0x40,0xff,0x40,0xff,0x40,0xff,0x40,0xff,0xd5,0xff,0xff,0x3f,0x00,0x00,
        0x00,0x00,0x00,0xfd,0x00,0xfd,0x00,0xff,0x00,0xff,0x55,0xff,0xff,0x3f,0x00,0x00,
        0x00,0x00,0x00,0xf4,0x00,0xf5,0x00,0xfd,0x00,0xfd,0x55,0xfd,0xff,0x3f,0x00,0x00,
        0x00,0x00,0x00,0xd0,0x00,0xd4,0x00,0xf4,0x01,0xfc,0x57,0xfd,0xff,0x3f,0x00,0x00,
        0x00,0x00,0x00,0x40,0x00,0x50,0x01,0x50,0x07,0x74,0x5f,0xf5,0xff,0x3f,0x00,0x00,
        0x00,0x00,0x01,0x00,0x01,0x00,0x07,0x00,0x1f,0x50,0x7f,0xf5,0xff,0x3f,0x00,0x00,
        0x00,0x00,0x07,0x00,0x07,0x00,0x1f,0x00,0x7f,0x40,0xff,0xf5,0xff,0x3f,0x00,0x00,
        0x00,0x00,0x1f,0x00,0x1f,0x00,0x7f,0x00,0xff,0x15,0xff,0xff,0xff,0x3f,0x00,0x00,
        0x00,0x00,0x40,0xff,0x40,0xff,0x40,0xff,0x40,0xff,0xd0,0xff,0xf5,0x3f,0x00,0x00,
        0x00,0x00,0x00,0xfd,0x00,0xff,0x00,0xff,0x00,0xff,0x40,0xff,0xd5,0x3f,0x00,0x00,
        0x00,0x00,0x00,0xf5,0x00,0xfd,0x00,0xfd,0x00,0xfd,0x01,0xfd,0x57,0x3f,0x00,0x00,
        0x00,0x00,0x00,0xd4,0x00,0xf4,0x00,0xfc,0x01,0xfc,0x07,0xfc,0x5f,0x3d,0x00,0x00,
        0x00,0x00,0x00,0x54,0x00,0x54,0x01,0x74,0x07,0x70,0x1f,0x74,0x7f,0x35,0x00,0x00,
        0x00,0x00,0x01,0x10,0x01,0x10,0x07,0x10,0x1f,0x00,0x7f,0x70,0xff,0x35,0x00,0x00,
        0x00,0x00,0x00,0x00,0x00,0x00,0x00,0x00,0x00,0x00,0x00,0x00,0x00,0x00,0x00,0x00,
        0x00,0x00,0x00,0x00,0x00,0x00,0x00,0x00,0x00,0x00,0x00,0x00,0x00,0x00,0x00,0x00,
        0x00,0x00,0x40,0xff,0x40,0xff,0x40,0xff,0x40,0xff,0xd0,0xff,0xf4,0x3f,0x00,0x00,
        0x00,0x00,0x00,0xff,0x00,0xff,0x00,0xff,0x00,0xff,0x40,0xff,0xd1,0x3f,0x00,0x00,
        0x00,0x00,0x00,0xfd,0x00,0xfd,0x00,0xfd,0x00,0xfd,0x01,0xfd,0x47,0x3f,0x00,0x00,
        0x00,0x00,0x00,0xfc,0x00,0xfc,0x00,0xfc,0x01,0xfc,0x07,0xfc,0x1f,0x3d,0x00,0x00,
        0x00,0x00,0x00,0x74,0x00,0x74,0x01,0x74,0x07,0x74,0x1f,0x70,0x7f,0x34,0x00,0x00,
        0x00,0x00,0x01,0x30,0x01,0x30,0x07,0x30,0x1f,0x30,0x7f,0x20,0xff,0x31,0x00,0x00,
        0x00,0x00,0x00,0x00,0x00,0x00,0x00,0x00,0x00,0x00,0x00,0x00,0x00,0x00,0x00,0x00,
        0x00,0x00,0x00,0x00,0x00,0x00,0x00,0x00,0x00,0x00,0x00,0x00,0x00,0x00,0x00,0x00,
        0x00,0x00,0x40,0xff,0x40,0xff,0x40,0xff,0x40,0xff,0xd0,0xff,0xf0,0x3f,0x00,0x00,
        0x00,0x00,0x40,0xff,0x00,0xff,0x00,0xff,0x00,0xff,0x40,0xff,0xc0,0x3f,0x00,0x00,
        0x00,0x00,0x40,0xfd,0x00,0xfd,0x00,0xfd,0x00,0xfd,0x01,0xfd,0x03,0x3f,0x00,0x00,
        0x00,0x00,0x40,0xfd,0x00,0xfd,0x00,0xfc,0x01,0xfc,0x07,0xfc,0x0f,0x3c,0x00,0x00,
        0x00,0x00,0x40,0x75,0x00,0x75,0x01,0x74,0x07,0x74,0x1f,0x74,0x3f,0x30,0x00,0x00,
        0x00,0x00,0x41,0x35,0x01,0x35,0x07,0x34,0x1f,0x34,0x7f,0x30,0xff,0x24,0x00,0x00,
        0x00,0x00,0x00,0x00,0x00,0x00,0x00,0x00,0x00,0x00,0x00,0x00,0x00,0x00,0x00,0x00,
        0x00,0x00,0x00,0x00,0x00,0x00,0x00,0x00,0x00,0x00,0x00,0x00,0x00,0x00,0x00,0x00,
        0x00,0x00,0xf5,0xff,0xff,0xff,0xff,0xff,0xff,0xff,0xff,0xff,0xff,0xff,0x00,0x00,
        0x00,0x00,0xd5,0xff,0xff,0xff,0xff,0xff,0xff,0xff,0xff,0xff,0xff,0xff,0x00,0x00,
        0x00,0x00,0x57,0xff,0xff,0xff,0xff,0xff,0xff,0xff,0xff,0xff,0xff,0xff,0x00,0x00,
        0x00,0x00,0x5f,0xfd,0xff,0xff,0xff,0xff,0xff,0xff,0xff,0xff,0xff,0xff,0x00,0x00,
        0x00,0x00,0x7f,0xf5,0xff,0xff,0xff,0xff,0xff,0xff,0xff,0xff,0xff,0xff,0x00,0x00,
        0x00,0x00,0xff,0xd5,0xff,0xff,0xff,0xff,0xff,0xff,0xff,0xff,0xff,0xff,0x00,0x00,
        0x00,0x00,0xff,0x57,0xff,0xff,0xff,0xff,0xff,0xff,0xff,0xff,0xff,0xff,0x00,0x00,
        0x00,0x00,0xff,0x5f,0xff,0xff,0xff,0xff,0xff,0xff,0xff,0xff,0xff,0xff,0x00,0x00,
        0x00,0x00,0x54,0xf5,0x55,0xf5,0xff,0xff,0xff,0xff,0xff,0xff,0xff,0xff,0x00,0x00,
        0x00,0x00,0x51,0xd5,0x55,0xd5,0xff,0xff,0xff,0xff,0xff,0xff,0xff,0xff,0x00,0x00,
        0x00,0x00,0x45,0x55,0x55,0x55,0xff,0xff,0xff,0xff,0xff,0xff,0xff,0xff,0x00,0x00,
        0x00,0x00,0x15,0x55,0x55,0x55,0xff,0xff,0xff,0xff,0xff,0xff,0xff,0xff,0x00,0x00,
        0x00,0x00,0x55,0x54,0x55,0x55,0xff,0xff,0xff,0xff,0xff,0xff,0xff,0xff,0x00,0x00,
        0x00,0x00,0x57,0x51,0x57,0x55,0xff,0xff,0xff,0xff,0xff,0xff,0xff,0xff,0x00,0x00,
        0x00,0x00,0x5f,0x45,0x5f,0x55,0xff,0xff,0xff,0xff,0xff,0xff,0xff,0xff,0x00,0x00,
        0x00,0x00,0x7f,0x15,0x7f,0x55,0xff,0xff,0xff,0xff,0xff,0xff,0xff,0xff,0x00,0x00,
        0x00,0x00,0x00,0xf4,0x00,0xf4,0x55,0xfd,0xff,0xff,0xff,0xff,0xff,0xff,0x00,0x00,
        0x00,0x00,0x00,0xd0,0x00,0xd0,0x55,0xf5,0xff,0xff,0xff,0xff,0xff,0xff,0x00,0x00,
        0x00,0x00,0x00,0x40,0x00,0x40,0x55,0xd5,0xff,0xff,0xff,0xff,0xff,0xff,0x00,0x00,
        0x00,0x00,0x00,0x00,0x00,0x00,0x55,0x55,0xff,0xff,0xff,0xff,0xff,0xff,0x00,0x00,
        0x00,0x00,0x01,0x00,0x01,0x00,0x57,0x55,0xff,0xff,0xff,0xff,0xff,0xff,0x00,0x00,
        0x00,0x00,0x07,0x00,0x07,0x00,0x5f,0x55,0xff,0xff,0xff,0xff,0xff,0xff,0x00,0x00,
        0x00,0x00,0x1f,0x00,0x1f,0x00,0x7f,0x55,0xff,0xff,0xff,0xff,0xff,0xff,0x00,0x00,
        0x00,0x00,0x7f,0x00,0x7f,0x00,0xff,0x55,0xff,0xff,0xff,0xff,0xff,0xff,0x00,0x00,
        0x00,0x00,0x00,0xf4,0x00,0xf4,0x00,0xfd,0x55,0xff,0xff,0xff,0xff,0xff,0x00,0x00,
        0x00,0x00,0x00,0xd0,0x00,0xd0,0x00,0xf4,0x55,0xfd,0xff,0xff,0xff,0xff,0x00,0x00,
        0x00,0x00,0x00,0x40,0x00,0x40,0x00,0xd0,0x55,0xf5,0xff,0xff,0xff,0xff,0x00,0x00,
        0x00,0x00,0x00,0x00,0x00,0x00,0x01,0x40,0x57,0xd5,0xff,0xff,0xff,0xff,0x00,0x00,
        0x00,0x00,0x01,0x00,0x01,0x00,0x07,0x00,0x5f,0x55,0xff,0xff,0xff,0xff,0x00,0x00,
        0x00,0x00,0x07,0x00,0x07,0x00,0x1f,0x00,0x7f,0x55,0xff,0xff,0xff,0xff,0x00,0x00,
        0x00,0x00,0x1f,0x00,0x1f,0x00,0x7f,0x00,0xff,0x55,0xff,0xff,0xff,0xff,0x00,0x00,
        0x00,0x00,0x7f,0x00,0x7f,0x00,0xff,0x01,0xff,0x55,0xff,0xff,0xff,0xff,0x00,0x00,
        0x00,0x00,0x00,0xf4,0x00,0xf4,0x00,0xfd,0x50,0xff,0xd5,0xff,0xff,0xff,0x00,0x00,
        0x00,0x00,0x00,0xd0,0x00,0xd0,0x00,0xf4,0x00,0xfd,0x55,0xff,0xff,0xff,0x00,0x00,
        0x00,0x00,0x00,0x40,0x00,0x40,0x00,0xd0,0x01,0xf4,0x55,0xfd,0xff,0xff,0x00,0x00,
        0x00,0x00,0x00,0x00,0x00,0x00,0x01,0x40,0x05,0xd0,0x5f,0xf5,0xff,0xff,0x00,0x00,
        0x00,0x00,0x01,0x00,0x01,0x00,0x07,0x00,0x1f,0x40,0x7f,0xd5,0xff,0xff,0x00,0x00,
        0x00,0x00,0x07,0x00,0x07,0x00,0x1f,0x00,0x7f,0x00,0x7f,0x55,0xff,0xff,0x00,0x00,
        0x00,0x00,0x1f,0x00,0x1f,0x00,0x7f,0x00,0xff,0x00,0xff,0x55,0xff,0xff,0x00,0x00,
        0x00,0x00,0x7f,0x00,0x7f,0x00,0xff,0x01,0xff,0x01,0xff,0x57,0xff,0xff,0x00,0x00,
        0x00,0x00,0x00,0xf4,0x00,0xf4,0x00,0xfd,0x40,0xff,0xd4,0xff,0xff,0xff,0x00,0x00,
        0x00,0x00,0x00,0xd0,0x00,0xd0,0x00,0xf4,0x00,0xfd,0x40,0xff,0xdd,0xff,0x00,0x00,
        0x00,0x00,0x00,0x40,0x00,0x40,0x00,0xd0,0x00,0xf4,0x05,0xfd,0x5d,0xff,0x00,0x00,
        0x00,0x00,0x00,0x00,0x00,0x00,0x05,0x40,0x05,0xd0,0x1d,0xf4,0x5d,0xfd,0x00,0x00,
        0x00,0x00,0x01,0x00,0x05,0x00,0x17,0x00,0x1f,0x40,0x3f,0xd0,0x7f,0xf5,0x00,0x00,
        0x00,0x00,0x07,0x00,0x17,0x00,0x5f,0x00,0x7f,0x00,0x7f,0x40,0xff,0xd5,0x00,0x00,
        0x00,0x00,0x1f,0x00,0x5f,0x00,0x7f,0x00,0xff,0x00,0xff,0x01,0xff,0x57,0x00,0x00,
        0x00,0x00,0x7f,0x00,0x7f,0x01,0xff,0x01,0xff,0x01,0xff,0x07,0xff,0x5f,0x00,0x00,
        0x00,0x00,0x00,0x00,0x00,0x00,0x00,0x00,0x00,0x00,0x00,0x00,0x00,0x00,0x00,0x00,
        0x00,0x00,0x00,0x00,0x00,0x00,0x00,0x00,0x00,0x00,0x00,0x00,0x00,0x00,0x00,0x00,
        0x00,0x00,0x04,0x40,0x04,0x40,0x04,0xd0,0x04,0xf4,0x00,0xfd,0x4c,0xff,0x00,0x00,
        0x00,0x00,0x15,0x00,0x15,0x00,0x15,0x40,0x1d,0xd0,0x0d,0xf4,0x1d,0xfd,0x00,0x00,
        0x00,0x00,0x15,0x00,0x15,0x00,0x1f,0x00,0x3f,0x40,0x3f,0xd0,0x7f,0xf4,0x00,0x00,
        0x00,0x00,0x57,0x00,0x5f,0x00,0x7f,0x00,0x7f,0x00,0x7f,0x40,0xff,0xd1,0x00,0x00,
        0x00,0x00,0x5f,0x00,0x7f,0x00,0xff,0x00,0xff,0x00,0xff,0x01,0xff,0x47,0x00,0x00,
        0x00,0x00,0x7f,0x01,0xff,0x01,0xff,0x01,0xff,0x01,0xff,0x07,0xff,0x1f,0x00,0x00,
        0x00,0x00,0x00,0x00,0x00,0x00,0x00,0x00,0x00,0x00,0x00,0x00,0x00,0x00,0x00,0x00,
        0x00,0x00,0x00,0x00,0x00,0x00,0x00,0x00,0x00,0x00,0x00,0x00,0x00,0x00,0x00,0x00,
        0x00,0x00,0x0c,0x40,0x0c,0x40,0x0c,0xd0,0x0c,0xf4,0x0c,0xfd,0x08,0xff,0x00,0x00,
        0x00,0x00,0x1d,0x00,0x1d,0x00,0x1d,0x40,0x1d,0xd0,0x1d,0xf4,0x0d,0xfc,0x00,0x00,
        0x00,0x00,0x3f,0x00,0x3f,0x00,0x3f,0x00,0x3f,0x40,0x3f,0xd0,0x3f,0xf0,0x00,0x00,
        0x00,0x00,0x7f,0x00,0x7f,0x00,0x7f,0x00,0x7f,0x00,0x7f,0x40,0xff,0xc0,0x00,0x00,
        0x00,0x00,0xff,0x00,0xff,0x00,0xff,0x00,0xff,0x00,0xff,0x01,0xff,0x03,0x00,0x00,
        0x00,0x00,0xff,0x01,0xff,0x01,0xff,0x01,0xff,0x01,0xff,0x07,0xff,0x0f,0x00,0x00,
        0x00,0x00,0xf5,0xff,0xff,0xff,0xff,0xff,0xff,0xff,0xff,0xff,0xff,0xff,0x00,0x00,
        0x00,0x00,0xd5,0xff,0xff,0xff,0xff,0xff,0xff,0xff,0xff,0xff,0xff,0xff,0x00,0x00,
        0x00,0x00,0x57,0xff,0xff,0xff,0xff,0xff,0xff,0xff,0xff,0xff,0xff,0xff,0x00,0x00,
        0x00,0x00,0x5f,0xfd,0xff,0xff,0xff,0xff,0xff,0xff,0xff,0xff,0xff,0xff,0x00,0x00,
        0x00,0x00,0x7f,0xf5,0xff,0xff,0xff,0xff,0xff,0xff,0xff,0xff,0xff,0xff,0x00,0x00,
        0x00,0x00,0xff,0xd5,0xff,0xff,0xff,0xff,0xff,0xff,0xff,0xff,0xff,0xff,0x00,0x00,
        0x00,0x00,0xff,0x57,0xff,0xff,0xff,0xff,0xff,0xff,0xff,0xff,0xff,0xff,0x00,0x00,
        0x00,0x00,0xff,0x5f,0xff,0xff,0xff,0xff,0xff,0xff,0xff,0xff,0xff,0xff,0x00,0x00,
        0x00,0x00,0x54,0xf5,0x55,0xf5,0xff,0xff,0xff,0xff,0xff,0xff,0xff,0xff,0x00,0x00,
        0x00,0x00,0x51,0xd5,0x55,0xd5,0xff,0xff,0xff,0xff,0xff,0xff,0xff,0xff,0x00,0x00,
        0x00,0x00,0x45,0x55,0x55,0x55,0xff,0xff,0xff,0xff,0xff,0xff,0xff,0xff,0x00,0x00,
        0x00,0x00,0x15,0x55,0x55,0x55,0xff,0xff,0xff,0xff,0xff,0xff,0xff,0xff,0x00,0x00,
        0x00,0x00,0x55,0x54,0x55,0x55,0xff,0xff,0xff,0xff,0xff,0xff,0xff,0xff,0x00,0x00,
        0x00,0x00,0x57,0x51,0x57,0x55,0xff,0xff,0xff,0xff,0xff,0xff,0xff,0xff,0x00,0x00,
        0x00,0x00,0x5f,0x45,0x5f,0x55,0xff,0xff,0xff,0xff,0xff,0xff,0xff,0xff,0x00,0x00,
        0x00,0x00,0x7f,0x15,0x7f,0x55,0xff,0xff,0xff,0xff,0xff,0xff,0xff,0xff,0x00,0x00,
        0x00,0x00,0x00,0xf5,0x00,0xf5,0x55,0xfd,0xff,0xff,0xff,0xff,0xff,0xff,0x00,0x00,
        0x00,0x00,0x00,0xd0,0x00,0xd0,0x55,0xf5,0xff,0xff,0xff,0xff,0xff,0xff,0x00,0x00,
        0x00,0x00,0x00,0x40,0x00,0x40,0x55,0xd5,0xff,0xff,0xff,0xff,0xff,0xff,0x00,0x00,
        0x00,0x00,0x00,0x00,0x00,0x00,0x55,0x55,0xff,0xff,0xff,0xff,0xff,0xff,0x00,0x00,
        0x00,0x00,0x01,0x00,0x01,0x00,0x57,0x55,0xff,0xff,0xff,0xff,0xff,0xff,0x00,0x00,
        0x00,0x00,0x07,0x00,0x07,0x00,0x5f,0x55,0xff,0xff,0xff,0xff,0xff,0xff,0x00,0x00,
        0x00,0x00,0x1f,0x00,0x1f,0x00,0x7f,0x55,0xff,0xff,0xff,0xff,0xff,0xff,0x00,0x00,
        0x00,0x00,0x7f,0x00,0x7f,0x00,0xff,0x55,0xff,0xff,0xff,0xff,0xff,0xff,0x00,0x00,
        0x00,0x00,0x00,0xf5,0x00,0xf5,0x40,0xfd,0xd5,0xff,0xff,0xff,0xff,0xff,0x00,0x00,
        0x00,0x00,0x00,0xd0,0x00,0xd0,0x00,0xf4,0x55,0xfd,0xff,0xff,0xff,0xff,0x00,0x00,
        0x00,0x00,0x00,0x40,0x00,0x40,0x00,0xd0,0x55,0xf5,0xff,0xff,0xff,0xff,0x00,0x00,
        0x00,0x00,0x00,0x00,0x00,0x00,0x01,0x40,0x57,0xd5,0xff,0xff,0xff,0xff,0x00,0x00,
        0x00,0x00,0x01,0x00,0x01,0x00,0x07,0x00,0x5f,0x55,0xff,0xff,0xff,0xff,0x00,0x00,
        0x00,0x00,0x07,0x00,0x07,0x00,0x1f,0x00,0x7f,0x55,0xff,0xff,0xff,0xff,0x00,0x00,
        0x00,0x00,0x1f,0x00,0x1f,0x00,0x7f,0x00,0xff,0x55,0xff,0xff,0xff,0xff,0x00,0x00,
        0x00,0x00,0x7f,0x00,0x7f,0x00,0xff,0x01,0xff,0x57,0xff,0xff,0xff,0xff,0x00,0x00,
        0x00,0x00,0x00,0xf5,0x00,0xf5,0x40,0xfd,0x50,0xff,0xf5,0xff,0xff,0xff,0x00,0x00,
        0x00,0x00,0x00,0xd0,0x00,0xd0,0x00,0xf4,0x40,0xfd,0x55,0xff,0xff,0xff,0x00,0x00,
        0x00,0x00,0x00,0x40,0x00,0x40,0x00,0xd0,0x01,0xf4,0x57,0xfd,0xff,0xff,0x00,0x00,
        0x00,0x00,0x00,0x00,0x00,0x00,0x01,0x40,0x07,0xd0,0x5f,0xf5,0xff,0xff,0x00,0x00,
        0x00,0x00,0x01,0x00,0x01,0x00,0x07,0x00,0x1f,0x40,0x7f,0xd5,0xff,0xff,0x00,0x00,
        0x00,0x00,0x07,0x00,0x07,0x00,0x1f,0x00,0x7f,0x00,0xff,0x55,0xff,0xff,0x00,0x00,
        0x00,0x00,0x1f,0x00,0x1f,0x00,0x7f,0x00,0xff,0x01,0xff,0x55,0xff,0xff,0x00,0x00,
        0x00,0x00,0x7f,0x00,0x7f,0x00,0xff,0x01,0xff,0x03,0xff,0x57,0xff,0xff,0x00,0x00,
        0x00,0x00,0x00,0xf5,0x40,0xf5,0x50,0xfd,0x50,0xff,0xf4,0xff,0xff,0xff,0x00,0x00,
        0x00,0x00,0x00,0xd0,0x00,0xd0,0x00,0xf4,0x00,0xfd,0x51,0xff,0xff,0xff,0x00,0x00,
        0x00,0x00,0x00,0x40,0x00,0x40,0x00,0xd0,0x01,0xf4,0x07,0xfd,0x7f,0xff,0x00,0x00,
        0x00,0x00,0x00,0x00,0x00,0x00,0x05,0x40,0x07,0xd0,0x1f,0xf4,0x7f,0xfd,0x00,0x00,
        0x00,0x00,0x01,0x00,0x05,0x00,0x17,0x00,0x1f,0x40,0x7f,0xd0,0x7f,0xf5,0x00,0x00,
        0x00,0x00,0x07,0x00,0x17,0x00,0x5f,0x00,0x7f,0x00,0xff,0x40,0xff,0xd5,0x00,0x00,
        0x00,0x00,0x1f,0x00,0x5f,0x00,0x7f,0x01,0xff,0x01,0xff,0x01,0xff,0x57,0x00,0x00,
        0x00,0x00,0x7f,0x00,0x7f,0x01,0xff,0x01,0xff,0x03,0xff,0x07,0xff,0x5f,0x00,0x00,
        0x00,0x00,0x00,0x00,0x00,0x00,0x00,0x00,0x00,0x00,0x00,0x00,0x00,0x00,0x00,0x00,
        0x00,0x00,0x00,0x00,0x00,0x00,0x00,0x00,0x00,0x00,0x00,0x00,0x00,0x00,0x00,0x00,
        0x00,0x00,0x00,0x00,0x00,0x00,0x00,0x00,0x00,0x00,0x00,0x00,0x00,0x00,0x00,0x00,
        0x00,0x00,0x15,0x00,0x15,0x00,0x15,0x40,0x1f,0xd0,0x0f,0xf4,0x3f,0xfd,0x00,0x00,
        0x00,0x00,0x55,0x00,0x55,0x00,0x5f,0x00,0x7f,0x40,0x3f,0xd0,0x7f,0xf4,0x00,0x00,
        0x00,0x00,0x57,0x00,0x5f,0x00,0x7f,0x00,0xff,0x00,0xff,0x40,0xff,0xd1,0x00,0x00,
        0x00,0x00,0x5f,0x01,0x7f,0x01,0xff,0x01,0xff,0x01,0xff,0x01,0xff,0x47,0x00,0x00,
        0x00,0x00,0x7f,0x01,0xff,0x01,0xff,0x03,0xff,0x03,0xff,0x07,0xff,0x1f,0x00,0x00,
        0x00,0x00,0x00,0x00,0x00,0x00,0x00,0x00,0x00,0x00,0x00,0x00,0x00,0x00,0x00,0x00,
        0x00,0x00,0x00,0x00,0x00,0x00,0x00,0x00,0x00,0x00,0x00,0x00,0x00,0x00,0x00,0x00,
        0x00,0x00,0x00,0x00,0x00,0x00,0x00,0x00,0x00,0x00,0x00,0x00,0x00,0x00,0x00,0x00,
        0x00,0x00,0x3f,0x00,0x3f,0x00,0x3f,0x40,0x3f,0xd0,0x3f,0xf4,0x2f,0xfc,0x00,0x00,
        0x00,0x00,0x7f,0x00,0x7f,0x00,0x7f,0x00,0x7f,0x40,0x7f,0xd0,0x3f,0xf0,0x00,0x00,
        0x00,0x00,0xff,0x00,0xff,0x00,0xff,0x00,0xff,0x00,0xff,0x40,0xff,0xc0,0x00,0x00,
        0x00,0x00,0xff,0x01,0xff,0x01,0xff,0x01,0xff,0x01,0xff,0x01,0xff,0x03,0x00,0x00,
        0x00,0x00,0xff,0x03,0xff,0x03,0xff,0x03,0xff,0x03,0xff,0x07,0xff,0x0f,0x00,0x00,
        0x00,0x00,0xf5,0xff,0xff,0xff,0xff,0xff,0xff,0xff,0xff,0xff,0xff,0xff,0x00,0x00,
        0x00,0x00,0xd5,0xff,0xff,0xff,0xff,0xff,0xff,0xff,0xff,0xff,0xff,0xff,0x00,0x00,
        0x00,0x00,0x57,0xff,0xff,0xff,0xff,0xff,0xff,0xff,0xff,0xff,0xff,0xff,0x00,0x00,
        0x00,0x00,0x5f,0xfd,0xff,0xff,0xff,0xff,0xff,0xff,0xff,0xff,0xff,0xff,0x00,0x00,
        0x00,0x00,0x7f,0xf5,0xff,0xff,0xff,0xff,0xff,0xff,0xff,0xff,0xff,0xff,0x00,0x00,
        0x00,0x00,0xff,0xd5,0xff,0xff,0xff,0xff,0xff,0xff,0xff,0xff,0xff,0xff,0x00,0x00,
        0x00,0x00,0xff,0x57,0xff,0xff,0xff,0xff,0xff,0xff,0xff,0xff,0xff,0xff,0x00,0x00,
        0x00,0x00,0xff,0x5f,0xff,0xff,0xff,0xff,0xff,0xff,0xff,0xff,0xff,0xff,0x00,0x00,
        0x00,0x00,0x54,0xfd,0x55,0xfd,0xff,0xff,0xff,0xff,0xff,0xff,0xff,0xff,0x00,0x00,
        0x00,0x00,0x51,0xd5,0x55,0xd5,0xff,0xff,0xff,0xff,0xff,0xff,0xff,0xff,0x00,0x00,
        0x00,0x00,0x45,0x55,0x55,0x55,0xff,0xff,0xff,0xff,0xff,0xff,0xff,0xff,0x00,0x00,
        0x00,0x00,0x15,0x55,0x55,0x55,0xff,0xff,0xff,0xff,0xff,0xff,0xff,0xff,0x00,0x00,
        0x00,0x00,0x55,0x54,0x55,0x55,0xff,0xff,0xff,0xff,0xff,0xff,0xff,0xff,0x00,0x00,
        0x00,0x00,0x57,0x51,0x57,0x55,0xff,0xff,0xff,0xff,0xff,0xff,0xff,0xff,0x00,0x00,
        0x00,0x00,0x5f,0x45,0x5f,0x55,0xff,0xff,0xff,0xff,0xff,0xff,0xff,0xff,0x00,0x00,
        0x00,0x00,0x7f,0x15,0x7f,0x55,0xff,0xff,0xff,0xff,0xff,0xff,0xff,0xff,0x00,0x00,
        0x00,0x00,0x00,0xfd,0x00,0xfd,0x55,0xff,0xff,0xff,0xff,0xff,0xff,0xff,0x00,0x00,
        0x00,0x00,0x00,0xd4,0x00,0xd4,0x55,0xf5,0xff,0xff,0xff,0xff,0xff,0xff,0x00,0x00,
        0x00,0x00,0x00,0x40,0x00,0x40,0x55,0xd5,0xff,0xff,0xff,0xff,0xff,0xff,0x00,0x00,
        0x00,0x00,0x00,0x00,0x00,0x00,0x55,0x55,0xff,0xff,0xff,0xff,0xff,0xff,0x00,0x00,
        0x00,0x00,0x01,0x00,0x01,0x00,0x57,0x55,0xff,0xff,0xff,0xff,0xff,0xff,0x00,0x00,
        0x00,0x00,0x07,0x00,0x07,0x00,0x5f,0x55,0xff,0xff,0xff,0xff,0xff,0xff,0x00,0x00,
        0x00,0x00,0x1f,0x00,0x1f,0x00,0x7f,0x55,0xff,0xff,0xff,0xff,0xff,0xff,0x00,0x00,
        0x00,0x00,0x7f,0x00,0x7f,0x00,0xff,0x55,0xff,0xff,0xff,0xff,0xff,0xff,0x00,0x00,
        0x00,0x00,0x00,0xfd,0x00,0xfd,0x40,0xff,0xd5,0xff,0xff,0xff,0xff,0xff,0x00,0x00,
        0x00,0x00,0x00,0xd4,0x00,0xd4,0x00,0xf5,0x55,0xff,0xff,0xff,0xff,0xff,0x00,0x00,
        0x00,0x00,0x00,0x40,0x00,0x40,0x00,0xd0,0x55,0xf5,0xff,0xff,0xff,0xff,0x00,0x00,
        0x00,0x00,0x00,0x00,0x00,0x00,0x01,0x40,0x57,0xd5,0xff,0xff,0xff,0xff,0x00,0x00,
        0x00,0x00,0x01,0x00,0x01,0x00,0x07,0x00,0x5f,0x55,0xff,0xff,0xff,0xff,0x00,0x00,
        0x00,0x00,0x07,0x00,0x07,0x00,0x1f,0x00,0x7f,0x55,0xff,0xff,0xff,0xff,0x00,0x00,
        0x00,0x00,0x1f,0x00,0x1f,0x00,0x7f,0x00,0xff,0x55,0xff,0xff,0xff,0xff,0x00,0x00,
        0x00,0x00,0x7f,0x00,0x7f,0x00,0xff,0x01,0xff,0x57,0xff,0xff,0xff,0xff,0x00,0x00,
        0x00,0x00,0x00,0xfd,0x00,0xfd,0x40,0xff,0xd0,0xff,0xf5,0xff,0xff,0xff,0x00,0x00,
        0x00,0x00,0x00,0xd4,0x00,0xd4,0x00,0xf5,0x40,0xfd,0xd5,0xff,0xff,0xff,0x00,0x00,
        0x00,0x00,0x00,0x40,0x00,0x40,0x00,0xd0,0x01,0xf5,0x55,0xfd,0xff,0xff,0x00,0x00,
        0x00,0x00,0x00,0x00,0x00,0x00,0x01,0x40,0x05,0xd0,0x5f,0xf5,0xff,0xff,0x00,0x00,
        0x00,0x00,0x01,0x00,0x01,0x00,0x07,0x00,0x1f,0x40,0x7f,0xd5,0xff,0xff,0x00,0x00,
        0x00,0x00,0x07,0x00,0x07,0x00,0x1f,0x00,0x7f,0x00,0xff,0x55,0xff,0xff,0x00,0x00,
        0x00,0x00,0x1f,0x00,0x1f,0x00,0x7f,0x00,0xff,0x01,0xff,0x57,0xff,0xff,0x00,0x00,
        0x00,0x00,0x7f,0x00,0x7f,0x00,0xff,0x01,0xff,0x07,0xff,0x57,0xff,0xff,0x00,0x00,
        0x00,0x00,0x00,0xfd,0x40,0xfd,0x50,0xff,0xd0,0xff,0xf4,0xff,0xfd,0xff,0x00,0x00,
        0x00,0x00,0x00,0xd4,0x00,0xd5,0x40,0xf5,0x40,0xfd,0xd0,0xff,0xfd,0xff,0x00,0x00,
        0x00,0x00,0x00,0x40,0x00,0x40,0x00,0xd0,0x00,0xf4,0x45,0xfd,0xff,0xff,0x00,0x00,
        0x00,0x00,0x00,0x00,0x00,0x00,0x05,0x40,0x05,0xd0,0x1f,0xf4,0xff,0xfd,0x00,0x00,
        0x00,0x00,0x01,0x00,0x05,0x00,0x17,0x00,0x1f,0x40,0x7f,0xd0,0xff,0xf5,0x00,0x00,
        0x00,0x00,0x07,0x00,0x17,0x00,0x5f,0x00,0x7f,0x00,0xff,0x41,0xff,0xd5,0x00,0x00,
        0x00,0x00,0x1f,0x00,0x5f,0x00,0x7f,0x01,0xff,0x01,0xff,0x03,0xff,0x57,0x00,0x00,
        0x00,0x00,0x7f,0x00,0x7f,0x01,0xff,0x05,0xff,0x07,0xff,0x07,0xff,0x5f,0x00,0x00,
        0x00,0x00,0x54,0xfd,0x54,0xff,0xd4,0xff,0xf4,0xff,0xf0,0xff,0xfc,0xff,0x00,0x00,
        0x00,0x00,0x00,0x00,0x00,0x00,0x00,0x00,0x00,0x00,0x00,0x00,0x00,0x00,0x00,0x00,
        0x00,0x00,0x00,0x00,0x00,0x00,0x00,0x00,0x00,0x00,0x00,0x00,0x00,0x00,0x00,0x00,
        0x00,0x00,0x00,0x00,0x00,0x00,0x00,0x00,0x00,0x00,0x00,0x00,0x00,0x00,0x00,0x00,
        0x00,0x00,0x55,0x00,0x55,0x00,0x5f,0x00,0x7f,0x40,0x3f,0xd0,0xff,0xf4,0x00,0x00,
        0x00,0x00,0x57,0x01,0x5f,0x01,0x7f,0x01,0xff,0x01,0xff,0x40,0xff,0xd1,0x00,0x00,
        0x00,0x00,0x5f,0x01,0x7f,0x01,0xff,0x01,0xff,0x03,0xff,0x03,0xff,0x47,0x00,0x00,
        0x00,0x00,0x7f,0x05,0xff,0x05,0xff,0x07,0xff,0x07,0xff,0x07,0xff,0x1f,0x00,0x00,
        0x00,0x00,0xfc,0xff,0xfc,0xff,0xfc,0xff,0xfc,0xff,0xf4,0xff,0xf8,0xff,0x00,0x00,
        0x00,0x00,0x00,0x00,0x00,0x00,0x00,0x00,0x00,0x00,0x00,0x00,0x00,0x00,0x00,0x00,
        0x00,0x00,0x00,0x00,0x00,0x00,0x00,0x00,0x00,0x00,0x00,0x00,0x00,0x00,0x00,0x00,
        0x00,0x00,0x00,0x00,0x00,0x00,0x00,0x00,0x00,0x00,0x00,0x00,0x00,0x00,0x00,0x00,
        0x00,0x00,0xff,0x00,0xff,0x00,0xff,0x00,0xff,0x40,0xff,0xd0,0xbf,0xf0,0x00,0x00,
        0x00,0x00,0xff,0x01,0xff,0x01,0xff,0x01,0xff,0x01,0xff,0x41,0xff,0xc0,0x00,0x00,
        0x00,0x00,0xff,0x03,0xff,0x03,0xff,0x03,0xff,0x03,0xff,0x03,0xff,0x03,0x00,0x00,
        0x00,0x00,0xff,0x07,0xff,0x07,0xff,0x07,0xff,0x07,0xff,0x07,0xff,0x0f,0x00,0x00,
        0x00,0x00,0xf5,0xff,0xff,0xff,0xff,0xff,0xff,0xff,0xff,0xff,0xff,0xff,0x00,0x00,
        0x00,0x00,0xd5,0xff,0xff,0xff,0xff,0xff,0xff,0xff,0xff,0xff,0xff,0xff,0x00,0x00,
        0x00,0x00,0x57,0xff,0xff,0xff,0xff,0xff,0xff,0xff,0xff,0xff,0xff,0xff,0x00,0x00,
        0x00,0x00,0x5f,0xfd,0xff,0xff,0xff,0xff,0xff,0xff,0xff,0xff,0xff,0xff,0x00,0x00,
        0x00,0x00,0x7f,0xf5,0xff,0xff,0xff,0xff,0xff,0xff,0xff,0xff,0xff,0xff,0x00,0x00,
        0x00,0x00,0xff,0xd5,0xff,0xff,0xff,0xff,0xff,0xff,0xff,0xff,0xff,0xff,0x00,0x00,
        0x00,0x00,0xff,0x57,0xff,0xff,0xff,0xff,0xff,0xff,0xff,0xff,0xff,0xff,0x00,0x00,
        0x00,0x00,0xff,0x5f,0xff,0xff,0xff,0xff,0xff,0xff,0xff,0xff,0xff,0xff,0x00,0x00,
        0x00,0x00,0x54,0xfd,0x55,0xfd,0xff,0xff,0xff,0xff,0xff,0xff,0xff,0xff,0x00,0x00,
        0x00,0x00,0x51,0xf5,0x55,0xf5,0xff,0xff,0xff,0xff,0xff,0xff,0xff,0xff,0x00,0x00,
        0x00,0x00,0x45,0x55,0x55,0x55,0xff,0xff,0xff,0xff,0xff,0xff,0xff,0xff,0x00,0x00,
        0x00,0x00,0x15,0x55,0x55,0x55,0xff,0xff,0xff,0xff,0xff,0xff,0xff,0xff,0x00,0x00,
        0x00,0x00,0x55,0x54,0x55,0x55,0xff,0xff,0xff,0xff,0xff,0xff,0xff,0xff,0x00,0x00,
        0x00,0x00,0x57,0x51,0x57,0x55,0xff,0xff,0xff,0xff,0xff,0xff,0xff,0xff,0x00,0x00,
        0x00,0x00,0x5f,0x45,0x5f,0x55,0xff,0xff,0xff,0xff,0xff,0xff,0xff,0xff,0x00,0x00,
        0x00,0x00,0x7f,0x15,0x7f,0x55,0xff,0xff,0xff,0xff,0xff,0xff,0xff,0xff,0x00,0x00,
        0x00,0x00,0x00,0xfd,0x00,0xfd,0x55,0xff,0xff,0xff,0xff,0xff,0xff,0xff,0x00,0x00,
        0x00,0x00,0x00,0xf4,0x00,0xf4,0x55,0xfd,0xff,0xff,0xff,0xff,0xff,0xff,0x00,0x00,
        0x00,0x00,0x00,0x50,0x00,0x50,0x55,0xd5,0xff,0xff,0xff,0xff,0xff,0xff,0x00,0x00,
        0x00,0x00,0x00,0x00,0x00,0x00,0x55,0x55,0xff,0xff,0xff,0xff,0xff,0xff,0x00,0x00,
        0x00,0x00,0x01,0x00,0x01,0x00,0x55,0x55,0xff,0xff,0xff,0xff,0xff,0xff,0x00,0x00,
        0x00,0x00,0x07,0x00,0x07,0x00,0x5f,0x55,0xff,0xff,0xff,0xff,0xff,0xff,0x00,0x00,
        0x00,0x00,0x1f,0x00,0x1f,0x00,0x7f,0x55,0xff,0xff,0xff,0xff,0xff,0xff,0x00,0x00,
        0x00,0x00,0x7f,0x00,0x7f,0x00,0xff,0x55,0xff,0xff,0xff,0xff,0xff,0xff,0x00,0x00,
        0x00,0x00,0x00,0xfd,0x00,0xfd,0x40,0xff,0xd5,0xff,0xff,0xff,0xff,0xff,0x00,0x00,
        0x00,0x00,0x00,0xf4,0x00,0xf4,0x00,0xfd,0x55,0xff,0xff,0xff,0xff,0xff,0x00,0x00,
        0x00,0x00,0x00,0x50,0x00,0x50,0x00,0xd4,0x55,0xfd,0xff,0xff,0xff,0xff,0x00,0x00,
        0x00,0x00,0x00,0x00,0x00,0x00,0x00,0x40,0x55,0xd5,0xff,0xff,0xff,0xff,0x00,0x00,
        0x00,0x00,0x01,0x00,0x01,0x00,0x05,0x00,0x5f,0x55,0xff,0xff,0xff,0xff,0x00,0x00,
        0x00,0x00,0x07,0x00,0x07,0x00,0x1f,0x00,0x7f,0x55,0xff,0xff,0xff,0xff,0x00,0x00,
        0x00,0x00,0x1f,0x00,0x1f,0x00,0x7f,0x00,0xff,0x55,0xff,0xff,0xff,0xff,0x00,0x00,
        0x00,0x00,0x7f,0x00,0x7f,0x00,0xff,0x01,0xff,0x57,0xff,0xff,0xff,0xff,0x00,0x00,
        0x00,0x00,0x00,0xfd,0x00,0xfd,0x40,0xff,0xd0,0xff,0xf5,0xff,0xff,0xff,0x00,0x00,
        0x00,0x00,0x00,0xf4,0x00,0xf4,0x00,0xfd,0x40,0xff,0xd5,0xff,0xff,0xff,0x00,0x00,
        0x00,0x00,0x00,0x50,0x00,0x50,0x00,0xd4,0x00,0xf5,0x55,0xff,0xff,0xff,0x00,0x00,
        0x00,0x00,0x00,0x00,0x00,0x00,0x00,0x40,0x05,0xd4,0x57,0xf5,0xff,0xff,0x00,0x00,
        0x00,0x00,0x01,0x00,0x01,0x00,0x05,0x00,0x17,0x40,0x7f,0xd5,0xff,0xff,0x00,0x00,
        0x00,0x00,0x07,0x00,0x07,0x00,0x1f,0x00,0x7f,0x00,0xff,0x55,0xff,0xff,0x00,0x00,
        0x00,0x00,0x1f,0x00,0x1f,0x00,0x7f,0x00,0xff,0x01,0xff,0x57,0xff,0xff,0x00,0x00,
        0x00,0x00,0x7f,0x00,0x7f,0x00,0xff,0x01,0xff,0x07,0xff,0x5f,0xff,0xff,0x00,0x00,
        0x00,0x00,0x00,0xfd,0x40,0xfd,0x50,0xff,0xd0,0xff,0xf4,0xff,0xf5,0xff,0x00,0x00,
        0x00,0x00,0x00,0xf4,0x00,0xf5,0x40,0xfd,0x40,0xff,0xd0,0xff,0xf5,0xff,0x00,0x00,
        0x00,0x00,0x00,0x50,0x00,0x54,0x00,0xd5,0x00,0xf5,0x41,0xff,0xf7,0xff,0x00,0x00,
        0x00,0x00,0x00,0x00,0x00,0x00,0x00,0x40,0x01,0xd0,0x17,0xf5,0xff,0xff,0x00,0x00,
        0x00,0x00,0x01,0x00,0x05,0x00,0x15,0x00,0x17,0x40,0x7f,0xd0,0xff,0xf7,0x00,0x00,
        0x00,0x00,0x07,0x00,0x17,0x00,0x5f,0x00,0x7f,0x00,0xff,0x41,0xff,0xd7,0x00,0x00,
        0x00,0x00,0x1f,0x00,0x5f,0x00,0x7f,0x01,0xff,0x01,0xff,0x07,0xff,0x57,0x00,0x00,
        0x00,0x00,0x7f,0x00,0x7f,0x01,0xff,0x05,0xff,0x07,0xff,0x0f,0xff,0x5f,0x00,0x00,
        0x00,0x00,0x54,0xfd,0x54,0xff,0xd4,0xff,0xf4,0xff,0xf0,0xff,0xf4,0xff,0x00,0x00,
        0x00,0x00,0x50,0xf5,0x50,0xfd,0x50,0xff,0xd0,0xff,0xc0,0xff,0xf1,0xff,0x00,0x00,
        0x00,0x00,0x00,0x00,0x00,0x00,0x00,0x00,0x00,0x00,0x00,0x00,0x00,0x00,0x00,0x00,
        0x00,0x00,0x00,0x00,0x00,0x00,0x00,0x00,0x00,0x00,0x00,0x00,0x00,0x00,0x00,0x00,
        0x00,0x00,0x00,0x00,0x00,0x00,0x00,0x00,0x00,0x00,0x00,0x00,0x00,0x00,0x00,0x00,
        0x00,0x00,0x57,0x01,0x5f,0x01,0x7f,0x01,0xff,0x01,0xff,0x40,0xff,0xd3,0x00,0x00,
        0x00,0x00,0x5f,0x05,0x7f,0x05,0xff,0x05,0xff,0x07,0xff,0x03,0xff,0x47,0x00,0x00,
        0x00,0x00,0x7f,0x05,0xff,0x05,0xff,0x07,0xff,0x0f,0xff,0x0f,0xff,0x1f,0x00,0x00,
        0x00,0x00,0xf4,0xff,0xf4,0xff,0xf4,0xff,0xf4,0xff,0xf0,0xff,0xf0,0xff,0x00,0x00,
        0x00,0x00,0xf0,0xff,0xf0,0xff,0xf0,0xff,0xf0,0xff,0xf0,0xff,0xe0,0xff,0x00,0x00,
        0x00,0x00,0x00,0x00,0x00,0x00,0x00,0x00,0x00,0x00,0x00,0x00,0x00,0x00,0x00,0x00,
        0x00,0x00,0x00,0x00,0x00,0x00,0x00,0x00,0x00,0x00,0x00,0x00,0x00,0x00,0x00,0x00,
        0x00,0x00,0x00,0x00,0x00,0x00,0x00,0x00,0x00,0x00,0x00,0x00,0x00,0x00,0x00,0x00,
        0x00,0x00,0xff,0x03,0xff,0x03,0xff,0x03,0xff,0x03,0xff,0x43,0xff,0xc2,0x00,0x00,
        0x00,0x00,0xff,0x07,0xff,0x07,0xff,0x07,0xff,0x07,0xff,0x07,0xff,0x03,0x00,0x00,
        0x00,0x00,0xff,0x0f,0xff,0x0f,0xff,0x0f,0xff,0x0f,0xff,0x0f,0xff,0x0f,0x00,0x00,
        0x00,0x00,0xf5,0xff,0xff,0xff,0xff,0xff,0xff,0xff,0xff,0xff,0xff,0xff,0x00,0x00,
        0x00,0x00,0xd5,0xff,0xff,0xff,0xff,0xff,0xff,0xff,0xff,0xff,0xff,0xff,0x00,0x00,
        0x00,0x00,0x57,0xff,0xff,0xff,0xff,0xff,0xff,0xff,0xff,0xff,0xff,0xff,0x00,0x00,
        0x00,0x00,0x5f,0xfd,0xff,0xff,0xff,0xff,0xff,0xff,0xff,0xff,0xff,0xff,0x00,0x00,
        0x00,0x00,0x7f,0xf5,0xff,0xff,0xff,0xff,0xff,0xff,0xff,0xff,0xff,0xff,0x00,0x00,
        0x00,0x00,0xff,0xd5,0xff,0xff,0xff,0xff,0xff,0xff,0xff,0xff,0xff,0xff,0x00,0x00,
        0x00,0x00,0xff,0x57,0xff,0xff,0xff,0xff,0xff,0xff,0xff,0xff,0xff,0xff,0x00,0x00,
        0x00,0x00,0xff,0x5f,0xff,0xff,0xff,0xff,0xff,0xff,0xff,0xff,0xff,0xff,0x00,0x00,
        0x00,0x00,0x54,0xfd,0x55,0xfd,0xff,0xff,0xff,0xff,0xff,0xff,0xff,0xff,0x00,0x00,
        0x00,0x00,0x51,0xf5,0x55,0xf5,0xff,0xff,0xff,0xff,0xff,0xff,0xff,0xff,0x00,0x00,
        0x00,0x00,0x45,0xd5,0x55,0xd5,0xff,0xff,0xff,0xff,0xff,0xff,0xff,0xff,0x00,0x00,
        0x00,0x00,0x15,0x55,0x55,0x55,0xff,0xff,0xff,0xff,0xff,0xff,0xff,0xff,0x00,0x00,
        0x00,0x00,0x55,0x54,0x55,0x55,0xff,0xff,0xff,0xff,0xff,0xff,0xff,0xff,0x00,0x00,
        0x00,0x00,0x55,0x51,0x55,0x55,0xff,0xff,0xff,0xff,0xff,0xff,0xff,0xff,0x00,0x00,
        0x00,0x00,0x5f,0x45,0x5f,0x55,0xff,0xff,0xff,0xff,0xff,0xff,0xff,0xff,0x00,0x00,
        0x00,0x00,0x7f,0x15,0x7f,0x55,0xff,0xff,0xff,0xff,0xff,0xff,0xff,0xff,0x00,0x00,
        0x00,0x00,0x00,0xfd,0x00,0xfd,0x55,0xff,0xff,0xff,0xff,0xff,0xff,0xff,0x00,0x00,
        0x00,0x00,0x00,0xf4,0x00,0xf4,0x55,0xfd,0xff,0xff,0xff,0xff,0xff,0xff,0x00,0x00,
        0x00,0x00,0x00,0xd0,0x00,0xd0,0x55,0xf5,0xff,0xff,0xff,0xff,0xff,0xff,0x00,0x00,
        0x00,0x00,0x00,0x40,0x00,0x40,0x55,0x55,0xff,0xff,0xff,0xff,0xff,0xff,0x00,0x00,
        0x00,0x00,0x00,0x00,0x00,0x00,0x55,0x55,0xff,0xff,0xff,0xff,0xff,0xff,0x00,0x00,
        0x00,0x00,0x05,0x00,0x05,0x00,0x57,0x55,0xff,0xff,0xff,0xff,0xff,0xff,0x00,0x00,
        0x00,0x00,0x1f,0x00,0x1f,0x00,0x7f,0x55,0xff,0xff,0xff,0xff,0xff,0xff,0x00,0x00,
        0x00,0x00,0x7f,0x00,0x7f,0x00,0xff,0x55,0xff,0xff,0xff,0xff,0xff,0xff,0x00,0x00,
        0x00,0x00,0x00,0xfd,0x00,0xfd,0x40,0xff,0xd5,0xff,0xff,0xff,0xff,0xff,0x00,0x00,
        0x00,0x00,0x00,0xf4,0x00,0xf4,0x00,0xfd,0x55,0xff,0xff,0xff,0xff,0xff,0x00,0x00,
        0x00,0x00,0x00,0xd0,0x00,0xd0,0x00,0xf4,0x55,0xfd,0xff,0xff,0xff,0xff,0x00,0x00,
        0x00,0x00,0x00,0x40,0x00,0x40,0x00,0x50,0x55,0xf5,0xff,0xff,0xff,0xff,0x00,0x00,
        0x00,0x00,0x00,0x00,0x00,0x00,0x01,0x00,0x57,0x55,0xff,0xff,0xff,0xff,0x00,0x00,
        0x00,0x00,0x05,0x00,0x05,0x00,0x17,0x00,0x7f,0x55,0xff,0xff,0xff,0xff,0x00,0x00,
        0x00,0x00,0x1f,0x00,0x1f,0x00,0x7f,0x00,0xff,0x55,0xff,0xff,0xff,0xff,0x00,0x00,
        0x00,0x00,0x7f,0x00,0x7f,0x00,0xff,0x01,0xff,0x57,0xff,0xff,0xff,0xff,0x00,0x00,
        0x00,0x00,0x00,0xfd,0x00,0xfd,0x40,0xff,0xd0,0xff,0xf5,0xff,0xff,0xff,0x00,0x00,
        0x00,0x00,0x00,0xf4,0x00,0xf4,0x00,0xfd,0x40,0xff,0xd5,0xff,0xff,0xff,0x00,0x00,
        0x00,0x00,0x00,0xd0,0x00,0xd0,0x00,0xf4,0x00,0xfd,0x55,0xff,0xff,0xff,0x00,0x00,
        0x00,0x00,0x00,0x40,0x00,0x40,0x00,0x50,0x01,0xd4,0x57,0xfd,0xff,0xff,0x00,0x00,
        0x00,0x00,0x00,0x00,0x00,0x00,0x01,0x00,0x17,0x50,0x5f,0xd5,0xff,0xff,0x00,0x00,
        0x00,0x00,0x05,0x00,0x05,0x00,0x17,0x00,0x5f,0x00,0xff,0x55,0xff,0xff,0x00,0x00,
        0x00,0x00,0x1f,0x00,0x1f,0x00,0x7f,0x00,0xff,0x01,0xff,0x57,0xff,0xff,0x00,0x00,
        0x00,0x00,0x7f,0x00,0x7f,0x00,0xff,0x01,0xff,0x07,0xff,0x5f,0xff,0xff,0x00,0x00,
        0x00,0x00,0x00,0xfd,0x40,0xfd,0x50,0xff,0xd0,0xff,0xf0,0xff,0xf5,0xff,0x00,0x00,
        0x00,0x00,0x00,0xf4,0x00,0xf5,0x40,0xfd,0x40,0xff,0xd0,0xff,0xd5,0xff,0x00,0x00,
        0x00,0x00,0x00,0xd0,0x00,0xd4,0x00,0xf5,0x00,0xfd,0x41,0xff,0xd7,0xff,0x00,0x00,
        0x00,0x00,0x00,0x40,0x00,0x50,0x00,0x54,0x01,0xd4,0x07,0xfd,0xdf,0xff,0x00,0x00,
        0x00,0x00,0x00,0x00,0x00,0x00,0x01,0x00,0x07,0x40,0x5f,0xd4,0xff,0xff,0x00,0x00,
        0x00,0x00,0x05,0x00,0x15,0x00,0x57,0x00,0x5f,0x00,0xff,0x41,0xff,0xdf,0x00,0x00,
        0x00,0x00,0x1f,0x00,0x5f,0x00,0x7f,0x01,0xff,0x01,0xff,0x07,0xff,0x5f,0x00,0x00,
        0x00,0x00,0x7f,0x00,0x7f,0x01,0xff,0x05,0xff,0x07,0xff,0x1f,0xff,0x5f,0x00,0x00,
        0x00,0x00,0x50,0xfd,0x50,0xff,0xd0,0xff,0xf0,0xff,0xf0,0xff,0xf4,0xff,0x00,0x00,
        0x00,0x00,0x50,0xf5,0x50,0xfd,0x50,0xff,0xd0,0xff,0xc0,0xff,0xd1,0xff,0x00,0x00,
        0x00,0x00,0x40,0xd5,0x40,0xf5,0x40,0xfd,0x40,0xff,0x01,0xff,0xc7,0xff,0x00,0x00,
        0x00,0x00,0x00,0x00,0x00,0x00,0x00,0x00,0x00,0x00,0x00,0x00,0x00,0x00,0x00,0x00,
        0x00,0x00,0x00,0x00,0x00,0x00,0x00,0x00,0x00,0x00,0x00,0x00,0x00,0x00,0x00,0x00,
        0x00,0x00,0x00,0x00,0x00,0x00,0x00,0x00,0x00,0x00,0x00,0x00,0x00,0x00,0x00,0x00,
        0x00,0x00,0x5f,0x05,0x7f,0x05,0xff,0x05,0xff,0x07,0xff,0x03,0xff,0x4f,0x00,0x00,
        0x00,0x00,0x7f,0x15,0xff,0x15,0xff,0x17,0xff,0x1f,0xff,0x0f,0xff,0x1f,0x00,0x00,
        0x00,0x00,0xf0,0xff,0xf0,0xff,0xf0,0xff,0xf0,0xff,0xf0,0xff,0xf0,0xff,0x00,0x00,
        0x00,0x00,0xd0,0xff,0xd0,0xff,0xd0,0xff,0xd0,0xff,0xd0,0xff,0xc0,0xff,0x00,0x00,
        0x00,0x00,0xc0,0xff,0xc0,0xff,0xc0,0xff,0xc0,0xff,0xc1,0xff,0x83,0xff,0x00,0x00,
        0x00,0x00,0x00,0x00,0x00,0x00,0x00,0x00,0x00,0x00,0x00,0x00,0x00,0x00,0x00,0x00,
        0x00,0x00,0x00,0x00,0x00,0x00,0x00,0x00,0x00,0x00,0x00,0x00,0x00,0x00,0x00,0x00,
        0x00,0x00,0x00,0x00,0x00,0x00,0x00,0x00,0x00,0x00,0x00,0x00,0x00,0x00,0x00,0x00,
        0x00,0x00,0xff,0x0f,0xff,0x0f,0xff,0x0f,0xff,0x0f,0xff,0x0f,0xff,0x0b,0x00,0x00,
        0x00,0x00,0xff,0x1f,0xff,0x1f,0xff,0x1f,0xff,0x1f,0xff,0x0f,0xff,0x0f,0x00,0x00,
        0x00,0x00,0xf5,0xff,0xff,0xff,0xff,0xff,0xff,0xff,0xff,0xff,0xff,0xff,0x00,0x00,
        0x00,0x00,0xd5,0xff,0xff,0xff,0xff,0xff,0xff,0xff,0xff,0xff,0xff,0xff,0x00,0x00,
        0x00,0x00,0x57,0xff,0xff,0xff,0xff,0xff,0xff,0xff,0xff,0xff,0xff,0xff,0x00,0x00,
        0x00,0x00,0x5f,0xfd,0xff,0xff,0xff,0xff,0xff,0xff,0xff,0xff,0xff,0xff,0x00,0x00,
        0x00,0x00,0x7f,0xf5,0xff,0xff,0xff,0xff,0xff,0xff,0xff,0xff,0xff,0xff,0x00,0x00,
        0x00,0x00,0xff,0xd5,0xff,0xff,0xff,0xff,0xff,0xff,0xff,0xff,0xff,0xff,0x00,0x00,
        0x00,0x00,0xff,0x57,0xff,0xff,0xff,0xff,0xff,0xff,0xff,0xff,0xff,0xff,0x00,0x00,
        0x00,0x00,0xff,0x5f,0xff,0xff,0xff,0xff,0xff,0xff,0xff,0xff,0xff,0xff,0x00,0x00,
        0x00,0x00,0x54,0xfd,0x55,0xfd,0xff,0xff,0xff,0xff,0xff,0xff,0xff,0xff,0x00,0x00,
        0x00,0x00,0x51,0xf5,0x55,0xf5,0xff,0xff,0xff,0xff,0xff,0xff,0xff,0xff,0x00,0x00,
        0x00,0x00,0x45,0xd5,0x55,0xd5,0xff,0xff,0xff,0xff,0xff,0xff,0xff,0xff,0x00,0x00,
        0x00,0x00,0x15,0x55,0x55,0x55,0xff,0xff,0xff,0xff,0xff,0xff,0xff,0xff,0x00,0x00,
        0x00,0x00,0x55,0x54,0x55,0x55,0xff,0xff,0xff,0xff,0xff,0xff,0xff,0xff,0x00,0x00,
        0x00,0x00,0x55,0x51,0x55,0x55,0xff,0xff,0xff,0xff,0xff,0xff,0xff,0xff,0x00,0x00,
        0x00,0x00,0x57,0x45,0x57,0x55,0xff,0xff,0xff,0xff,0xff,0xff,0xff,0xff,0x00,0x00,
        0x00,0x00,0x7f,0x15,0x7f,0x55,0xff,0xff,0xff,0xff,0xff,0xff,0xff,0xff,0x00,0x00,
        0x00,0x00,0x00,0xfd,0x00,0xfd,0x55,0xff,0xff,0xff,0xff,0xff,0xff,0xff,0x00,0x00,
        0x00,0x00,0x00,0xf4,0x00,0xf4,0x55,0xfd,0xff,0xff,0xff,0xff,0xff,0xff,0x00,0x00,
        0x00,0x00,0x00,0xd0,0x00,0xd0,0x55,0xf5,0xff,0xff,0xff,0xff,0xff,0xff,0x00,0x00,
        0x00,0x00,0x00,0x40,0x00,0x40,0x55,0xd5,0xff,0xff,0xff,0xff,0xff,0xff,0x00,0x00,
        0x00,0x00,0x00,0x00,0x00,0x00,0x55,0x55,0xff,0xff,0xff,0xff,0xff,0xff,0x00,0x00,
        0x00,0x00,0x01,0x00,0x01,0x00,0x57,0x55,0xff,0xff,0xff,0xff,0xff,0xff,0x00,0x00,
        0x00,0x00,0x17,0x00,0x17,0x00,0x5f,0x55,0xff,0xff,0xff,0xff,0xff,0xff,0x00,0x00,
        0x00,0x00,0x7f,0x00,0x7f,0x00,0xff,0x55,0xff,0xff,0xff,0xff,0xff,0xff,0x00,0x00,
        0x00,0x00,0x00,0xfd,0x00,0xfd,0x40,0xff,0xd5,0xff,0xff,0xff,0xff,0xff,0x00,0x00,
        0x00,0x00,0x00,0xf4,0x00,0xf4,0x00,0xfd,0x55,0xff,0xff,0xff,0xff,0xff,0x00,0x00,
        0x00,0x00,0x00,0xd0,0x00,0xd0,0x00,0xf4,0x55,0xfd,0xff,0xff,0xff,0xff,0x00,0x00,
        0x00,0x00,0x00,0x40,0x00,0x40,0x00,0xd0,0x55,0xf5,0xff,0xff,0xff,0xff,0x00,0x00,
        0x00,0x00,0x00,0x00,0x00,0x00,0x01,0x40,0x57,0xd5,0xff,0xff,0xff,0xff,0x00,0x00,
        0x00,0x00,0x01,0x00,0x01,0x00,0x07,0x00,0x5f,0x55,0xff,0xff,0xff,0xff,0x00,0x00,
        0x00,0x00,0x17,0x00,0x17,0x00,0x5f,0x00,0xff,0x55,0xff,0xff,0xff,0xff,0x00,0x00,
        0x00,0x00,0x7f,0x00,0x7f,0x00,0xff,0x01,0xff,0x57,0xff,0xff,0xff,0xff,0x00,0x00,
        0x00,0x00,0x00,0xfd,0x00,0xfd,0x40,0xff,0xd0,0xff,0xd5,0xff,0xff,0xff,0x00,0x00,
        0x00,0x00,0x00,0xf4,0x00,0xf4,0x00,0xfd,0x40,0xff,0xd5,0xff,0xff,0xff,0x00,0x00,
        0x00,0x00,0x00,0xd0,0x00,0xd0,0x00,0xf4,0x00,0xfd,0x55,0xff,0xff,0xff,0x00,0x00,
        0x00,0x00,0x00,0x40,0x00,0x40,0x00,0xd0,0x01,0xf4,0x57,0xfd,0xff,0xff,0x00,0x00,
        0x00,0x00,0x00,0x00,0x00,0x00,0x01,0x40,0x07,0x50,0x5f,0xf5,0xff,0xff,0x00,0x00,
        0x00,0x00,0x01,0x00,0x01,0x00,0x07,0x00,0x5f,0x40,0x7f,0x55,0xff,0xff,0x00,0x00,
        0x00,0x00,0x17,0x00,0x17,0x00,0x5f,0x00,0x7f,0x01,0xff,0x57,0xff,0xff,0x00,0x00,
        0x00,0x00,0x7f,0x00,0x7f,0x00,0xff,0x01,0xff,0x07,0xff,0x5f,0xff,0xff,0x00,0x00,
        0x00,0x00,0x00,0xfd,0x40,0xfd,0x50,0xff,0xd0,0xff,0xd0,0xff,0xf5,0xff,0x00,0x00,
        0x00,0x00,0x00,0xf4,0x00,0xf5,0x40,0xfd,0x40,0xff,0xc0,0xff,0xd5,0xff,0x00,0x00,
        0x00,0x00,0x00,0xd0,0x00,0xd4,0x00,0xf5,0x00,0xfd,0x41,0xff,0x57,0xff,0x00,0x00,
        0x00,0x00,0x00,0x40,0x00,0x50,0x00,0xd4,0x01,0xf4,0x07,0xfd,0x5f,0xff,0x00,0x00,
        0x00,0x00,0x00,0x00,0x00,0x00,0x01,0x50,0x07,0x50,0x1f,0xf4,0x7f,0xff,0x00,0x00,
        0x00,0x00,0x01,0x00,0x01,0x00,0x07,0x00,0x1f,0x00,0x7f,0x51,0xff,0xff,0x00,0x00,
        0x00,0x00,0x17,0x00,0x57,0x00,0x5f,0x01,0x7f,0x01,0xff,0x07,0xff,0x7f,0x00,0x00,
        0x00,0x00,0x7f,0x00,0x7f,0x01,0xff,0x05,0xff,0x07,0xff,0x1f,0xff,0x7f,0x00,0x00,
        0x00,0x00,0x50,0xfd,0x50,0xff,0xd0,0xff,0xd0,0xff,0xd0,0xff,0xf4,0xff,0x00,0x00,
        0x00,0x00,0x40,0xf5,0x40,0xfd,0x40,0xff,0xc0,0xff,0xc0,0xff,0xd1,0xff,0x00,0x00,
        0x00,0x00,0x40,0xd5,0x40,0xf5,0x40,0xfd,0x40,0xff,0x01,0xff,0x47,0xff,0x00,0x00,
        0x00,0x00,0x00,0x55,0x00,0x55,0x00,0xf5,0x01,0xfd,0x07,0xfc,0x1f,0xff,0x00,0x00,
        0x00,0x00,0x00,0x00,0x00,0x00,0x00,0x00,0x00,0x00,0x00,0x00,0x00,0x00,0x00,0x00,
        0x00,0x00,0x00,0x00,0x00,0x00,0x00,0x00,0x00,0x00,0x00,0x00,0x00,0x00,0x00,0x00,
        0x00,0x00,0x00,0x00,0x00,0x00,0x00,0x00,0x00,0x00,0x00,0x00,0x00,0x00,0x00,0x00,
        0x00,0x00,0x7f,0x15,0xff,0x15,0xff,0x17,0xff,0x1f,0xff,0x0f,0xff,0x3f,0x00,0x00,
        0x00,0x00,0xd0,0xff,0xd0,0xff,0xd0,0xff,0xd0,0xff,0xd0,0xff,0xf0,0xff,0x00,0x00,
        0x00,0x00,0xc0,0xff,0xc0,0xff,0xc0,0xff,0xc0,0xff,0xc0,0xff,0xc0,0xff,0x00,0x00,
        0x00,0x00,0x40,0xff,0x40,0xff,0x40,0xff,0x40,0xff,0x41,0xff,0x03,0xff,0x00,0x00,
        0x00,0x00,0x00,0xff,0x00,0xff,0x00,0xff,0x01,0xff,0x07,0xff,0x0f,0xfe,0x00,0x00,
        0x00,0x00,0x00,0x00,0x00,0x00,0x00,0x00,0x00,0x00,0x00,0x00,0x00,0x00,0x00,0x00,
        0x00,0x00,0x00,0x00,0x00,0x00,0x00,0x00,0x00,0x00,0x00,0x00,0x00,0x00,0x00,0x00,
        0x00,0x00,0x00,0x00,0x00,0x00,0x00,0x00,0x00,0x00,0x00,0x00,0x00,0x00,0x00,0x00,
        0x00,0x00,0xff,0x3f,0xff,0x3f,0xff,0x3f,0xff,0x3f,0xff,0x1f,0xff,0x2f,0x00,0x00,
        0x00,0x00,0xf5,0xff,0xff,0xff,0xff,0xff,0xff,0xff,0xff,0xff,0xff,0xff,0x00,0x00,
        0x00,0x00,0xd5,0xff,0xff,0xff,0xff,0xff,0xff,0xff,0xff,0xff,0xff,0xff,0x00,0x00,
        0x00,0x00,0x57,0xff,0xff,0xff,0xff,0xff,0xff,0xff,0xff,0xff,0xff,0xff,0x00,0x00,
        0x00,0x00,0x5f,0xfd,0xff,0xff,0xff,0xff,0xff,0xff,0xff,0xff,0xff,0xff,0x00,0x00,
        0x00,0x00,0x7f,0xf5,0xff,0xff,0xff,0xff,0xff,0xff,0xff,0xff,0xff,0xff,0x00,0x00,
        0x00,0x00,0xff,0xd5,0xff,0xff,0xff,0xff,0xff,0xff,0xff,0xff,0xff,0xff,0x00,0x00,
        0x00,0x00,0xff,0x57,0xff,0xff,0xff,0xff,0xff,0xff,0xff,0xff,0xff,0xff,0x00,0x00,
        0x00,0x00,0xff,0x5f,0xff,0xff,0xff,0xff,0xff,0xff,0xff,0xff,0xff,0xff,0x00,0x00,
        0x00,0x00,0x54,0xfd,0x55,0xfd,0xff,0xff,0xff,0xff,0xff,0xff,0xff,0xff,0x00,0x00,
        0x00,0x00,0x51,0xf5,0x55,0xf5,0xff,0xff,0xff,0xff,0xff,0xff,0xff,0xff,0x00,0x00,
        0x00,0x00,0x45,0xd5,0x55,0xd5,0xff,0xff,0xff,0xff,0xff,0xff,0xff,0xff,0x00,0x00,
        0x00,0x00,0x15,0x55,0x55,0x55,0xff,0xff,0xff,0xff,0xff,0xff,0xff,0xff,0x00,0x00,
        0x00,0x00,0x55,0x54,0x55,0x55,0xff,0xff,0xff,0xff,0xff,0xff,0xff,0xff,0x00,0x00,
        0x00,0x00,0x55,0x51,0x55,0x55,0xff,0xff,0xff,0xff,0xff,0xff,0xff,0xff,0x00,0x00,
        0x00,0x00,0x57,0x45,0x57,0x55,0xff,0xff,0xff,0xff,0xff,0xff,0xff,0xff,0x00,0x00,
        0x00,0x00,0x5f,0x15,0x5f,0x55,0xff,0xff,0xff,0xff,0xff,0xff,0xff,0xff,0x00,0x00,
        0x00,0x00,0x00,0xfd,0x00,0xfd,0x55,0xff,0xff,0xff,0xff,0xff,0xff,0xff,0x00,0x00,
        0x00,0x00,0x00,0xf4,0x00,0xf4,0x55,0xfd,0xff,0xff,0xff,0xff,0xff,0xff,0x00,0x00,
        0x00,0x00,0x00,0xd0,0x00,0xd0,0x55,0xf5,0xff,0xff,0xff,0xff,0xff,0xff,0x00,0x00,
        0x00,0x00,0x00,0x40,0x00,0x40,0x55,0xd5,0xff,0xff,0xff,0xff,0xff,0xff,0x00,0x00,
        0x00,0x00,0x00,0x00,0x00,0x00,0x55,0x55,0xff,0xff,0xff,0xff,0xff,0xff,0x00,0x00,
        0x00,0x00,0x01,0x00,0x01,0x00,0x57,0x55,0xff,0xff,0xff,0xff,0xff,0xff,0x00,0x00,
        0x00,0x00,0x07,0x00,0x07,0x00,0x5f,0x55,0xff,0xff,0xff,0xff,0xff,0xff,0x00,0x00,
        0x00,0x00,0x5f,0x00,0x5f,0x00,0x7f,0x55,0xff,0xff,0xff,0xff,0xff,0xff,0x00,0x00,
        0x00,0x00,0x00,0xfd,0x00,0xfd,0x40,0xff,0xd5,0xff,0xff,0xff,0xff,0xff,0x00,0x00,
        0x00,0x00,0x00,0xf4,0x00,0xf4,0x00,0xfd,0x55,0xff,0xff,0xff,0xff,0xff,0x00,0x00,
        0x00,0x00,0x00,0xd0,0x00,0xd0,0x00,0xf4,0x55,0xfd,0xff,0xff,0xff,0xff,0x00,0x00,
        0x00,0x00,0x00,0x40,0x00,0x40,0x00,0xd0,0x55,0xf5,0xff,0xff,0xff,0xff,0x00,0x00,
        0x00,0x00,0x00,0x00,0x00,0x00,0x01,0x40,0x57,0xd5,0xff,0xff,0xff,0xff,0x00,0x00,
        0x00,0x00,0x01,0x00,0x01,0x00,0x07,0x00,0x5f,0x55,0xff,0xff,0xff,0xff,0x00,0x00,
        0x00,0x00,0x07,0x00,0x07,0x00,0x1f,0x00,0x7f,0x55,0xff,0xff,0xff,0xff,0x00,0x00,
        0x00,0x00,0x5f,0x00,0x5f,0x00,0x7f,0x01,0xff,0x57,0xff,0xff,0xff,0xff,0x00,0x00,
        0x00,0x00,0x00,0xfd,0x00,0xfd,0x40,0xff,0xc0,0xff,0xd5,0xff,0xff,0xff,0x00,0x00,
        0x00,0x00,0x00,0xf4,0x00,0xf4,0x00,0xfd,0x40,0xff,0x55,0xff,0xff,0xff,0x00,0x00,
        0x00,0x00,0x00,0xd0,0x00,0xd0,0x00,0xf4,0x00,0xfd,0x55,0xff,0xff,0xff,0x00,0x00,
        0x00,0x00,0x00,0x40,0x00,0x40,0x00,0xd0,0x01,0xf4,0x57,0xfd,0xff,0xff,0x00,0x00,
        0x00,0x00,0x00,0x00,0x00,0x00,0x01,0x40,0x07,0xd0,0x5f,0xf5,0xff,0xff,0x00,0x00,
        0x00,0x00,0x01,0x00,0x01,0x00,0x07,0x00,0x1f,0x40,0x7f,0xd5,0xff,0xff,0x00,0x00,
        0x00,0x00,0x07,0x00,0x07,0x00,0x1f,0x00,0x7f,0x01,0xff,0x55,0xff,0xff,0x00,0x00,
        0x00,0x00,0x5f,0x00,0x5f,0x00,0x7f,0x01,0xff,0x05,0xff,0x5f,0xff,0xff,0x00,0x00,
        0x00,0x00,0x00,0xfd,0x40,0xfd,0x40,0xff,0xc0,0xff,0xd0,0xff,0xf5,0xff,0x00,0x00,
        0x00,0x00,0x00,0xf4,0x00,0xf5,0x40,0xfd,0x40,0xff,0x40,0xff,0xd5,0xff,0x00,0x00,
        0x00,0x00,0x00,0xd0,0x00,0xd4,0x00,0xf5,0x00,0xfd,0x01,0xff,0x57,0xff,0x00,0x00,
        0x00,0x00,0x00,0x40,0x00,0x50,0x00,0xd4,0x01,0xf4,0x07,0xfd,0x5f,0xfd,0x00,0x00,
        0x00,0x00,0x00,0x00,0x00,0x00,0x01,0x50,0x07,0xd0,0x1f,0xf4,0x7f,0xfd,0x00,0x00,
        0x00,0x00,0x01,0x00,0x01,0x00,0x07,0x00,0x1f,0x40,0x7f,0xd0,0xff,0xfd,0x00,0x00,
        0x00,0x00,0x07,0x00,0x07,0x00,0x1f,0x00,0x7f,0x00,0xff,0x45,0xff,0xff,0x00,0x00,
        0x00,0x00,0x5f,0x00,0x5f,0x01,0x7f,0x05,0xff,0x05,0xff,0x1f,0xff,0xff,0x00,0x00,
        0x00,0x00,0x40,0xfd,0x40,0xff,0xc0,0xff,0xc0,0xff,0xd0,0xff,0xf4,0xff,0x00,0x00,
        0x00,0x00,0x40,0xf5,0x40,0xfd,0x40,0xff,0x40,0xff,0x40,0xff,0xd1,0xff,0x00,0x00,
        0x00,0x00,0x00,0xd5,0x00,0xf5,0x00,0xfd,0x00,0xff,0x01,0xff,0x47,0xff,0x00,0x00,
        0x00,0x00,0x00,0x55,0x00,0x55,0x00,0xf5,0x01,0xfd,0x07,0xfc,0x1f,0xfd,0x00,0x00,
        0x00,0x00,0x00,0x54,0x00,0x54,0x01,0x54,0x07,0xf4,0x1f,0xf0,0x7f,0xfc,0x00,0x00,
        0x00,0x00,0x00,0x00,0x00,0x00,0x00,0x00,0x00,0x00,0x00,0x00,0x00,0x00,0x00,0x00,
        0x00,0x00,0x00,0x00,0x00,0x00,0x00,0x00,0x00,0x00,0x00,0x00,0x00,0x00,0x00,0x00,
        0x00,0x00,0x00,0x00,0x00,0x00,0x00,0x00,0x00,0x00,0x00,0x00,0x00,0x00,0x00,0x00,
        0x00,0x00,0xc0,0xff,0xc0,0xff,0xc0,0xff,0xc0,0xff,0xd0,0xff,0xf0,0xff,0x00,0x00,
        0x00,0x00,0x40,0xff,0x40,0xff,0x40,0xff,0x40,0xff,0x40,0xff,0xc0,0xff,0x00,0x00,
        0x00,0x00,0x00,0xff,0x00,0xff,0x00,0xff,0x00,0xff,0x01,0xff,0x03,0xff,0x00,0x00,
        0x00,0x00,0x00,0xfd,0x00,0xfd,0x00,0xfd,0x01,0xfd,0x07,0xfd,0x0f,0xfc,0x00,0x00,
        0x00,0x00,0x00,0xfc,0x00,0xfc,0x01,0xfc,0x07,0xfc,0x1f,0xfc,0x3f,0xf8,0x00,0x00,
        0x00,0x00,0x00,0x00,0x00,0x00,0x00,0x00,0x00,0x00,0x00,0x00,0x00,0x00,0x00,0x00,
        0x00,0x00,0x00,0x00,0x00,0x00,0x00,0x00,0x00,0x00,0x00,0x00,0x00,0x00,0x00,0x00,
        0x00,0x00,0x00,0x00,0x00,0x00,0x00,0x00,0x00,0x00,0x00,0x00,0x00,0x00,0x00,0x00,
        0x00,0x00,0xf5,0xff,0xff,0xff,0xff,0xff,0xff,0xff,0xff,0xff,0xff,0xff,0x00,0x00,
        0x00,0x00,0xd5,0xff,0xff,0xff,0xff,0xff,0xff,0xff,0xff,0xff,0xff,0xff,0x00,0x00,
        0x00,0x00,0x57,0xff,0xff,0xff,0xff,0xff,0xff,0xff,0xff,0xff,0xff,0xff,0x00,0x00,
        0x00,0x00,0x5f,0xfd,0xff,0xff,0xff,0xff,0xff,0xff,0xff,0xff,0xff,0xff,0x00,0x00,
        0x00,0x00,0x7f,0xf5,0xff,0xff,0xff,0xff,0xff,0xff,0xff,0xff,0xff,0xff,0x00,0x00,
        0x00,0x00,0xff,0xd5,0xff,0xff,0xff,0xff,0xff,0xff,0xff,0xff,0xff,0xff,0x00,0x00,
        0x00,0x00,0xff,0x57,0xff,0xff,0xff,0xff,0xff,0xff,0xff,0xff,0xff,0xff,0x00,0x00,
        0x00,0x00,0xff,0x5f,0xff,0xff,0xff,0xff,0xff,0xff,0xff,0xff,0xff,0xff,0x00,0x00,
        0x00,0x00,0x54,0xfd,0x55,0xfd,0xff,0xff,0xff,0xff,0xff,0xff,0xff,0xff,0x00,0x00,
        0x00,0x00,0x51,0xf5,0x55,0xf5,0xff,0xff,0xff,0xff,0xff,0xff,0xff,0xff,0x00,0x00,
        0x00,0x00,0x45,0xd5,0x55,0xd5,0xff,0xff,0xff,0xff,0xff,0xff,0xff,0xff,0x00,0x00,
        0x00,0x00,0x15,0x55,0x55,0x55,0xff,0xff,0xff,0xff,0xff,0xff,0xff,0xff,0x00,0x00,
        0x00,0x00,0x55,0x54,0x55,0x55,0xff,0xff,0xff,0xff,0xff,0xff,0xff,0xff,0x00,0x00,
        0x00,0x00,0x55,0x51,0x55,0x55,0xff,0xff,0xff,0xff,0xff,0xff,0xff,0xff,0x00,0x00,
        0x00,0x00,0x57,0x45,0x57,0x55,0xff,0xff,0xff,0xff,0xff,0xff,0xff,0xff,0x00,0x00,
        0x00,0x00,0x5f,0x15,0x5f,0x55,0xff,0xff,0xff,0xff,0xff,0xff,0xff,0xff,0x00,0x00,
        0x00,0x00,0x00,0xfd,0x00,0xfd,0x55,0xff,0xff,0xff,0xff,0xff,0xff,0xff,0x00,0x00,
        0x00,0x00,0x00,0xf4,0x00,0xf4,0x55,0xfd,0xff,0xff,0xff,0xff,0xff,0xff,0x00,0x00,
        0x00,0x00,0x00,0xd0,0x00,0xd0,0x55,0xf5,0xff,0xff,0xff,0xff,0xff,0xff,0x00,0x00,
        0x00,0x00,0x00,0x40,0x00,0x40,0x55,0xd5,0xff,0xff,0xff,0xff,0xff,0xff,0x00,0x00,
        0x00,0x00,0x00,0x00,0x00,0x00,0x55,0x55,0xff,0xff,0xff,0xff,0xff,0xff,0x00,0x00,
        0x00,0x00,0x01,0x00,0x01,0x00,0x57,0x55,0xff,0xff,0xff,0xff,0xff,0xff,0x00,0x00,
        0x00,0x00,0x07,0x00,0x07,0x00,0x5f,0x55,0xff,0xff,0xff,0xff,0xff,0xff,0x00,0x00,
        0x00,0x00,0x1f,0x00,0x1f,0x00,0x7f,0x55,0xff,0xff,0xff,0xff,0xff,0xff,0x00,0x00,
        0x00,0x00,0x00,0xfd,0x00,0xfd,0x40,0xff,0x55,0xff,0xff,0xff,0xff,0xff,0x00,0x00,
        0x00,0x00,0x00,0xf4,0x00,0xf4,0x00,0xfd,0x55,0xff,0xff,0xff,0xff,0xff,0x00,0x00,
        0x00,0x00,0x00,0xd0,0x00,0xd0,0x00,0xf4,0x55,0xfd,0xff,0xff,0xff,0xff,0x00,0x00,
        0x00,0x00,0x00,0x40,0x00,0x40,0x00,0xd0,0x55,0xf5,0xff,0xff,0xff,0xff,0x00,0x00,
        0x00,0x00,0x00,0x00,0x00,0x00,0x01,0x40,0x57,0xd5,0xff,0xff,0xff,0xff,0x00,0x00,
        0x00,0x00,0x01,0x00,0x01,0x00,0x07,0x00,0x5f,0x55,0xff,0xff,0xff,0xff,0x00,0x00,
        0x00,0x00,0x07,0x00,0x07,0x00,0x1f,0x00,0x7f,0x55,0xff,0xff,0xff,0xff,0x00,0x00,
        0x00,0x00,0x1f,0x00,0x1f,0x00,0x7f,0x00,0xff,0x55,0xff,0xff,0xff,0xff,0x00,0x00,
        0x00,0x00,0x00,0xfd,0x00,0xfd,0x40,0xff,0x40,0xff,0xd5,0xff,0xff,0xff,0x00,0x00,
        0x00,0x00,0x00,0xf4,0x00,0xf4,0x00,0xfd,0x00,0xff,0x55,0xff,0xff,0xff,0x00,0x00,
        0x00,0x00,0x00,0xd0,0x00,0xd0,0x00,0xf4,0x00,0xfd,0x55,0xfd,0xff,0xff,0x00,0x00,
        0x00,0x00,0x00,0x40,0x00,0x40,0x00,0xd0,0x01,0xf4,0x57,0xfd,0xff,0xff,0x00,0x00,
        0x00,0x00,0x00,0x00,0x00,0x00,0x01,0x40,0x07,0x50,0x5f,0xf5,0xff,0xff,0x00,0x00,
        0x00,0x00,0x01,0x00,0x01,0x00,0x07,0x00,0x1f,0x40,0x7f,0x55,0xff,0xff,0x00,0x00,
        0x00,0x00,0x07,0x00,0x07,0x00,0x1f,0x00,0x7f,0x00,0xff,0x55,0xff,0xff,0x00,0x00,
        0x00,0x00,0x1f,0x00,0x1f,0x00,0x7f,0x00,0xff,0x05,0xff,0x57,0xff,0xff,0x00,0x00,
        0x00,0x00,0x00,0xfd,0x40,0xfd,0x40,0xff,0x40,0xff,0xd0,0xff,0xf5,0xff,0x00,0x00,
        0x00,0x00,0x00,0xf4,0x00,0xf5,0x00,0xfd,0x00,0xff,0x40,0xff,0xd5,0xff,0x00,0x00,
        0x00,0x00,0x00,0xd0,0x00,0xd4,0x00,0xf5,0x00,0xfd,0x01,0xfd,0x57,0xff,0x00,0x00,
        0x00,0x00,0x00,0x40,0x00,0x50,0x00,0xd4,0x01,0xf4,0x07,0xfc,0x5f,0xfd,0x00,0x00,
        0x00,0x00,0x00,0x00,0x00,0x00,0x01,0x50,0x07,0x50,0x1f,0x74,0x7f,0x75,0x00,0x00,
        0x00,0x00,0x01,0x00,0x01,0x00,0x07,0x00,0x1f,0x00,0x7f,0x50,0xff,0x75,0x00,0x00,
        0x00,0x00,0x07,0x00,0x07,0x00,0x1f,0x00,0x7f,0x00,0xff,0x01,0xff,0x77,0x00,0x00,
        0x00,0x00,0x1f,0x00,0x1f,0x00,0x7f,0x00,0xff,0x01,0xff,0x17,0xff,0xff,0x00,0x00,
        0x00,0x00,0x40,0xfd,0x40,0xff,0x40,0xff,0x40,0xff,0xd0,0xff,0xf4,0xff,0x00,0x00,
        0x00,0x00,0x00,0xf5,0x00,0xfd,0x00,0xff,0x00,0xff,0x40,0xff,0xd1,0xff,0x00,0x00,
        0x00,0x00,0x00,0xd5,0x00,0xf5,0x00,0xfd,0x00,0xfd,0x01,0xfd,0x47,0xff,0x00,0x00,
        0x00,0x00,0x00,0x54,0x00,0x54,0x00,0xf4,0x01,0xfc,0x07,0xfc,0x1f,0xfd,0x00,0x00,
        0x00,0x00,0x00,0x54,0x00,0x54,0x01,0x54,0x07,0x74,0x1f,0x70,0x7f,0x74,0x00,0x00,
        0x00,0x00,0x01,0x10,0x01,0x10,0x07,0x10,0x1f,0x10,0x7f,0x00,0xff,0x31,0x00,0x00,
        0x00,0x00,0x00,0x00,0x00,0x00,0x00,0x00,0x00,0x00,0x00,0x00,0x00,0x00,0x00,0x00,
        0x00,0x00,0x00,0x00,0x00,0x00,0x00,0x00,0x00,0x00,0x00,0x00,0x00,0x00,0x00,0x00,
        0x00,0x00,0x40,0xff,0x40,0xff,0x40,0xff,0x40,0xff,0xd0,0xff,0xf0,0xff,0x00,0x00,
        0x00,0x00,0x00,0xff,0x00,0xff,0x00,0xff,0x00,0xff,0x40,0xff,0xc0,0xff,0x00,0x00,
        0x00,0x00,0x00,0xfd,0x00,0xfd,0x00,0xfd,0x00,0xfd,0x01,0xfd,0x03,0xff,0x00,0x00,
        0x00,0x00,0x00,0xfc,0x00,0xfc,0x00,0xfc,0x01,0xfc,0x07,0xfc,0x0f,0xfc,0x00,0x00,
        0x00,0x00,0x00,0x74,0x00,0x74,0x01,0x74,0x07,0x74,0x1f,0x74,0x3f,0x70,0x00,0x00,
        0x00,0x00,0x01,0x30,0x01,0x30,0x07,0x30,0x1f,0x30,0x7f,0x30,0xff,0x20,0x00,0x00,
        0x00,0x00,0x00,0x00,0x00,0x00,0x00,0x00,0x00,0x00,0x00,0x00,0x00,0x00,0x00,0x00,
        0x00,0x00,0x00,0x00,0x00,0x00,0x00,0x00,0x00,0x00,0x00,0x00,0x00,0x00,0x00,0x00,
    };
    size_t idx = ((size_t(wk)*64+bk)*64+pawn)*2 + (stm_white?0:1);
    return (T[idx>>3] >> (idx&7)) & 1;
}
